source,variant,units,accuracy,macro_f1,best_pooled_static_method,best_pooled_static_accuracy,delta_vs_best_pooled_static,delta_vs_dataset_best,dataset_best_ci,fallback_rate,median_validation_gap,selector_counts
repeat5_0.25,all6|herding_first|lcb=0.25|fb=kmeans|gap=0,80,0.7228705263778477,0.7183336314954605,herding,0.7059333595529326,0.016937166824915084,0.0002963672322928889,"[-0.23,+0.30]",0.4125,0.004106554529003492,"{""boundary"": 4, ""herding"": 11, ""kcenter"": 0, ""kmeans"": 48, ""marc"": 5, ""random"": 12}"
repeat5_0.25,all6|marc_first|lcb=0.25|fb=kmeans|gap=0,80,0.7228705263778477,0.7183336314954605,herding,0.7059333595529326,0.016937166824915084,0.0002963672322928889,"[-0.23,+0.30]",0.4125,0.004106554529003492,"{""boundary"": 4, ""herding"": 11, ""kcenter"": 0, ""kmeans"": 48, ""marc"": 5, ""random"": 12}"
repeat5_0.25,all6|default|lcb=0.25|fb=kmeans|gap=0,80,0.7228705263778477,0.7183336314954605,herding,0.7059333595529326,0.016937166824915084,0.0002963672322928889,"[-0.23,+0.30]",0.4125,0.004106554529003492,"{""boundary"": 4, ""herding"": 11, ""kcenter"": 0, ""kmeans"": 48, ""marc"": 5, ""random"": 12}"
repeat5_0.25,all6|kmeans_first|lcb=0.25|fb=kmeans|gap=0,80,0.7228705263778477,0.7183336314954605,herding,0.7059333595529326,0.016937166824915084,0.0002963672322928889,"[-0.23,+0.30]",0.4125,0.004106554529003492,"{""boundary"": 4, ""herding"": 11, ""kcenter"": 0, ""kmeans"": 48, ""marc"": 5, ""random"": 12}"
repeat5_0.25,all6|herding_first|lcb=0.25|fb=none|gap=0,80,0.7220371930445144,0.7175894919165046,herding,0.7059333595529326,0.016103833491581843,-0.0005369661010404442,"[-0.27,+0.14]",0.0,0.004106554529003492,"{""boundary"": 4, ""herding"": 44, ""kcenter"": 0, ""kmeans"": 15, ""marc"": 5, ""random"": 12}"
repeat5_0.25,all6|default|lcb=0.25|fb=none|gap=0,80,0.7220371930445144,0.7175894919165046,herding,0.7059333595529326,0.016103833491581843,-0.0005369661010404442,"[-0.27,+0.14]",0.0,0.004106554529003492,"{""boundary"": 4, ""herding"": 44, ""kcenter"": 0, ""kmeans"": 15, ""marc"": 5, ""random"": 12}"
repeat5_0.25,all6|kmeans_first|lcb=0.25|fb=herding|gap=0,80,0.7220371930445144,0.7175894919165046,herding,0.7059333595529326,0.016103833491581843,-0.0005369661010404442,"[-0.27,+0.14]",0.4125,0.004106554529003492,"{""boundary"": 4, ""herding"": 44, ""kcenter"": 0, ""kmeans"": 15, ""marc"": 5, ""random"": 12}"
repeat5_0.25,all6|marc_first|lcb=0.25|fb=none|gap=0,80,0.7220371930445144,0.7175894919165046,herding,0.7059333595529326,0.016103833491581843,-0.0005369661010404442,"[-0.27,+0.14]",0.0,0.004106554529003492,"{""boundary"": 4, ""herding"": 12, ""kcenter"": 0, ""kmeans"": 15, ""marc"": 37, ""random"": 12}"
repeat5_0.25,all6|kmeans_first|lcb=0.25|fb=none|gap=0,80,0.7220371930445144,0.7175894919165046,herding,0.7059333595529326,0.016103833491581843,-0.0005369661010404442,"[-0.27,+0.14]",0.0,0.004106554529003492,"{""boundary"": 4, ""herding"": 12, ""kcenter"": 0, ""kmeans"": 47, ""marc"": 5, ""random"": 12}"
repeat5_0.25,all6|default|lcb=0.25|fb=herding|gap=0,80,0.7220371930445144,0.7175894919165046,herding,0.7059333595529326,0.016103833491581843,-0.0005369661010404442,"[-0.27,+0.14]",0.4125,0.004106554529003492,"{""boundary"": 4, ""herding"": 44, ""kcenter"": 0, ""kmeans"": 15, ""marc"": 5, ""random"": 12}"
repeat5_0.25,all6|marc_first|lcb=0.25|fb=herding|gap=0,80,0.7220371930445144,0.7175894919165046,herding,0.7059333595529326,0.016103833491581843,-0.0005369661010404442,"[-0.27,+0.14]",0.4125,0.004106554529003492,"{""boundary"": 4, ""herding"": 44, ""kcenter"": 0, ""kmeans"": 15, ""marc"": 5, ""random"": 12}"
repeat5_0.25,all6|herding_first|lcb=0.25|fb=herding|gap=0,80,0.7220371930445144,0.7175894919165046,herding,0.7059333595529326,0.016103833491581843,-0.0005369661010404442,"[-0.27,+0.14]",0.4125,0.004106554529003492,"{""boundary"": 4, ""herding"": 44, ""kcenter"": 0, ""kmeans"": 15, ""marc"": 5, ""random"": 12}"
repeat5_0.25,all6|herding_first|lcb=0.25|fb=kmeans|gap=0.005,80,0.7220312298526255,0.7171677607096203,herding,0.7059333595529326,0.016097870299692896,-0.0005429292929292952,"[-0.34,+0.24]",0.525,0.004106554529003492,"{""boundary"": 4, ""herding"": 9, ""kcenter"": 0, ""kmeans"": 54, ""marc"": 2, ""random"": 11}"
repeat5_0.25,all6|default|lcb=0.25|fb=kmeans|gap=0.005,80,0.7220312298526255,0.7171677607096203,herding,0.7059333595529326,0.016097870299692896,-0.0005429292929292952,"[-0.34,+0.24]",0.525,0.004106554529003492,"{""boundary"": 4, ""herding"": 9, ""kcenter"": 0, ""kmeans"": 54, ""marc"": 2, ""random"": 11}"
repeat5_0.25,all6|marc_first|lcb=0.25|fb=kmeans|gap=0.005,80,0.7220312298526255,0.7171677607096203,herding,0.7059333595529326,0.016097870299692896,-0.0005429292929292952,"[-0.34,+0.24]",0.525,0.004106554529003492,"{""boundary"": 4, ""herding"": 9, ""kcenter"": 0, ""kmeans"": 54, ""marc"": 2, ""random"": 11}"
repeat5_0.25,all6|kmeans_first|lcb=0.25|fb=kmeans|gap=0.005,80,0.7220312298526255,0.7171677607096203,herding,0.7059333595529326,0.016097870299692896,-0.0005429292929292952,"[-0.34,+0.24]",0.525,0.004106554529003492,"{""boundary"": 4, ""herding"": 9, ""kcenter"": 0, ""kmeans"": 54, ""marc"": 2, ""random"": 11}"
repeat5_0.25,no_boundary|marc_first|lcb=0.25|fb=kmeans|gap=0,80,0.7217828008737798,0.7159699946463108,herding,0.7059333595529326,0.015849441320847202,-0.0007913582717750273,"[-0.32,+0.17]",0.4125,0.004106554529003492,"{""boundary"": 0, ""herding"": 11, ""kcenter"": 0, ""kmeans"": 48, ""marc"": 6, ""random"": 15}"
repeat5_0.25,no_boundary|herding_first|lcb=0.25|fb=kmeans|gap=0,80,0.7217828008737798,0.7159699946463108,herding,0.7059333595529326,0.015849441320847202,-0.0007913582717750273,"[-0.32,+0.17]",0.4125,0.004106554529003492,"{""boundary"": 0, ""herding"": 11, ""kcenter"": 0, ""kmeans"": 48, ""marc"": 6, ""random"": 15}"
repeat5_0.25,no_boundary|kmeans_first|lcb=0.25|fb=kmeans|gap=0,80,0.7217828008737798,0.7159699946463108,herding,0.7059333595529326,0.015849441320847202,-0.0007913582717750273,"[-0.32,+0.17]",0.4125,0.004106554529003492,"{""boundary"": 0, ""herding"": 11, ""kcenter"": 0, ""kmeans"": 48, ""marc"": 6, ""random"": 15}"
repeat5_0.25,no_boundary|default|lcb=0.25|fb=kmeans|gap=0,80,0.7217828008737798,0.7159699946463108,herding,0.7059333595529326,0.015849441320847202,-0.0007913582717750273,"[-0.32,+0.17]",0.4125,0.004106554529003492,"{""boundary"": 0, ""herding"": 11, ""kcenter"": 0, ""kmeans"": 48, ""marc"": 6, ""random"": 15}"
repeat5_0.25,no_boundary|default|lcb=0.5|fb=kmeans|gap=0,80,0.7217669626671521,0.7159690355704542,herding,0.7059333595529326,0.015833603114219552,-0.0008071964784027062,"[-0.32,+0.17]",0.4125,0.004438194082210467,"{""boundary"": 0, ""herding"": 11, ""kcenter"": 0, ""kmeans"": 50, ""marc"": 3, ""random"": 16}"
repeat5_0.25,no_boundary|herding_first|lcb=0.5|fb=kmeans|gap=0,80,0.7217669626671521,0.7159690355704542,herding,0.7059333595529326,0.015833603114219552,-0.0008071964784027062,"[-0.32,+0.17]",0.4125,0.004438194082210467,"{""boundary"": 0, ""herding"": 11, ""kcenter"": 0, ""kmeans"": 50, ""marc"": 3, ""random"": 16}"
repeat5_0.25,no_boundary|marc_first|lcb=0.5|fb=kmeans|gap=0,80,0.7217669626671521,0.7159690355704542,herding,0.7059333595529326,0.015833603114219552,-0.0008071964784027062,"[-0.32,+0.17]",0.4125,0.004438194082210467,"{""boundary"": 0, ""herding"": 11, ""kcenter"": 0, ""kmeans"": 50, ""marc"": 3, ""random"": 16}"
repeat5_0.25,no_boundary|kmeans_first|lcb=0.5|fb=kmeans|gap=0,80,0.7217669626671521,0.7159690355704542,herding,0.7059333595529326,0.015833603114219552,-0.0008071964784027062,"[-0.32,+0.17]",0.4125,0.004438194082210467,"{""boundary"": 0, ""herding"": 11, ""kcenter"": 0, ""kmeans"": 50, ""marc"": 3, ""random"": 16}"
repeat5_0.25,all6|marc_first|lcb=0|fb=herding|gap=0,80,0.7214959341520881,0.7161967780960303,herding,0.7059333595529326,0.015562574599155554,-0.0010782249934666501,"[-0.38,+0.14]",0.4375,0.0019523809523809832,"{""boundary"": 2, ""herding"": 44, ""kcenter"": 0, ""kmeans"": 14, ""marc"": 4, ""random"": 16}"
repeat5_0.25,all6|herding_first|lcb=0|fb=herding|gap=0,80,0.7214959341520881,0.7161967780960303,herding,0.7059333595529326,0.015562574599155554,-0.0010782249934666501,"[-0.38,+0.14]",0.4375,0.0019523809523809832,"{""boundary"": 2, ""herding"": 44, ""kcenter"": 0, ""kmeans"": 14, ""marc"": 4, ""random"": 16}"
repeat5_0.25,all6|default|lcb=0|fb=herding|gap=0,80,0.7214959341520881,0.7161967780960303,herding,0.7059333595529326,0.015562574599155554,-0.0010782249934666501,"[-0.38,+0.14]",0.4375,0.0019523809523809832,"{""boundary"": 2, ""herding"": 44, ""kcenter"": 0, ""kmeans"": 14, ""marc"": 4, ""random"": 16}"
repeat5_0.25,all6|kmeans_first|lcb=0|fb=herding|gap=0,80,0.7214959341520881,0.7161967780960303,herding,0.7059333595529326,0.015562574599155554,-0.0010782249934666501,"[-0.38,+0.14]",0.4375,0.0019523809523809832,"{""boundary"": 2, ""herding"": 44, ""kcenter"": 0, ""kmeans"": 14, ""marc"": 4, ""random"": 16}"
repeat5_0.25,no_boundary|kmeans_first|lcb=0.25|fb=kmeans|gap=0.005,80,0.7213502960004854,0.7155266047870705,herding,0.7059333595529326,0.01541693644755282,-0.0012238631450693727,"[-0.38,+0.14]",0.525,0.004106554529003492,"{""boundary"": 0, ""herding"": 9, ""kcenter"": 0, ""kmeans"": 54, ""marc"": 2, ""random"": 15}"
repeat5_0.25,no_boundary|marc_first|lcb=0.5|fb=kmeans|gap=0.005,80,0.7213502960004854,0.7155266047870705,herding,0.7059333595529326,0.01541693644755282,-0.0012238631450693727,"[-0.38,+0.14]",0.5125,0.004438194082210467,"{""boundary"": 0, ""herding"": 9, ""kcenter"": 0, ""kmeans"": 54, ""marc"": 2, ""random"": 15}"
repeat5_0.25,no_boundary|marc_first|lcb=0.25|fb=kmeans|gap=0.005,80,0.7213502960004854,0.7155266047870705,herding,0.7059333595529326,0.01541693644755282,-0.0012238631450693727,"[-0.38,+0.14]",0.525,0.004106554529003492,"{""boundary"": 0, ""herding"": 9, ""kcenter"": 0, ""kmeans"": 54, ""marc"": 2, ""random"": 15}"
repeat5_0.25,no_boundary|kmeans_first|lcb=0.5|fb=kmeans|gap=0.005,80,0.7213502960004854,0.7155266047870705,herding,0.7059333595529326,0.01541693644755282,-0.0012238631450693727,"[-0.38,+0.14]",0.5125,0.004438194082210467,"{""boundary"": 0, ""herding"": 9, ""kcenter"": 0, ""kmeans"": 54, ""marc"": 2, ""random"": 15}"
repeat5_0.25,no_boundary|herding_first|lcb=0.5|fb=kmeans|gap=0.005,80,0.7213502960004854,0.7155266047870705,herding,0.7059333595529326,0.01541693644755282,-0.0012238631450693727,"[-0.38,+0.14]",0.5125,0.004438194082210467,"{""boundary"": 0, ""herding"": 9, ""kcenter"": 0, ""kmeans"": 54, ""marc"": 2, ""random"": 15}"
repeat5_0.25,no_boundary|default|lcb=0.5|fb=kmeans|gap=0.005,80,0.7213502960004854,0.7155266047870705,herding,0.7059333595529326,0.01541693644755282,-0.0012238631450693727,"[-0.38,+0.14]",0.5125,0.004438194082210467,"{""boundary"": 0, ""herding"": 9, ""kcenter"": 0, ""kmeans"": 54, ""marc"": 2, ""random"": 15}"
repeat5_0.25,no_boundary|herding_first|lcb=0.25|fb=kmeans|gap=0.005,80,0.7213502960004854,0.7155266047870705,herding,0.7059333595529326,0.01541693644755282,-0.0012238631450693727,"[-0.38,+0.14]",0.525,0.004106554529003492,"{""boundary"": 0, ""herding"": 9, ""kcenter"": 0, ""kmeans"": 54, ""marc"": 2, ""random"": 15}"
repeat5_0.25,no_boundary|default|lcb=0.25|fb=kmeans|gap=0.005,80,0.7213502960004854,0.7155266047870705,herding,0.7059333595529326,0.01541693644755282,-0.0012238631450693727,"[-0.38,+0.14]",0.525,0.004106554529003492,"{""boundary"": 0, ""herding"": 9, ""kcenter"": 0, ""kmeans"": 54, ""marc"": 2, ""random"": 15}"
repeat5_0.25,all6|marc_first|lcb=0|fb=none|gap=0,80,0.721310748966903,0.7160175581098251,herding,0.7059333595529326,0.015377389413970377,-0.0012634101786518355,"[-0.41,+0.14]",0.0,0.0019523809523809832,"{""boundary"": 2, ""herding"": 9, ""kcenter"": 0, ""kmeans"": 15, ""marc"": 38, ""random"": 16}"
repeat5_0.25,all6|kmeans_first|lcb=0|fb=none|gap=0,80,0.721310748966903,0.7160175581098251,herding,0.7059333595529326,0.015377389413970377,-0.0012634101786518355,"[-0.41,+0.14]",0.0,0.0019523809523809832,"{""boundary"": 2, ""herding"": 9, ""kcenter"": 0, ""kmeans"": 46, ""marc"": 7, ""random"": 16}"
repeat5_0.25,all6|default|lcb=0|fb=none|gap=0,80,0.721310748966903,0.7160175581098251,herding,0.7059333595529326,0.015377389413970377,-0.0012634101786518355,"[-0.41,+0.14]",0.0,0.0019523809523809832,"{""boundary"": 2, ""herding"": 40, ""kcenter"": 0, ""kmeans"": 15, ""marc"": 7, ""random"": 16}"
repeat5_0.25,all6|herding_first|lcb=0|fb=none|gap=0,80,0.721310748966903,0.7160175581098251,herding,0.7059333595529326,0.015377389413970377,-0.0012634101786518355,"[-0.41,+0.14]",0.0,0.0019523809523809832,"{""boundary"": 2, ""herding"": 40, ""kcenter"": 0, ""kmeans"": 15, ""marc"": 7, ""random"": 16}"
repeat5_0.25,no_boundary|herding_first|lcb=0.5|fb=kmeans|gap=0.01,80,0.7211882589634484,0.7153492116245688,herding,0.7059333595529326,0.015254899410515832,-0.0013859001821064096,"[-0.43,+0.14]",0.6125,0.004438194082210467,"{""boundary"": 0, ""herding"": 8, ""kcenter"": 0, ""kmeans"": 56, ""marc"": 1, ""random"": 15}"
repeat5_0.25,no_boundary|marc_first|lcb=0.5|fb=kmeans|gap=0.01,80,0.7211882589634484,0.7153492116245688,herding,0.7059333595529326,0.015254899410515832,-0.0013859001821064096,"[-0.43,+0.14]",0.6125,0.004438194082210467,"{""boundary"": 0, ""herding"": 8, ""kcenter"": 0, ""kmeans"": 56, ""marc"": 1, ""random"": 15}"
repeat5_0.25,no_boundary|kmeans_first|lcb=0.5|fb=kmeans|gap=0.01,80,0.7211882589634484,0.7153492116245688,herding,0.7059333595529326,0.015254899410515832,-0.0013859001821064096,"[-0.43,+0.14]",0.6125,0.004438194082210467,"{""boundary"": 0, ""herding"": 8, ""kcenter"": 0, ""kmeans"": 56, ""marc"": 1, ""random"": 15}"
repeat5_0.25,no_boundary|default|lcb=0.5|fb=kmeans|gap=0.01,80,0.7211882589634484,0.7153492116245688,herding,0.7059333595529326,0.015254899410515832,-0.0013859001821064096,"[-0.43,+0.14]",0.6125,0.004438194082210467,"{""boundary"": 0, ""herding"": 8, ""kcenter"": 0, ""kmeans"": 56, ""marc"": 1, ""random"": 15}"
repeat5_0.25,all6|herding_first|lcb=0.5|fb=kmeans|gap=0,80,0.721077185518231,0.716867095280857,herding,0.7059333595529326,0.015143825965298396,-0.0014969736273238248,"[-0.59,+0.22]",0.4125,0.0023768785528426872,"{""boundary"": 6, ""herding"": 11, ""kcenter"": 0, ""kmeans"": 50, ""marc"": 2, ""random"": 11}"
repeat5_0.25,all6|marc_first|lcb=0.5|fb=kmeans|gap=0,80,0.721077185518231,0.716867095280857,herding,0.7059333595529326,0.015143825965298396,-0.0014969736273238248,"[-0.59,+0.22]",0.4125,0.0023768785528426872,"{""boundary"": 6, ""herding"": 11, ""kcenter"": 0, ""kmeans"": 50, ""marc"": 2, ""random"": 11}"
repeat5_0.25,all6|default|lcb=0.5|fb=kmeans|gap=0,80,0.721077185518231,0.716867095280857,herding,0.7059333595529326,0.015143825965298396,-0.0014969736273238248,"[-0.59,+0.22]",0.4125,0.0023768785528426872,"{""boundary"": 6, ""herding"": 11, ""kcenter"": 0, ""kmeans"": 50, ""marc"": 2, ""random"": 11}"
repeat5_0.25,all6|kmeans_first|lcb=0.5|fb=kmeans|gap=0,80,0.721077185518231,0.716867095280857,herding,0.7059333595529326,0.015143825965298396,-0.0014969736273238248,"[-0.59,+0.22]",0.4125,0.0023768785528426872,"{""boundary"": 6, ""herding"": 11, ""kcenter"": 0, ""kmeans"": 50, ""marc"": 2, ""random"": 11}"
repeat5_0.25,all6|marc_first|lcb=0.25|fb=herding|gap=0.005,80,0.720985278151851,0.7161018468278039,herding,0.7059333595529326,0.015051918598918412,-0.0015888809937038533,"[-0.41,+0.06]",0.525,0.004106554529003492,"{""boundary"": 4, ""herding"": 51, ""kcenter"": 0, ""kmeans"": 12, ""marc"": 2, ""random"": 11}"
repeat5_0.25,all6|herding_first|lcb=0.25|fb=herding|gap=0.005,80,0.720985278151851,0.7161018468278039,herding,0.7059333595529326,0.015051918598918412,-0.0015888809937038533,"[-0.41,+0.06]",0.525,0.004106554529003492,"{""boundary"": 4, ""herding"": 51, ""kcenter"": 0, ""kmeans"": 12, ""marc"": 2, ""random"": 11}"
repeat5_0.25,all6|default|lcb=0.25|fb=herding|gap=0.005,80,0.720985278151851,0.7161018468278039,herding,0.7059333595529326,0.015051918598918412,-0.0015888809937038533,"[-0.41,+0.06]",0.525,0.004106554529003492,"{""boundary"": 4, ""herding"": 51, ""kcenter"": 0, ""kmeans"": 12, ""marc"": 2, ""random"": 11}"
repeat5_0.25,all6|kmeans_first|lcb=0.25|fb=herding|gap=0.005,80,0.720985278151851,0.7161018468278039,herding,0.7059333595529326,0.015051918598918412,-0.0015888809937038533,"[-0.41,+0.06]",0.525,0.004106554529003492,"{""boundary"": 4, ""herding"": 51, ""kcenter"": 0, ""kmeans"": 12, ""marc"": 2, ""random"": 11}"
repeat5_0.25,no_boundary|marc_first|lcb=0.25|fb=herding|gap=0,80,0.7209494675404465,0.7152258550673547,herding,0.7059333595529326,0.01501610798751396,-0.0016246916051083603,"[-0.35,-0.01]",0.4125,0.004106554529003492,"{""boundary"": 0, ""herding"": 44, ""kcenter"": 0, ""kmeans"": 15, ""marc"": 6, ""random"": 15}"
repeat5_0.25,no_boundary|default|lcb=0.25|fb=herding|gap=0,80,0.7209494675404465,0.7152258550673547,herding,0.7059333595529326,0.01501610798751396,-0.0016246916051083603,"[-0.35,-0.01]",0.4125,0.004106554529003492,"{""boundary"": 0, ""herding"": 44, ""kcenter"": 0, ""kmeans"": 15, ""marc"": 6, ""random"": 15}"
repeat5_0.25,no_boundary|kmeans_first|lcb=0.25|fb=herding|gap=0,80,0.7209494675404465,0.7152258550673547,herding,0.7059333595529326,0.01501610798751396,-0.0016246916051083603,"[-0.35,-0.01]",0.4125,0.004106554529003492,"{""boundary"": 0, ""herding"": 44, ""kcenter"": 0, ""kmeans"": 15, ""marc"": 6, ""random"": 15}"
repeat5_0.25,no_boundary|herding_first|lcb=0.25|fb=herding|gap=0,80,0.7209494675404465,0.7152258550673547,herding,0.7059333595529326,0.01501610798751396,-0.0016246916051083603,"[-0.35,-0.01]",0.4125,0.004106554529003492,"{""boundary"": 0, ""herding"": 44, ""kcenter"": 0, ""kmeans"": 15, ""marc"": 6, ""random"": 15}"
repeat5_0.25,no_boundary|herding_first|lcb=0.25|fb=none|gap=0,80,0.7209494675404465,0.7152258550673547,herding,0.7059333595529326,0.01501610798751396,-0.0016246916051083603,"[-0.35,-0.01]",0.0,0.004106554529003492,"{""boundary"": 0, ""herding"": 44, ""kcenter"": 0, ""kmeans"": 15, ""marc"": 6, ""random"": 15}"
repeat5_0.25,no_boundary|kmeans_first|lcb=0.25|fb=none|gap=0,80,0.7209494675404465,0.7152258550673547,herding,0.7059333595529326,0.01501610798751396,-0.0016246916051083603,"[-0.35,-0.01]",0.0,0.004106554529003492,"{""boundary"": 0, ""herding"": 12, ""kcenter"": 0, ""kmeans"": 47, ""marc"": 6, ""random"": 15}"
repeat5_0.25,no_boundary|default|lcb=0.25|fb=none|gap=0,80,0.7209494675404465,0.7152258550673547,herding,0.7059333595529326,0.01501610798751396,-0.0016246916051083603,"[-0.35,-0.01]",0.0,0.004106554529003492,"{""boundary"": 0, ""herding"": 44, ""kcenter"": 0, ""kmeans"": 15, ""marc"": 6, ""random"": 15}"
repeat5_0.25,no_boundary|marc_first|lcb=0.25|fb=none|gap=0,80,0.7209494675404465,0.7152258550673547,herding,0.7059333595529326,0.01501610798751396,-0.0016246916051083603,"[-0.35,-0.01]",0.0,0.004106554529003492,"{""boundary"": 0, ""herding"": 12, ""kcenter"": 0, ""kmeans"": 15, ""marc"": 38, ""random"": 15}"
repeat5_0.25,no_boundary|kmeans_first|lcb=0.5|fb=herding|gap=0,80,0.7209336293338188,0.7152248959914982,herding,0.7059333595529326,0.0150002697808862,-0.001640529811736039,"[-0.36,-0.00]",0.4125,0.004438194082210467,"{""boundary"": 0, ""herding"": 44, ""kcenter"": 0, ""kmeans"": 17, ""marc"": 3, ""random"": 16}"
repeat5_0.25,no_boundary|herding_first|lcb=0.5|fb=herding|gap=0,80,0.7209336293338188,0.7152248959914982,herding,0.7059333595529326,0.0150002697808862,-0.001640529811736039,"[-0.36,-0.00]",0.4125,0.004438194082210467,"{""boundary"": 0, ""herding"": 44, ""kcenter"": 0, ""kmeans"": 17, ""marc"": 3, ""random"": 16}"
repeat5_0.25,no_boundary|default|lcb=0.5|fb=herding|gap=0,80,0.7209336293338188,0.7152248959914982,herding,0.7059333595529326,0.0150002697808862,-0.001640529811736039,"[-0.36,-0.00]",0.4125,0.004438194082210467,"{""boundary"": 0, ""herding"": 44, ""kcenter"": 0, ""kmeans"": 17, ""marc"": 3, ""random"": 16}"
repeat5_0.25,no_boundary|herding_first|lcb=0.5|fb=none|gap=0,80,0.7209336293338188,0.7152248959914982,herding,0.7059333595529326,0.0150002697808862,-0.001640529811736039,"[-0.36,-0.00]",0.0,0.004438194082210467,"{""boundary"": 0, ""herding"": 44, ""kcenter"": 0, ""kmeans"": 17, ""marc"": 3, ""random"": 16}"
repeat5_0.25,no_boundary|kmeans_first|lcb=0.5|fb=none|gap=0,80,0.7209336293338188,0.7152248959914982,herding,0.7059333595529326,0.0150002697808862,-0.001640529811736039,"[-0.36,-0.00]",0.0,0.004438194082210467,"{""boundary"": 0, ""herding"": 12, ""kcenter"": 0, ""kmeans"": 49, ""marc"": 3, ""random"": 16}"
repeat5_0.25,no_boundary|marc_first|lcb=0.5|fb=herding|gap=0,80,0.7209336293338188,0.7152248959914982,herding,0.7059333595529326,0.0150002697808862,-0.001640529811736039,"[-0.36,-0.00]",0.4125,0.004438194082210467,"{""boundary"": 0, ""herding"": 44, ""kcenter"": 0, ""kmeans"": 17, ""marc"": 3, ""random"": 16}"
repeat5_0.25,no_boundary|default|lcb=0.5|fb=none|gap=0,80,0.7209336293338188,0.7152248959914982,herding,0.7059333595529326,0.0150002697808862,-0.001640529811736039,"[-0.36,-0.00]",0.0,0.004438194082210467,"{""boundary"": 0, ""herding"": 44, ""kcenter"": 0, ""kmeans"": 17, ""marc"": 3, ""random"": 16}"
repeat5_0.25,no_boundary|marc_first|lcb=0.5|fb=none|gap=0,80,0.7209336293338188,0.7152248959914982,herding,0.7059333595529326,0.0150002697808862,-0.001640529811736039,"[-0.36,-0.00]",0.0,0.004438194082210467,"{""boundary"": 0, ""herding"": 12, ""kcenter"": 0, ""kmeans"": 17, ""marc"": 35, ""random"": 16}"
repeat5_0.25,no_boundary|default|lcb=0|fb=herding|gap=0,80,0.7208105786515575,0.7150063293627926,herding,0.7059333595529326,0.014877219098624939,-0.0017635804939972472,"[-0.44,+0.06]",0.4375,0.0019523809523809832,"{""boundary"": 0, ""herding"": 44, ""kcenter"": 0, ""kmeans"": 14, ""marc"": 5, ""random"": 17}"
repeat5_0.25,no_boundary|kmeans_first|lcb=0|fb=herding|gap=0,80,0.7208105786515575,0.7150063293627926,herding,0.7059333595529326,0.014877219098624939,-0.0017635804939972472,"[-0.44,+0.06]",0.4375,0.0019523809523809832,"{""boundary"": 0, ""herding"": 44, ""kcenter"": 0, ""kmeans"": 14, ""marc"": 5, ""random"": 17}"
repeat5_0.25,no_boundary|herding_first|lcb=0|fb=herding|gap=0,80,0.7208105786515575,0.7150063293627926,herding,0.7059333595529326,0.014877219098624939,-0.0017635804939972472,"[-0.44,+0.06]",0.4375,0.0019523809523809832,"{""boundary"": 0, ""herding"": 44, ""kcenter"": 0, ""kmeans"": 14, ""marc"": 5, ""random"": 17}"
repeat5_0.25,no_boundary|marc_first|lcb=0|fb=herding|gap=0,80,0.7208105786515575,0.7150063293627926,herding,0.7059333595529326,0.014877219098624939,-0.0017635804939972472,"[-0.44,+0.06]",0.4375,0.0019523809523809832,"{""boundary"": 0, ""herding"": 44, ""kcenter"": 0, ""kmeans"": 14, ""marc"": 5, ""random"": 17}"
repeat5_0.25,no_boundary|herding_first|lcb=0.5|fb=herding|gap=0.005,80,0.7207602119391747,0.7148427170397056,herding,0.7059333595529326,0.01482685238624215,-0.001813947206380139,"[-0.38,-0.01]",0.5125,0.004438194082210467,"{""boundary"": 0, ""herding"": 50, ""kcenter"": 0, ""kmeans"": 13, ""marc"": 2, ""random"": 15}"
repeat5_0.25,no_boundary|default|lcb=0.5|fb=herding|gap=0.005,80,0.7207602119391747,0.7148427170397056,herding,0.7059333595529326,0.01482685238624215,-0.001813947206380139,"[-0.38,-0.01]",0.5125,0.004438194082210467,"{""boundary"": 0, ""herding"": 50, ""kcenter"": 0, ""kmeans"": 13, ""marc"": 2, ""random"": 15}"
repeat5_0.25,no_boundary|kmeans_first|lcb=0.5|fb=herding|gap=0.005,80,0.7207602119391747,0.7148427170397056,herding,0.7059333595529326,0.01482685238624215,-0.001813947206380139,"[-0.38,-0.01]",0.5125,0.004438194082210467,"{""boundary"": 0, ""herding"": 50, ""kcenter"": 0, ""kmeans"": 13, ""marc"": 2, ""random"": 15}"
repeat5_0.25,no_boundary|marc_first|lcb=0.5|fb=herding|gap=0.005,80,0.7207602119391747,0.7148427170397056,herding,0.7059333595529326,0.01482685238624215,-0.001813947206380139,"[-0.38,-0.01]",0.5125,0.004438194082210467,"{""boundary"": 0, ""herding"": 50, ""kcenter"": 0, ""kmeans"": 13, ""marc"": 2, ""random"": 15}"
repeat5_0.25,no_boundary|default|lcb=0.5|fb=herding|gap=0.01,80,0.7207309721730928,0.7147603071679638,herding,0.7059333595529326,0.014797612620160217,-0.0018431869724620125,"[-0.39,-0.01]",0.6125,0.004438194082210467,"{""boundary"": 0, ""herding"": 57, ""kcenter"": 0, ""kmeans"": 7, ""marc"": 1, ""random"": 15}"
repeat5_0.25,no_boundary|marc_first|lcb=0.5|fb=herding|gap=0.01,80,0.7207309721730928,0.7147603071679638,herding,0.7059333595529326,0.014797612620160217,-0.0018431869724620125,"[-0.39,-0.01]",0.6125,0.004438194082210467,"{""boundary"": 0, ""herding"": 57, ""kcenter"": 0, ""kmeans"": 7, ""marc"": 1, ""random"": 15}"
repeat5_0.25,no_boundary|kmeans_first|lcb=0.5|fb=herding|gap=0.01,80,0.7207309721730928,0.7147603071679638,herding,0.7059333595529326,0.014797612620160217,-0.0018431869724620125,"[-0.39,-0.01]",0.6125,0.004438194082210467,"{""boundary"": 0, ""herding"": 57, ""kcenter"": 0, ""kmeans"": 7, ""marc"": 1, ""random"": 15}"
repeat5_0.25,no_boundary|herding_first|lcb=0.5|fb=herding|gap=0.01,80,0.7207309721730928,0.7147603071679638,herding,0.7059333595529326,0.014797612620160217,-0.0018431869724620125,"[-0.39,-0.01]",0.6125,0.004438194082210467,"{""boundary"": 0, ""herding"": 57, ""kcenter"": 0, ""kmeans"": 7, ""marc"": 1, ""random"": 15}"
repeat5_0.25,no_boundary|herding_first|lcb=0|fb=none|gap=0,80,0.7206253934663724,0.7148271093765872,herding,0.7059333595529326,0.014692033913439873,-0.0019487656791824328,"[-0.47,+0.06]",0.0,0.0019523809523809832,"{""boundary"": 0, ""herding"": 40, ""kcenter"": 0, ""kmeans"": 15, ""marc"": 8, ""random"": 17}"
repeat5_0.25,no_boundary|kmeans_first|lcb=0|fb=none|gap=0,80,0.7206253934663724,0.7148271093765872,herding,0.7059333595529326,0.014692033913439873,-0.0019487656791824328,"[-0.47,+0.06]",0.0,0.0019523809523809832,"{""boundary"": 0, ""herding"": 9, ""kcenter"": 0, ""kmeans"": 46, ""marc"": 8, ""random"": 17}"
repeat5_0.25,no_boundary|default|lcb=0|fb=none|gap=0,80,0.7206253934663724,0.7148271093765872,herding,0.7059333595529326,0.014692033913439873,-0.0019487656791824328,"[-0.47,+0.06]",0.0,0.0019523809523809832,"{""boundary"": 0, ""herding"": 40, ""kcenter"": 0, ""kmeans"": 15, ""marc"": 8, ""random"": 17}"
repeat5_0.25,no_boundary|marc_first|lcb=0|fb=none|gap=0,80,0.7206253934663724,0.7148271093765872,herding,0.7059333595529326,0.014692033913439873,-0.0019487656791824328,"[-0.47,+0.06]",0.0,0.0019523809523809832,"{""boundary"": 0, ""herding"": 9, ""kcenter"": 0, ""kmeans"": 15, ""marc"": 39, ""random"": 17}"
repeat5_0.25,no_boundary|default|lcb=0|fb=herding|gap=0.01,80,0.7206067031672448,0.7146389152480104,herding,0.7059333595529326,0.014673343614312273,-0.001967455978309963,"[-0.38,-0.05]",0.625,0.0019523809523809832,"{""boundary"": 0, ""herding"": 56, ""kcenter"": 0, ""kmeans"": 9, ""marc"": 0, ""random"": 15}"
repeat5_0.25,no_boundary|default|lcb=0.25|fb=herding|gap=0.01,80,0.7206067031672448,0.7146389152480104,herding,0.7059333595529326,0.014673343614312273,-0.001967455978309963,"[-0.38,-0.05]",0.625,0.004106554529003492,"{""boundary"": 0, ""herding"": 56, ""kcenter"": 0, ""kmeans"": 9, ""marc"": 0, ""random"": 15}"
repeat5_0.25,no_boundary|marc_first|lcb=0|fb=herding|gap=0.01,80,0.7206067031672448,0.7146389152480104,herding,0.7059333595529326,0.014673343614312273,-0.001967455978309963,"[-0.38,-0.05]",0.625,0.0019523809523809832,"{""boundary"": 0, ""herding"": 56, ""kcenter"": 0, ""kmeans"": 9, ""marc"": 0, ""random"": 15}"
repeat5_0.25,no_boundary|herding_first|lcb=0|fb=herding|gap=0.01,80,0.7206067031672448,0.7146389152480104,herding,0.7059333595529326,0.014673343614312273,-0.001967455978309963,"[-0.38,-0.05]",0.625,0.0019523809523809832,"{""boundary"": 0, ""herding"": 56, ""kcenter"": 0, ""kmeans"": 9, ""marc"": 0, ""random"": 15}"
repeat5_0.25,no_boundary|marc_first|lcb=0.25|fb=herding|gap=0.01,80,0.7206067031672448,0.7146389152480104,herding,0.7059333595529326,0.014673343614312273,-0.001967455978309963,"[-0.38,-0.05]",0.625,0.004106554529003492,"{""boundary"": 0, ""herding"": 56, ""kcenter"": 0, ""kmeans"": 9, ""marc"": 0, ""random"": 15}"
repeat5_0.25,no_boundary|herding_first|lcb=0.25|fb=herding|gap=0.01,80,0.7206067031672448,0.7146389152480104,herding,0.7059333595529326,0.014673343614312273,-0.001967455978309963,"[-0.38,-0.05]",0.625,0.004106554529003492,"{""boundary"": 0, ""herding"": 56, ""kcenter"": 0, ""kmeans"": 9, ""marc"": 0, ""random"": 15}"
repeat5_0.25,no_boundary|kmeans_first|lcb=0|fb=herding|gap=0.01,80,0.7206067031672448,0.7146389152480104,herding,0.7059333595529326,0.014673343614312273,-0.001967455978309963,"[-0.38,-0.05]",0.625,0.0019523809523809832,"{""boundary"": 0, ""herding"": 56, ""kcenter"": 0, ""kmeans"": 9, ""marc"": 0, ""random"": 15}"
repeat5_0.25,no_boundary|kmeans_first|lcb=0.25|fb=herding|gap=0.01,80,0.7206067031672448,0.7146389152480104,herding,0.7059333595529326,0.014673343614312273,-0.001967455978309963,"[-0.38,-0.05]",0.625,0.004106554529003492,"{""boundary"": 0, ""herding"": 56, ""kcenter"": 0, ""kmeans"": 9, ""marc"": 0, ""random"": 15}"
repeat5_0.25,no_boundary|herding_first|lcb=0|fb=herding|gap=0.02,80,0.7205879822699657,0.7142201965298073,herding,0.7059333595529326,0.014654622717033106,-0.0019861768755891256,"[-0.36,-0.06]",0.75,0.0019523809523809832,"{""boundary"": 0, ""herding"": 63, ""kcenter"": 0, ""kmeans"": 3, ""marc"": 0, ""random"": 14}"
repeat5_0.25,no_boundary|marc_first|lcb=0|fb=herding|gap=0.02,80,0.7205879822699657,0.7142201965298073,herding,0.7059333595529326,0.014654622717033106,-0.0019861768755891256,"[-0.36,-0.06]",0.75,0.0019523809523809832,"{""boundary"": 0, ""herding"": 63, ""kcenter"": 0, ""kmeans"": 3, ""marc"": 0, ""random"": 14}"
repeat5_0.25,no_boundary|default|lcb=0|fb=herding|gap=0.02,80,0.7205879822699657,0.7142201965298073,herding,0.7059333595529326,0.014654622717033106,-0.0019861768755891256,"[-0.36,-0.06]",0.75,0.0019523809523809832,"{""boundary"": 0, ""herding"": 63, ""kcenter"": 0, ""kmeans"": 3, ""marc"": 0, ""random"": 14}"
repeat5_0.25,no_boundary|kmeans_first|lcb=0|fb=herding|gap=0.02,80,0.7205879822699657,0.7142201965298073,herding,0.7059333595529326,0.014654622717033106,-0.0019861768755891256,"[-0.36,-0.06]",0.75,0.0019523809523809832,"{""boundary"": 0, ""herding"": 63, ""kcenter"": 0, ""kmeans"": 3, ""marc"": 0, ""random"": 14}"
repeat5_0.25,all6|kmeans_first|lcb=0|fb=kmeans|gap=0,80,0.7204774156335697,0.715190746573197,herding,0.7059333595529326,0.014544056080637136,-0.0020967435119851685,"[-0.52,+0.07]",0.4375,0.0019523809523809832,"{""boundary"": 2, ""herding"": 9, ""kcenter"": 0, ""kmeans"": 49, ""marc"": 4, ""random"": 16}"
repeat5_0.25,all6|default|lcb=0|fb=kmeans|gap=0,80,0.7204774156335697,0.715190746573197,herding,0.7059333595529326,0.014544056080637136,-0.0020967435119851685,"[-0.52,+0.07]",0.4375,0.0019523809523809832,"{""boundary"": 2, ""herding"": 9, ""kcenter"": 0, ""kmeans"": 49, ""marc"": 4, ""random"": 16}"
repeat5_0.25,all6|herding_first|lcb=0|fb=kmeans|gap=0,80,0.7204774156335697,0.715190746573197,herding,0.7059333595529326,0.014544056080637136,-0.0020967435119851685,"[-0.52,+0.07]",0.4375,0.0019523809523809832,"{""boundary"": 2, ""herding"": 9, ""kcenter"": 0, ""kmeans"": 49, ""marc"": 4, ""random"": 16}"
repeat5_0.25,all6|marc_first|lcb=0|fb=kmeans|gap=0,80,0.7204774156335697,0.715190746573197,herding,0.7059333595529326,0.014544056080637136,-0.0020967435119851685,"[-0.52,+0.07]",0.4375,0.0019523809523809832,"{""boundary"": 2, ""herding"": 9, ""kcenter"": 0, ""kmeans"": 49, ""marc"": 4, ""random"": 16}"
repeat5_0.25,all6|marc_first|lcb=0|fb=herding|gap=0.02,80,0.720446489521469,0.7146039497377474,herding,0.7059333595529326,0.014513129968536376,-0.0021276696240857653,"[-0.42,-0.02]",0.7625,0.0019523809523809832,"{""boundary"": 2, ""herding"": 64, ""kcenter"": 0, ""kmeans"": 3, ""marc"": 0, ""random"": 11}"
repeat5_0.25,all6|kmeans_first|lcb=0|fb=herding|gap=0.02,80,0.720446489521469,0.7146039497377474,herding,0.7059333595529326,0.014513129968536376,-0.0021276696240857653,"[-0.42,-0.02]",0.7625,0.0019523809523809832,"{""boundary"": 2, ""herding"": 64, ""kcenter"": 0, ""kmeans"": 3, ""marc"": 0, ""random"": 11}"
repeat5_0.25,all6|default|lcb=0|fb=herding|gap=0.02,80,0.720446489521469,0.7146039497377474,herding,0.7059333595529326,0.014513129968536376,-0.0021276696240857653,"[-0.42,-0.02]",0.7625,0.0019523809523809832,"{""boundary"": 2, ""herding"": 64, ""kcenter"": 0, ""kmeans"": 3, ""marc"": 0, ""random"": 11}"
repeat5_0.25,all6|herding_first|lcb=0|fb=herding|gap=0.02,80,0.720446489521469,0.7146039497377474,herding,0.7059333595529326,0.014513129968536376,-0.0021276696240857653,"[-0.42,-0.02]",0.7625,0.0019523809523809832,"{""boundary"": 2, ""herding"": 64, ""kcenter"": 0, ""kmeans"": 3, ""marc"": 0, ""random"": 11}"
repeat5_0.25,no_boundary|herding_first|lcb=0.25|fb=herding|gap=0.005,80,0.7204215179820597,0.7144611854616011,herding,0.7059333595529326,0.014488158429127096,-0.002152641163495151,"[-0.42,-0.04]",0.525,0.004106554529003492,"{""boundary"": 0, ""herding"": 51, ""kcenter"": 0, ""kmeans"": 12, ""marc"": 2, ""random"": 15}"
repeat5_0.25,no_boundary|marc_first|lcb=0.25|fb=herding|gap=0.005,80,0.7204215179820597,0.7144611854616011,herding,0.7059333595529326,0.014488158429127096,-0.002152641163495151,"[-0.42,-0.04]",0.525,0.004106554529003492,"{""boundary"": 0, ""herding"": 51, ""kcenter"": 0, ""kmeans"": 12, ""marc"": 2, ""random"": 15}"
repeat5_0.25,no_boundary|default|lcb=0.25|fb=herding|gap=0.005,80,0.7204215179820597,0.7144611854616011,herding,0.7059333595529326,0.014488158429127096,-0.002152641163495151,"[-0.42,-0.04]",0.525,0.004106554529003492,"{""boundary"": 0, ""herding"": 51, ""kcenter"": 0, ""kmeans"": 12, ""marc"": 2, ""random"": 15}"
repeat5_0.25,no_boundary|kmeans_first|lcb=0.25|fb=herding|gap=0.005,80,0.7204215179820597,0.7144611854616011,herding,0.7059333595529326,0.014488158429127096,-0.002152641163495151,"[-0.42,-0.04]",0.525,0.004106554529003492,"{""boundary"": 0, ""herding"": 51, ""kcenter"": 0, ""kmeans"": 12, ""marc"": 2, ""random"": 15}"
repeat5_0.25,all6|kmeans_first|lcb=0|fb=herding|gap=0.005,80,0.7204152785448863,0.7146293645386679,herding,0.7059333595529326,0.014481918991953724,-0.0021588806006684396,"[-0.47,+0.01]",0.575,0.0019523809523809832,"{""boundary"": 2, ""herding"": 54, ""kcenter"": 0, ""kmeans"": 10, ""marc"": 1, ""random"": 13}"
repeat5_0.25,all6|marc_first|lcb=0|fb=herding|gap=0.005,80,0.7204152785448863,0.7146293645386679,herding,0.7059333595529326,0.014481918991953724,-0.0021588806006684396,"[-0.47,+0.01]",0.575,0.0019523809523809832,"{""boundary"": 2, ""herding"": 54, ""kcenter"": 0, ""kmeans"": 10, ""marc"": 1, ""random"": 13}"
repeat5_0.25,all6|herding_first|lcb=0|fb=herding|gap=0.005,80,0.7204152785448863,0.7146293645386679,herding,0.7059333595529326,0.014481918991953724,-0.0021588806006684396,"[-0.47,+0.01]",0.575,0.0019523809523809832,"{""boundary"": 2, ""herding"": 54, ""kcenter"": 0, ""kmeans"": 10, ""marc"": 1, ""random"": 13}"
repeat5_0.25,all6|default|lcb=0|fb=herding|gap=0.005,80,0.7204152785448863,0.7146293645386679,herding,0.7059333595529326,0.014481918991953724,-0.0021588806006684396,"[-0.47,+0.01]",0.575,0.0019523809523809832,"{""boundary"": 2, ""herding"": 54, ""kcenter"": 0, ""kmeans"": 10, ""marc"": 1, ""random"": 13}"
repeat5_0.25,all6|marc_first|lcb=0.25|fb=herding|gap=0.01,80,0.7204099398138666,0.7144585975231451,herding,0.7059333595529326,0.014476580260934013,-0.002164219331688103,"[-0.44,-0.02]",0.65,0.004106554529003492,"{""boundary"": 2, ""herding"": 58, ""kcenter"": 0, ""kmeans"": 9, ""marc"": 0, ""random"": 11}"
repeat5_0.25,all6|default|lcb=0|fb=herding|gap=0.01,80,0.7204099398138666,0.7144585975231451,herding,0.7059333595529326,0.014476580260934013,-0.002164219331688103,"[-0.44,-0.02]",0.65,0.0019523809523809832,"{""boundary"": 2, ""herding"": 58, ""kcenter"": 0, ""kmeans"": 9, ""marc"": 0, ""random"": 11}"
repeat5_0.25,all6|herding_first|lcb=0.25|fb=herding|gap=0.01,80,0.7204099398138666,0.7144585975231451,herding,0.7059333595529326,0.014476580260934013,-0.002164219331688103,"[-0.44,-0.02]",0.65,0.004106554529003492,"{""boundary"": 2, ""herding"": 58, ""kcenter"": 0, ""kmeans"": 9, ""marc"": 0, ""random"": 11}"
repeat5_0.25,all6|herding_first|lcb=0|fb=herding|gap=0.01,80,0.7204099398138666,0.7144585975231451,herding,0.7059333595529326,0.014476580260934013,-0.002164219331688103,"[-0.44,-0.02]",0.65,0.0019523809523809832,"{""boundary"": 2, ""herding"": 58, ""kcenter"": 0, ""kmeans"": 9, ""marc"": 0, ""random"": 11}"
repeat5_0.25,all6|kmeans_first|lcb=0|fb=herding|gap=0.01,80,0.7204099398138666,0.7144585975231451,herding,0.7059333595529326,0.014476580260934013,-0.002164219331688103,"[-0.44,-0.02]",0.65,0.0019523809523809832,"{""boundary"": 2, ""herding"": 58, ""kcenter"": 0, ""kmeans"": 9, ""marc"": 0, ""random"": 11}"
repeat5_0.25,all6|default|lcb=0.25|fb=herding|gap=0.01,80,0.7204099398138666,0.7144585975231451,herding,0.7059333595529326,0.014476580260934013,-0.002164219331688103,"[-0.44,-0.02]",0.65,0.004106554529003492,"{""boundary"": 2, ""herding"": 58, ""kcenter"": 0, ""kmeans"": 9, ""marc"": 0, ""random"": 11}"
repeat5_0.25,all6|marc_first|lcb=0|fb=herding|gap=0.01,80,0.7204099398138666,0.7144585975231451,herding,0.7059333595529326,0.014476580260934013,-0.002164219331688103,"[-0.44,-0.02]",0.65,0.0019523809523809832,"{""boundary"": 2, ""herding"": 58, ""kcenter"": 0, ""kmeans"": 9, ""marc"": 0, ""random"": 11}"
repeat5_0.25,all6|kmeans_first|lcb=0.25|fb=herding|gap=0.01,80,0.7204099398138666,0.7144585975231451,herding,0.7059333595529326,0.014476580260934013,-0.002164219331688103,"[-0.44,-0.02]",0.65,0.004106554529003492,"{""boundary"": 2, ""herding"": 58, ""kcenter"": 0, ""kmeans"": 9, ""marc"": 0, ""random"": 11}"
repeat5_0.25,no_boundary|herding_first|lcb=0|fb=herding|gap=0.005,80,0.7202826290931708,0.7141845304539616,herding,0.7059333595529326,0.014349269540238185,-0.002291530052384038,"[-0.45,-0.04]",0.5625,0.0019523809523809832,"{""boundary"": 0, ""herding"": 53, ""kcenter"": 0, ""kmeans"": 10, ""marc"": 1, ""random"": 16}"
repeat5_0.25,no_boundary|kmeans_first|lcb=0|fb=herding|gap=0.005,80,0.7202826290931708,0.7141845304539616,herding,0.7059333595529326,0.014349269540238185,-0.002291530052384038,"[-0.45,-0.04]",0.5625,0.0019523809523809832,"{""boundary"": 0, ""herding"": 53, ""kcenter"": 0, ""kmeans"": 10, ""marc"": 1, ""random"": 16}"
repeat5_0.25,no_boundary|marc_first|lcb=0|fb=herding|gap=0.005,80,0.7202826290931708,0.7141845304539616,herding,0.7059333595529326,0.014349269540238185,-0.002291530052384038,"[-0.45,-0.04]",0.5625,0.0019523809523809832,"{""boundary"": 0, ""herding"": 53, ""kcenter"": 0, ""kmeans"": 10, ""marc"": 1, ""random"": 16}"
repeat5_0.25,no_boundary|default|lcb=0|fb=herding|gap=0.005,80,0.7202826290931708,0.7141845304539616,herding,0.7059333595529326,0.014349269540238185,-0.002291530052384038,"[-0.45,-0.04]",0.5625,0.0019523809523809832,"{""boundary"": 0, ""herding"": 53, ""kcenter"": 0, ""kmeans"": 10, ""marc"": 1, ""random"": 16}"
repeat5_0.25,all6|marc_first|lcb=0.5|fb=herding|gap=0,80,0.7202438521848976,0.7161229557019011,herding,0.7059333595529326,0.014310492631965044,-0.002330306960657158,"[-0.66,+0.08]",0.4125,0.0023768785528426872,"{""boundary"": 6, ""herding"": 44, ""kcenter"": 0, ""kmeans"": 17, ""marc"": 2, ""random"": 11}"
repeat5_0.25,all6|marc_first|lcb=0.5|fb=none|gap=0,80,0.7202438521848976,0.7161229557019011,herding,0.7059333595529326,0.014310492631965044,-0.002330306960657158,"[-0.66,+0.08]",0.0,0.0023768785528426872,"{""boundary"": 6, ""herding"": 12, ""kcenter"": 0, ""kmeans"": 17, ""marc"": 34, ""random"": 11}"
repeat5_0.25,all6|default|lcb=0.5|fb=none|gap=0,80,0.7202438521848976,0.7161229557019011,herding,0.7059333595529326,0.014310492631965044,-0.002330306960657158,"[-0.66,+0.08]",0.0,0.0023768785528426872,"{""boundary"": 6, ""herding"": 44, ""kcenter"": 0, ""kmeans"": 17, ""marc"": 2, ""random"": 11}"
repeat5_0.25,all6|kmeans_first|lcb=0.5|fb=none|gap=0,80,0.7202438521848976,0.7161229557019011,herding,0.7059333595529326,0.014310492631965044,-0.002330306960657158,"[-0.66,+0.08]",0.0,0.0023768785528426872,"{""boundary"": 6, ""herding"": 12, ""kcenter"": 0, ""kmeans"": 49, ""marc"": 2, ""random"": 11}"
repeat5_0.25,all6|herding_first|lcb=0.5|fb=none|gap=0,80,0.7202438521848976,0.7161229557019011,herding,0.7059333595529326,0.014310492631965044,-0.002330306960657158,"[-0.66,+0.08]",0.0,0.0023768785528426872,"{""boundary"": 6, ""herding"": 44, ""kcenter"": 0, ""kmeans"": 17, ""marc"": 2, ""random"": 11}"
repeat5_0.25,all6|kmeans_first|lcb=0.5|fb=herding|gap=0,80,0.7202438521848976,0.7161229557019011,herding,0.7059333595529326,0.014310492631965044,-0.002330306960657158,"[-0.66,+0.08]",0.4125,0.0023768785528426872,"{""boundary"": 6, ""herding"": 44, ""kcenter"": 0, ""kmeans"": 17, ""marc"": 2, ""random"": 11}"
repeat5_0.25,all6|default|lcb=0.5|fb=herding|gap=0,80,0.7202438521848976,0.7161229557019011,herding,0.7059333595529326,0.014310492631965044,-0.002330306960657158,"[-0.66,+0.08]",0.4125,0.0023768785528426872,"{""boundary"": 6, ""herding"": 44, ""kcenter"": 0, ""kmeans"": 17, ""marc"": 2, ""random"": 11}"
repeat5_0.25,all6|herding_first|lcb=0.5|fb=herding|gap=0,80,0.7202438521848976,0.7161229557019011,herding,0.7059333595529326,0.014310492631965044,-0.002330306960657158,"[-0.66,+0.08]",0.4125,0.0023768785528426872,"{""boundary"": 6, ""herding"": 44, ""kcenter"": 0, ""kmeans"": 17, ""marc"": 2, ""random"": 11}"
repeat5_0.25,no_boundary|default|lcb=0.25|fb=herding|gap=0.02,80,0.7201635040244756,0.713456505239211,herding,0.7059333595529326,0.014230144471543027,-0.002410655121079044,"[-0.42,-0.08]",0.7375,0.004106554529003492,"{""boundary"": 0, ""herding"": 64, ""kcenter"": 0, ""kmeans"": 3, ""marc"": 0, ""random"": 13}"
repeat5_0.25,no_boundary|marc_first|lcb=0.25|fb=herding|gap=0.02,80,0.7201635040244756,0.713456505239211,herding,0.7059333595529326,0.014230144471543027,-0.002410655121079044,"[-0.42,-0.08]",0.7375,0.004106554529003492,"{""boundary"": 0, ""herding"": 64, ""kcenter"": 0, ""kmeans"": 3, ""marc"": 0, ""random"": 13}"
repeat5_0.25,no_boundary|kmeans_first|lcb=0.25|fb=herding|gap=0.02,80,0.7201635040244756,0.713456505239211,herding,0.7059333595529326,0.014230144471543027,-0.002410655121079044,"[-0.42,-0.08]",0.7375,0.004106554529003492,"{""boundary"": 0, ""herding"": 64, ""kcenter"": 0, ""kmeans"": 3, ""marc"": 0, ""random"": 13}"
repeat5_0.25,no_boundary|herding_first|lcb=0.25|fb=herding|gap=0.02,80,0.7201635040244756,0.713456505239211,herding,0.7059333595529326,0.014230144471543027,-0.002410655121079044,"[-0.42,-0.08]",0.7375,0.004106554529003492,"{""boundary"": 0, ""herding"": 64, ""kcenter"": 0, ""kmeans"": 3, ""marc"": 0, ""random"": 13}"
repeat5_0.25,no_boundary|herding_first|lcb=0|fb=kmeans|gap=0,80,0.719792060133039,0.7140002978399592,herding,0.7059333595529326,0.013858700580106409,-0.002782099012515766,"[-0.57,-0.01]",0.4375,0.0019523809523809832,"{""boundary"": 0, ""herding"": 9, ""kcenter"": 0, ""kmeans"": 49, ""marc"": 5, ""random"": 17}"
repeat5_0.25,no_boundary|default|lcb=0|fb=kmeans|gap=0,80,0.719792060133039,0.7140002978399592,herding,0.7059333595529326,0.013858700580106409,-0.002782099012515766,"[-0.57,-0.01]",0.4375,0.0019523809523809832,"{""boundary"": 0, ""herding"": 9, ""kcenter"": 0, ""kmeans"": 49, ""marc"": 5, ""random"": 17}"
repeat5_0.25,no_boundary|kmeans_first|lcb=0|fb=kmeans|gap=0,80,0.719792060133039,0.7140002978399592,herding,0.7059333595529326,0.013858700580106409,-0.002782099012515766,"[-0.57,-0.01]",0.4375,0.0019523809523809832,"{""boundary"": 0, ""herding"": 9, ""kcenter"": 0, ""kmeans"": 49, ""marc"": 5, ""random"": 17}"
repeat5_0.25,no_boundary|marc_first|lcb=0|fb=kmeans|gap=0,80,0.719792060133039,0.7140002978399592,herding,0.7059333595529326,0.013858700580106409,-0.002782099012515766,"[-0.57,-0.01]",0.4375,0.0019523809523809832,"{""boundary"": 0, ""herding"": 9, ""kcenter"": 0, ""kmeans"": 49, ""marc"": 5, ""random"": 17}"
repeat5_0.25,no_boundary|marc_first|lcb=0.25|fb=kmeans|gap=0.01,80,0.7194984441486336,0.713560555113661,herding,0.7059333595529326,0.013565084595701049,-0.003075714996921224,"[-0.70,+0.04]",0.625,0.004106554529003492,"{""boundary"": 0, ""herding"": 6, ""kcenter"": 0, ""kmeans"": 59, ""marc"": 0, ""random"": 15}"
repeat5_0.25,no_boundary|default|lcb=0|fb=kmeans|gap=0.01,80,0.7194984441486336,0.713560555113661,herding,0.7059333595529326,0.013565084595701049,-0.003075714996921224,"[-0.70,+0.04]",0.625,0.0019523809523809832,"{""boundary"": 0, ""herding"": 6, ""kcenter"": 0, ""kmeans"": 59, ""marc"": 0, ""random"": 15}"
repeat5_0.25,no_boundary|kmeans_first|lcb=0|fb=kmeans|gap=0.01,80,0.7194984441486336,0.713560555113661,herding,0.7059333595529326,0.013565084595701049,-0.003075714996921224,"[-0.70,+0.04]",0.625,0.0019523809523809832,"{""boundary"": 0, ""herding"": 6, ""kcenter"": 0, ""kmeans"": 59, ""marc"": 0, ""random"": 15}"
repeat5_0.25,no_boundary|kmeans_first|lcb=0.25|fb=kmeans|gap=0.01,80,0.7194984441486336,0.713560555113661,herding,0.7059333595529326,0.013565084595701049,-0.003075714996921224,"[-0.70,+0.04]",0.625,0.004106554529003492,"{""boundary"": 0, ""herding"": 6, ""kcenter"": 0, ""kmeans"": 59, ""marc"": 0, ""random"": 15}"
repeat5_0.25,no_boundary|herding_first|lcb=0|fb=kmeans|gap=0.01,80,0.7194984441486336,0.713560555113661,herding,0.7059333595529326,0.013565084595701049,-0.003075714996921224,"[-0.70,+0.04]",0.625,0.0019523809523809832,"{""boundary"": 0, ""herding"": 6, ""kcenter"": 0, ""kmeans"": 59, ""marc"": 0, ""random"": 15}"
repeat5_0.25,no_boundary|default|lcb=0.25|fb=kmeans|gap=0.01,80,0.7194984441486336,0.713560555113661,herding,0.7059333595529326,0.013565084595701049,-0.003075714996921224,"[-0.70,+0.04]",0.625,0.004106554529003492,"{""boundary"": 0, ""herding"": 6, ""kcenter"": 0, ""kmeans"": 59, ""marc"": 0, ""random"": 15}"
repeat5_0.25,no_boundary|herding_first|lcb=0.25|fb=kmeans|gap=0.01,80,0.7194984441486336,0.713560555113661,herding,0.7059333595529326,0.013565084595701049,-0.003075714996921224,"[-0.70,+0.04]",0.625,0.004106554529003492,"{""boundary"": 0, ""herding"": 6, ""kcenter"": 0, ""kmeans"": 59, ""marc"": 0, ""random"": 15}"
repeat5_0.25,no_boundary|marc_first|lcb=0|fb=kmeans|gap=0.01,80,0.7194984441486336,0.713560555113661,herding,0.7059333595529326,0.013565084595701049,-0.003075714996921224,"[-0.70,+0.04]",0.625,0.0019523809523809832,"{""boundary"": 0, ""herding"": 6, ""kcenter"": 0, ""kmeans"": 59, ""marc"": 0, ""random"": 15}"
repeat5_0.25,all6|kmeans_first|lcb=0|fb=kmeans|gap=0.01,80,0.7194387518953616,0.713426914784454,herding,0.7059333595529326,0.013505392342428979,-0.0031354072501932444,"[-0.73,+0.06]",0.65,0.0019523809523809832,"{""boundary"": 2, ""herding"": 6, ""kcenter"": 0, ""kmeans"": 61, ""marc"": 0, ""random"": 11}"
repeat5_0.25,all6|herding_first|lcb=0|fb=kmeans|gap=0.01,80,0.7194387518953616,0.713426914784454,herding,0.7059333595529326,0.013505392342428979,-0.0031354072501932444,"[-0.73,+0.06]",0.65,0.0019523809523809832,"{""boundary"": 2, ""herding"": 6, ""kcenter"": 0, ""kmeans"": 61, ""marc"": 0, ""random"": 11}"
repeat5_0.25,all6|kmeans_first|lcb=0.25|fb=kmeans|gap=0.01,80,0.7194387518953616,0.713426914784454,herding,0.7059333595529326,0.013505392342428979,-0.0031354072501932444,"[-0.73,+0.06]",0.65,0.004106554529003492,"{""boundary"": 2, ""herding"": 6, ""kcenter"": 0, ""kmeans"": 61, ""marc"": 0, ""random"": 11}"
repeat5_0.25,all6|marc_first|lcb=0|fb=kmeans|gap=0.01,80,0.7194387518953616,0.713426914784454,herding,0.7059333595529326,0.013505392342428979,-0.0031354072501932444,"[-0.73,+0.06]",0.65,0.0019523809523809832,"{""boundary"": 2, ""herding"": 6, ""kcenter"": 0, ""kmeans"": 61, ""marc"": 0, ""random"": 11}"
repeat5_0.25,all6|herding_first|lcb=0.25|fb=kmeans|gap=0.01,80,0.7194387518953616,0.713426914784454,herding,0.7059333595529326,0.013505392342428979,-0.0031354072501932444,"[-0.73,+0.06]",0.65,0.004106554529003492,"{""boundary"": 2, ""herding"": 6, ""kcenter"": 0, ""kmeans"": 61, ""marc"": 0, ""random"": 11}"
repeat5_0.25,all6|default|lcb=0|fb=kmeans|gap=0.01,80,0.7194387518953616,0.713426914784454,herding,0.7059333595529326,0.013505392342428979,-0.0031354072501932444,"[-0.73,+0.06]",0.65,0.0019523809523809832,"{""boundary"": 2, ""herding"": 6, ""kcenter"": 0, ""kmeans"": 61, ""marc"": 0, ""random"": 11}"
repeat5_0.25,all6|default|lcb=0.25|fb=kmeans|gap=0.01,80,0.7194387518953616,0.713426914784454,herding,0.7059333595529326,0.013505392342428979,-0.0031354072501932444,"[-0.73,+0.06]",0.65,0.004106554529003492,"{""boundary"": 2, ""herding"": 6, ""kcenter"": 0, ""kmeans"": 61, ""marc"": 0, ""random"": 11}"
repeat5_0.25,all6|marc_first|lcb=0.25|fb=kmeans|gap=0.01,80,0.7194387518953616,0.713426914784454,herding,0.7059333595529326,0.013505392342428979,-0.0031354072501932444,"[-0.73,+0.06]",0.65,0.004106554529003492,"{""boundary"": 2, ""herding"": 6, ""kcenter"": 0, ""kmeans"": 61, ""marc"": 0, ""random"": 11}"
repeat5_0.25,all6|herding_first|lcb=0|fb=kmeans|gap=0.005,80,0.7194010450604758,0.7138073003539862,herding,0.7059333595529326,0.013467685507543181,-0.003173114085079065,"[-0.68,-0.02]",0.575,0.0019523809523809832,"{""boundary"": 2, ""herding"": 8, ""kcenter"": 0, ""kmeans"": 56, ""marc"": 1, ""random"": 13}"
repeat5_0.25,all6|kmeans_first|lcb=0|fb=kmeans|gap=0.005,80,0.7194010450604758,0.7138073003539862,herding,0.7059333595529326,0.013467685507543181,-0.003173114085079065,"[-0.68,-0.02]",0.575,0.0019523809523809832,"{""boundary"": 2, ""herding"": 8, ""kcenter"": 0, ""kmeans"": 56, ""marc"": 1, ""random"": 13}"
repeat5_0.25,all6|marc_first|lcb=0|fb=kmeans|gap=0.005,80,0.7194010450604758,0.7138073003539862,herding,0.7059333595529326,0.013467685507543181,-0.003173114085079065,"[-0.68,-0.02]",0.575,0.0019523809523809832,"{""boundary"": 2, ""herding"": 8, ""kcenter"": 0, ""kmeans"": 56, ""marc"": 1, ""random"": 13}"
repeat5_0.25,all6|default|lcb=0|fb=kmeans|gap=0.005,80,0.7194010450604758,0.7138073003539862,herding,0.7059333595529326,0.013467685507543181,-0.003173114085079065,"[-0.68,-0.02]",0.575,0.0019523809523809832,"{""boundary"": 2, ""herding"": 8, ""kcenter"": 0, ""kmeans"": 56, ""marc"": 1, ""random"": 13}"
repeat5_0.25,no_boundary|kmeans_first|lcb=0|fb=kmeans|gap=0.005,80,0.7191512219264113,0.7133619717129329,herding,0.7059333595529326,0.013217862373478773,-0.003422937219143444,"[-0.69,-0.07]",0.5625,0.0019523809523809832,"{""boundary"": 0, ""herding"": 8, ""kcenter"": 0, ""kmeans"": 55, ""marc"": 1, ""random"": 16}"
repeat5_0.25,no_boundary|herding_first|lcb=0|fb=kmeans|gap=0.005,80,0.7191512219264113,0.7133619717129329,herding,0.7059333595529326,0.013217862373478773,-0.003422937219143444,"[-0.69,-0.07]",0.5625,0.0019523809523809832,"{""boundary"": 0, ""herding"": 8, ""kcenter"": 0, ""kmeans"": 55, ""marc"": 1, ""random"": 16}"
repeat5_0.25,no_boundary|default|lcb=0|fb=kmeans|gap=0.005,80,0.7191512219264113,0.7133619717129329,herding,0.7059333595529326,0.013217862373478773,-0.003422937219143444,"[-0.69,-0.07]",0.5625,0.0019523809523809832,"{""boundary"": 0, ""herding"": 8, ""kcenter"": 0, ""kmeans"": 55, ""marc"": 1, ""random"": 16}"
repeat5_0.25,no_boundary|marc_first|lcb=0|fb=kmeans|gap=0.005,80,0.7191512219264113,0.7133619717129329,herding,0.7059333595529326,0.013217862373478773,-0.003422937219143444,"[-0.69,-0.07]",0.5625,0.0019523809523809832,"{""boundary"": 0, ""herding"": 8, ""kcenter"": 0, ""kmeans"": 55, ""marc"": 1, ""random"": 16}"
repeat5_0.25,no_boundary|kmeans_first|lcb=0.25|fb=kmeans|gap=0.02,80,0.7190319602434337,0.7122788064794492,herding,0.7059333595529326,0.013098600690501172,-0.0035421989021210834,"[-0.75,+0.00]",0.7375,0.004106554529003492,"{""boundary"": 0, ""herding"": 5, ""kcenter"": 0, ""kmeans"": 62, ""marc"": 0, ""random"": 13}"
repeat5_0.25,no_boundary|herding_first|lcb=0.25|fb=kmeans|gap=0.02,80,0.7190319602434337,0.7122788064794492,herding,0.7059333595529326,0.013098600690501172,-0.0035421989021210834,"[-0.75,+0.00]",0.7375,0.004106554529003492,"{""boundary"": 0, ""herding"": 5, ""kcenter"": 0, ""kmeans"": 62, ""marc"": 0, ""random"": 13}"
repeat5_0.25,no_boundary|marc_first|lcb=0.25|fb=kmeans|gap=0.02,80,0.7190319602434337,0.7122788064794492,herding,0.7059333595529326,0.013098600690501172,-0.0035421989021210834,"[-0.75,+0.00]",0.7375,0.004106554529003492,"{""boundary"": 0, ""herding"": 5, ""kcenter"": 0, ""kmeans"": 62, ""marc"": 0, ""random"": 13}"
repeat5_0.25,no_boundary|default|lcb=0.25|fb=kmeans|gap=0.02,80,0.7190319602434337,0.7122788064794492,herding,0.7059333595529326,0.013098600690501172,-0.0035421989021210834,"[-0.75,+0.00]",0.7375,0.004106554529003492,"{""boundary"": 0, ""herding"": 5, ""kcenter"": 0, ""kmeans"": 62, ""marc"": 0, ""random"": 13}"
repeat5_0.25,no_boundary|kmeans_first|lcb=0|fb=kmeans|gap=0.02,80,0.7182813444879542,0.711760115523845,herding,0.7059333595529326,0.01234798493502165,-0.004292814657600653,"[-0.89,-0.03]",0.75,0.0019523809523809832,"{""boundary"": 0, ""herding"": 3, ""kcenter"": 0, ""kmeans"": 63, ""marc"": 0, ""random"": 14}"
repeat5_0.25,no_boundary|marc_first|lcb=0|fb=kmeans|gap=0.02,80,0.7182813444879542,0.711760115523845,herding,0.7059333595529326,0.01234798493502165,-0.004292814657600653,"[-0.89,-0.03]",0.75,0.0019523809523809832,"{""boundary"": 0, ""herding"": 3, ""kcenter"": 0, ""kmeans"": 63, ""marc"": 0, ""random"": 14}"
repeat5_0.25,no_boundary|herding_first|lcb=0|fb=kmeans|gap=0.02,80,0.7182813444879542,0.711760115523845,herding,0.7059333595529326,0.01234798493502165,-0.004292814657600653,"[-0.89,-0.03]",0.75,0.0019523809523809832,"{""boundary"": 0, ""herding"": 3, ""kcenter"": 0, ""kmeans"": 63, ""marc"": 0, ""random"": 14}"
repeat5_0.25,no_boundary|default|lcb=0|fb=kmeans|gap=0.02,80,0.7182813444879542,0.711760115523845,herding,0.7059333595529326,0.01234798493502165,-0.004292814657600653,"[-0.89,-0.03]",0.75,0.0019523809523809832,"{""boundary"": 0, ""herding"": 3, ""kcenter"": 0, ""kmeans"": 63, ""marc"": 0, ""random"": 14}"
repeat5_0.25,all6|kmeans_first|lcb=0|fb=kmeans|gap=0.02,80,0.7182813444879541,0.7121783024260592,herding,0.7059333595529326,0.012347984935021539,-0.004292814657600653,"[-0.91,-0.01]",0.7625,0.0019523809523809832,"{""boundary"": 2, ""herding"": 3, ""kcenter"": 0, ""kmeans"": 64, ""marc"": 0, ""random"": 11}"
repeat5_0.25,all6|herding_first|lcb=0|fb=kmeans|gap=0.02,80,0.7182813444879541,0.7121783024260592,herding,0.7059333595529326,0.012347984935021539,-0.004292814657600653,"[-0.91,-0.01]",0.7625,0.0019523809523809832,"{""boundary"": 2, ""herding"": 3, ""kcenter"": 0, ""kmeans"": 64, ""marc"": 0, ""random"": 11}"
repeat5_0.25,all6|marc_first|lcb=0|fb=kmeans|gap=0.02,80,0.7182813444879541,0.7121783024260592,herding,0.7059333595529326,0.012347984935021539,-0.004292814657600653,"[-0.91,-0.01]",0.7625,0.0019523809523809832,"{""boundary"": 2, ""herding"": 3, ""kcenter"": 0, ""kmeans"": 64, ""marc"": 0, ""random"": 11}"
repeat5_0.25,all6|default|lcb=0|fb=kmeans|gap=0.02,80,0.7182813444879541,0.7121783024260592,herding,0.7059333595529326,0.012347984935021539,-0.004292814657600653,"[-0.91,-0.01]",0.7625,0.0019523809523809832,"{""boundary"": 2, ""herding"": 3, ""kcenter"": 0, ""kmeans"": 64, ""marc"": 0, ""random"": 11}"
repeat5_0.25,no_boundary|marc_first|lcb=0.5|fb=herding|gap=0.02,80,0.7171185604250574,0.7095443250022324,herding,0.7059333595529326,0.011185200872124823,-0.005455598720497352,"[-1.08,-0.19]",0.7625,0.004438194082210467,"{""boundary"": 0, ""herding"": 66, ""kcenter"": 0, ""kmeans"": 4, ""marc"": 0, ""random"": 10}"
repeat5_0.25,no_boundary|kmeans_first|lcb=0.5|fb=herding|gap=0.02,80,0.7171185604250574,0.7095443250022324,herding,0.7059333595529326,0.011185200872124823,-0.005455598720497352,"[-1.08,-0.19]",0.7625,0.004438194082210467,"{""boundary"": 0, ""herding"": 66, ""kcenter"": 0, ""kmeans"": 4, ""marc"": 0, ""random"": 10}"
repeat5_0.25,no_boundary|default|lcb=0.5|fb=herding|gap=0.02,80,0.7171185604250574,0.7095443250022324,herding,0.7059333595529326,0.011185200872124823,-0.005455598720497352,"[-1.08,-0.19]",0.7625,0.004438194082210467,"{""boundary"": 0, ""herding"": 66, ""kcenter"": 0, ""kmeans"": 4, ""marc"": 0, ""random"": 10}"
repeat5_0.25,no_boundary|herding_first|lcb=0.5|fb=herding|gap=0.02,80,0.7171185604250574,0.7095443250022324,herding,0.7059333595529326,0.011185200872124823,-0.005455598720497352,"[-1.08,-0.19]",0.7625,0.004438194082210467,"{""boundary"": 0, ""herding"": 66, ""kcenter"": 0, ""kmeans"": 4, ""marc"": 0, ""random"": 10}"
repeat5_0.25,no_boundary|kmeans_first|lcb=0.5|fb=kmeans|gap=0.02,80,0.716602264452843,0.7091305264026134,herding,0.7059333595529326,0.010668904899910459,-0.005971894692711815,"[-1.20,-0.11]",0.7625,0.004438194082210467,"{""boundary"": 0, ""herding"": 5, ""kcenter"": 0, ""kmeans"": 65, ""marc"": 0, ""random"": 10}"
repeat5_0.25,no_boundary|default|lcb=0.5|fb=kmeans|gap=0.02,80,0.716602264452843,0.7091305264026134,herding,0.7059333595529326,0.010668904899910459,-0.005971894692711815,"[-1.20,-0.11]",0.7625,0.004438194082210467,"{""boundary"": 0, ""herding"": 5, ""kcenter"": 0, ""kmeans"": 65, ""marc"": 0, ""random"": 10}"
repeat5_0.25,no_boundary|marc_first|lcb=0.5|fb=kmeans|gap=0.02,80,0.716602264452843,0.7091305264026134,herding,0.7059333595529326,0.010668904899910459,-0.005971894692711815,"[-1.20,-0.11]",0.7625,0.004438194082210467,"{""boundary"": 0, ""herding"": 5, ""kcenter"": 0, ""kmeans"": 65, ""marc"": 0, ""random"": 10}"
repeat5_0.25,no_boundary|herding_first|lcb=0.5|fb=kmeans|gap=0.02,80,0.716602264452843,0.7091305264026134,herding,0.7059333595529326,0.010668904899910459,-0.005971894692711815,"[-1.20,-0.11]",0.7625,0.004438194082210467,"{""boundary"": 0, ""herding"": 5, ""kcenter"": 0, ""kmeans"": 65, ""marc"": 0, ""random"": 10}"
repeat5_0.25,all6|default|lcb=1|fb=kmeans|gap=0,80,0.7163495426826115,0.7134133039725427,herding,0.7059333595529326,0.010416183129678958,-0.006224616462943316,"[-1.33,-0.02]",0.4125,0.0036774117582820676,"{""boundary"": 11, ""herding"": 10, ""kcenter"": 0, ""kmeans"": 50, ""marc"": 3, ""random"": 6}"
repeat5_0.25,all6|marc_first|lcb=1|fb=kmeans|gap=0,80,0.7163495426826115,0.7134133039725427,herding,0.7059333595529326,0.010416183129678958,-0.006224616462943316,"[-1.33,-0.02]",0.4125,0.0036774117582820676,"{""boundary"": 11, ""herding"": 10, ""kcenter"": 0, ""kmeans"": 50, ""marc"": 3, ""random"": 6}"
repeat5_0.25,all6|kmeans_first|lcb=1|fb=kmeans|gap=0,80,0.7163495426826115,0.7134133039725427,herding,0.7059333595529326,0.010416183129678958,-0.006224616462943316,"[-1.33,-0.02]",0.4125,0.0036774117582820676,"{""boundary"": 11, ""herding"": 10, ""kcenter"": 0, ""kmeans"": 50, ""marc"": 3, ""random"": 6}"
repeat5_0.25,all6|herding_first|lcb=1|fb=kmeans|gap=0,80,0.7163495426826115,0.7134133039725427,herding,0.7059333595529326,0.010416183129678958,-0.006224616462943316,"[-1.33,-0.02]",0.4125,0.0036774117582820676,"{""boundary"": 11, ""herding"": 10, ""kcenter"": 0, ""kmeans"": 50, ""marc"": 3, ""random"": 6}"
repeat5_0.25,all6|herding_first|lcb=0.5|fb=kmeans|gap=0.005,80,0.7161327508996719,0.7098609432091502,herding,0.7059333595529326,0.010199391346739306,-0.0064414082458829555,"[-1.41,-0.01]",0.55,0.0023768785528426872,"{""boundary"": 4, ""herding"": 9, ""kcenter"": 0, ""kmeans"": 57, ""marc"": 2, ""random"": 8}"
repeat5_0.25,all6|default|lcb=0.5|fb=kmeans|gap=0.005,80,0.7161327508996719,0.7098609432091502,herding,0.7059333595529326,0.010199391346739306,-0.0064414082458829555,"[-1.41,-0.01]",0.55,0.0023768785528426872,"{""boundary"": 4, ""herding"": 9, ""kcenter"": 0, ""kmeans"": 57, ""marc"": 2, ""random"": 8}"
repeat5_0.25,all6|marc_first|lcb=0.5|fb=kmeans|gap=0.005,80,0.7161327508996719,0.7098609432091502,herding,0.7059333595529326,0.010199391346739306,-0.0064414082458829555,"[-1.41,-0.01]",0.55,0.0023768785528426872,"{""boundary"": 4, ""herding"": 9, ""kcenter"": 0, ""kmeans"": 57, ""marc"": 2, ""random"": 8}"
repeat5_0.25,all6|kmeans_first|lcb=0.5|fb=kmeans|gap=0.005,80,0.7161327508996719,0.7098609432091502,herding,0.7059333595529326,0.010199391346739306,-0.0064414082458829555,"[-1.41,-0.01]",0.55,0.0023768785528426872,"{""boundary"": 4, ""herding"": 9, ""kcenter"": 0, ""kmeans"": 57, ""marc"": 2, ""random"": 8}"
repeat5_0.25,all6|marc_first|lcb=0.5|fb=kmeans|gap=0.01,80,0.7159640813900491,0.7096788715467215,herding,0.7059333595529326,0.010030721837116507,-0.006610077755505772,"[-1.44,-0.02]",0.6625,0.0023768785528426872,"{""boundary"": 4, ""herding"": 8, ""kcenter"": 0, ""kmeans"": 60, ""marc"": 1, ""random"": 7}"
repeat5_0.25,all6|kmeans_first|lcb=0.5|fb=kmeans|gap=0.01,80,0.7159640813900491,0.7096788715467215,herding,0.7059333595529326,0.010030721837116507,-0.006610077755505772,"[-1.44,-0.02]",0.6625,0.0023768785528426872,"{""boundary"": 4, ""herding"": 8, ""kcenter"": 0, ""kmeans"": 60, ""marc"": 1, ""random"": 7}"
repeat5_0.25,all6|herding_first|lcb=0.5|fb=kmeans|gap=0.01,80,0.7159640813900491,0.7096788715467215,herding,0.7059333595529326,0.010030721837116507,-0.006610077755505772,"[-1.44,-0.02]",0.6625,0.0023768785528426872,"{""boundary"": 4, ""herding"": 8, ""kcenter"": 0, ""kmeans"": 60, ""marc"": 1, ""random"": 7}"
repeat5_0.25,all6|default|lcb=0.5|fb=kmeans|gap=0.01,80,0.7159640813900491,0.7096788715467215,herding,0.7059333595529326,0.010030721837116507,-0.006610077755505772,"[-1.44,-0.02]",0.6625,0.0023768785528426872,"{""boundary"": 4, ""herding"": 8, ""kcenter"": 0, ""kmeans"": 60, ""marc"": 1, ""random"": 7}"
repeat5_0.25,all6|default|lcb=1|fb=herding|gap=0,80,0.7155162093492782,0.7126691643935865,herding,0.7059333595529326,0.009582849796345605,-0.00705794979627665,"[-1.39,-0.14]",0.4125,0.0036774117582820676,"{""boundary"": 11, ""herding"": 43, ""kcenter"": 0, ""kmeans"": 17, ""marc"": 3, ""random"": 6}"
repeat5_0.25,all6|herding_first|lcb=1|fb=none|gap=0,80,0.7155162093492782,0.7126691643935865,herding,0.7059333595529326,0.009582849796345605,-0.00705794979627665,"[-1.39,-0.14]",0.0,0.0036774117582820676,"{""boundary"": 11, ""herding"": 43, ""kcenter"": 0, ""kmeans"": 17, ""marc"": 3, ""random"": 6}"
repeat5_0.25,all6|default|lcb=1|fb=none|gap=0,80,0.7155162093492782,0.7126691643935865,herding,0.7059333595529326,0.009582849796345605,-0.00705794979627665,"[-1.39,-0.14]",0.0,0.0036774117582820676,"{""boundary"": 11, ""herding"": 43, ""kcenter"": 0, ""kmeans"": 17, ""marc"": 3, ""random"": 6}"
repeat5_0.25,all6|herding_first|lcb=1|fb=herding|gap=0,80,0.7155162093492782,0.7126691643935865,herding,0.7059333595529326,0.009582849796345605,-0.00705794979627665,"[-1.39,-0.14]",0.4125,0.0036774117582820676,"{""boundary"": 11, ""herding"": 43, ""kcenter"": 0, ""kmeans"": 17, ""marc"": 3, ""random"": 6}"
repeat5_0.25,all6|kmeans_first|lcb=1|fb=none|gap=0,80,0.7155162093492782,0.7126691643935865,herding,0.7059333595529326,0.009582849796345605,-0.00705794979627665,"[-1.39,-0.14]",0.0,0.0036774117582820676,"{""boundary"": 11, ""herding"": 11, ""kcenter"": 0, ""kmeans"": 49, ""marc"": 3, ""random"": 6}"
repeat5_0.25,all6|kmeans_first|lcb=1|fb=herding|gap=0,80,0.7155162093492782,0.7126691643935865,herding,0.7059333595529326,0.009582849796345605,-0.00705794979627665,"[-1.39,-0.14]",0.4125,0.0036774117582820676,"{""boundary"": 11, ""herding"": 43, ""kcenter"": 0, ""kmeans"": 17, ""marc"": 3, ""random"": 6}"
repeat5_0.25,all6|marc_first|lcb=1|fb=herding|gap=0,80,0.7155162093492782,0.7126691643935865,herding,0.7059333595529326,0.009582849796345605,-0.00705794979627665,"[-1.39,-0.14]",0.4125,0.0036774117582820676,"{""boundary"": 11, ""herding"": 43, ""kcenter"": 0, ""kmeans"": 17, ""marc"": 3, ""random"": 6}"
repeat5_0.25,all6|marc_first|lcb=1|fb=none|gap=0,80,0.7155162093492782,0.7126691643935865,herding,0.7059333595529326,0.009582849796345605,-0.00705794979627665,"[-1.39,-0.14]",0.0,0.0036774117582820676,"{""boundary"": 11, ""herding"": 11, ""kcenter"": 0, ""kmeans"": 17, ""marc"": 35, ""random"": 6}"
repeat5_0.25,no_boundary|kmeans_first|lcb=1|fb=kmeans|gap=0.005,80,0.7152921136582563,0.7078108333949971,herding,0.7059333595529326,0.009358754105323719,-0.007282045487298408,"[-1.49,-0.11]",0.575,0.002204584963417973,"{""boundary"": 0, ""herding"": 10, ""kcenter"": 0, ""kmeans"": 58, ""marc"": 2, ""random"": 10}"
repeat5_0.25,no_boundary|default|lcb=1|fb=kmeans|gap=0.005,80,0.7152921136582563,0.7078108333949971,herding,0.7059333595529326,0.009358754105323719,-0.007282045487298408,"[-1.49,-0.11]",0.575,0.002204584963417973,"{""boundary"": 0, ""herding"": 10, ""kcenter"": 0, ""kmeans"": 58, ""marc"": 2, ""random"": 10}"
repeat5_0.25,no_boundary|marc_first|lcb=1|fb=kmeans|gap=0.005,80,0.7152921136582563,0.7078108333949971,herding,0.7059333595529326,0.009358754105323719,-0.007282045487298408,"[-1.49,-0.11]",0.575,0.002204584963417973,"{""boundary"": 0, ""herding"": 10, ""kcenter"": 0, ""kmeans"": 58, ""marc"": 2, ""random"": 10}"
repeat5_0.25,no_boundary|herding_first|lcb=1|fb=kmeans|gap=0.005,80,0.7152921136582563,0.7078108333949971,herding,0.7059333595529326,0.009358754105323719,-0.007282045487298408,"[-1.49,-0.11]",0.575,0.002204584963417973,"{""boundary"": 0, ""herding"": 10, ""kcenter"": 0, ""kmeans"": 58, ""marc"": 2, ""random"": 10}"
repeat5_0.25,all6|herding_first|lcb=0.5|fb=herding|gap=0.005,80,0.7152552596929773,0.7090744422257818,herding,0.7059333595529326,0.009321900140044748,-0.0073188994525775234,"[-1.50,-0.12]",0.55,0.0023768785528426872,"{""boundary"": 4, ""herding"": 53, ""kcenter"": 0, ""kmeans"": 13, ""marc"": 2, ""random"": 8}"
repeat5_0.25,all6|default|lcb=0.5|fb=herding|gap=0.005,80,0.7152552596929773,0.7090744422257818,herding,0.7059333595529326,0.009321900140044748,-0.0073188994525775234,"[-1.50,-0.12]",0.55,0.0023768785528426872,"{""boundary"": 4, ""herding"": 53, ""kcenter"": 0, ""kmeans"": 13, ""marc"": 2, ""random"": 8}"
repeat5_0.25,all6|kmeans_first|lcb=0.5|fb=herding|gap=0.005,80,0.7152552596929773,0.7090744422257818,herding,0.7059333595529326,0.009321900140044748,-0.0073188994525775234,"[-1.50,-0.12]",0.55,0.0023768785528426872,"{""boundary"": 4, ""herding"": 53, ""kcenter"": 0, ""kmeans"": 13, ""marc"": 2, ""random"": 8}"
repeat5_0.25,all6|marc_first|lcb=0.5|fb=herding|gap=0.005,80,0.7152552596929773,0.7090744422257818,herding,0.7059333595529326,0.009321900140044748,-0.0073188994525775234,"[-1.50,-0.12]",0.55,0.0023768785528426872,"{""boundary"": 4, ""herding"": 53, ""kcenter"": 0, ""kmeans"": 13, ""marc"": 2, ""random"": 8}"
repeat5_0.25,all6|kmeans_first|lcb=0.5|fb=herding|gap=0.01,80,0.7152193874543096,0.708987353854113,herding,0.7059333595529326,0.009286027901377003,-0.007354771691245177,"[-1.51,-0.11]",0.6625,0.0023768785528426872,"{""boundary"": 4, ""herding"": 61, ""kcenter"": 0, ""kmeans"": 7, ""marc"": 1, ""random"": 7}"
repeat5_0.25,all6|default|lcb=0.5|fb=herding|gap=0.01,80,0.7152193874543096,0.708987353854113,herding,0.7059333595529326,0.009286027901377003,-0.007354771691245177,"[-1.51,-0.11]",0.6625,0.0023768785528426872,"{""boundary"": 4, ""herding"": 61, ""kcenter"": 0, ""kmeans"": 7, ""marc"": 1, ""random"": 7}"
repeat5_0.25,all6|marc_first|lcb=0.5|fb=herding|gap=0.01,80,0.7152193874543096,0.708987353854113,herding,0.7059333595529326,0.009286027901377003,-0.007354771691245177,"[-1.51,-0.11]",0.6625,0.0023768785528426872,"{""boundary"": 4, ""herding"": 61, ""kcenter"": 0, ""kmeans"": 7, ""marc"": 1, ""random"": 7}"
repeat5_0.25,all6|herding_first|lcb=0.5|fb=herding|gap=0.01,80,0.7152193874543096,0.708987353854113,herding,0.7059333595529326,0.009286027901377003,-0.007354771691245177,"[-1.51,-0.11]",0.6625,0.0023768785528426872,"{""boundary"": 4, ""herding"": 61, ""kcenter"": 0, ""kmeans"": 7, ""marc"": 1, ""random"": 7}"
repeat5_0.25,no_boundary|herding_first|lcb=0|fb=herding|gap=0.05,80,0.7150706959519421,0.7071655778339007,herding,0.7059333595529326,0.009137336399009488,-0.00750346319361269,"[-1.40,-0.26]",0.9,0.0019523809523809832,"{""boundary"": 0, ""herding"": 72, ""kcenter"": 0, ""kmeans"": 0, ""marc"": 0, ""random"": 8}"
repeat5_0.25,no_boundary|default|lcb=0|fb=herding|gap=0.05,80,0.7150706959519421,0.7071655778339007,herding,0.7059333595529326,0.009137336399009488,-0.00750346319361269,"[-1.40,-0.26]",0.9,0.0019523809523809832,"{""boundary"": 0, ""herding"": 72, ""kcenter"": 0, ""kmeans"": 0, ""marc"": 0, ""random"": 8}"
repeat5_0.25,no_boundary|marc_first|lcb=0|fb=herding|gap=0.05,80,0.7150706959519421,0.7071655778339007,herding,0.7059333595529326,0.009137336399009488,-0.00750346319361269,"[-1.40,-0.26]",0.9,0.0019523809523809832,"{""boundary"": 0, ""herding"": 72, ""kcenter"": 0, ""kmeans"": 0, ""marc"": 0, ""random"": 8}"
repeat5_0.25,no_boundary|kmeans_first|lcb=0|fb=herding|gap=0.05,80,0.7150706959519421,0.7071655778339007,herding,0.7059333595529326,0.009137336399009488,-0.00750346319361269,"[-1.40,-0.26]",0.9,0.0019523809523809832,"{""boundary"": 0, ""herding"": 72, ""kcenter"": 0, ""kmeans"": 0, ""marc"": 0, ""random"": 8}"
repeat5_0.25,no_boundary|kmeans_first|lcb=1|fb=kmeans|gap=0,80,0.714925771900864,0.7075811754701858,herding,0.7059333595529326,0.008992412347931467,-0.007648387244690749,"[-1.54,-0.13]",0.425,0.002204584963417973,"{""boundary"": 0, ""herding"": 13, ""kcenter"": 2, ""kmeans"": 51, ""marc"": 4, ""random"": 10}"
repeat5_0.25,no_boundary|herding_first|lcb=1|fb=kmeans|gap=0,80,0.714925771900864,0.7075811754701858,herding,0.7059333595529326,0.008992412347931467,-0.007648387244690749,"[-1.54,-0.13]",0.425,0.002204584963417973,"{""boundary"": 0, ""herding"": 13, ""kcenter"": 2, ""kmeans"": 51, ""marc"": 4, ""random"": 10}"
repeat5_0.25,no_boundary|default|lcb=1|fb=kmeans|gap=0,80,0.714925771900864,0.7075811754701858,herding,0.7059333595529326,0.008992412347931467,-0.007648387244690749,"[-1.54,-0.13]",0.425,0.002204584963417973,"{""boundary"": 0, ""herding"": 13, ""kcenter"": 2, ""kmeans"": 51, ""marc"": 4, ""random"": 10}"
repeat5_0.25,no_boundary|marc_first|lcb=1|fb=kmeans|gap=0,80,0.714925771900864,0.7075811754701858,herding,0.7059333595529326,0.008992412347931467,-0.007648387244690749,"[-1.54,-0.13]",0.425,0.002204584963417973,"{""boundary"": 0, ""herding"": 13, ""kcenter"": 2, ""kmeans"": 51, ""marc"": 4, ""random"": 10}"
repeat5_0.25,all6|default|lcb=0.25|fb=herding|gap=0.02,80,0.7143777771054803,0.7071950135576209,herding,0.7059333595529326,0.008444417552547767,-0.008196382040074448,"[-1.59,-0.22]",0.775,0.004106554529003492,"{""boundary"": 2, ""herding"": 67, ""kcenter"": 0, ""kmeans"": 3, ""marc"": 0, ""random"": 8}"
repeat5_0.25,all6|marc_first|lcb=0.25|fb=herding|gap=0.02,80,0.7143777771054803,0.7071950135576209,herding,0.7059333595529326,0.008444417552547767,-0.008196382040074448,"[-1.59,-0.22]",0.775,0.004106554529003492,"{""boundary"": 2, ""herding"": 67, ""kcenter"": 0, ""kmeans"": 3, ""marc"": 0, ""random"": 8}"
repeat5_0.25,all6|herding_first|lcb=0.25|fb=herding|gap=0.02,80,0.7143777771054803,0.7071950135576209,herding,0.7059333595529326,0.008444417552547767,-0.008196382040074448,"[-1.59,-0.22]",0.775,0.004106554529003492,"{""boundary"": 2, ""herding"": 67, ""kcenter"": 0, ""kmeans"": 3, ""marc"": 0, ""random"": 8}"
repeat5_0.25,all6|kmeans_first|lcb=0.25|fb=herding|gap=0.02,80,0.7143777771054803,0.7071950135576209,herding,0.7059333595529326,0.008444417552547767,-0.008196382040074448,"[-1.59,-0.22]",0.775,0.004106554529003492,"{""boundary"": 2, ""herding"": 67, ""kcenter"": 0, ""kmeans"": 3, ""marc"": 0, ""random"": 8}"
repeat5_0.25,no_boundary|default|lcb=1|fb=none|gap=0,80,0.7140924385675307,0.7068370358912298,herding,0.7059333595529326,0.008159079014598114,-0.008481720578024082,"[-1.61,-0.25]",0.0,0.002204584963417973,"{""boundary"": 0, ""herding"": 46, ""kcenter"": 3, ""kmeans"": 17, ""marc"": 4, ""random"": 10}"
repeat5_0.25,no_boundary|default|lcb=1|fb=herding|gap=0,80,0.7140924385675307,0.7068370358912298,herding,0.7059333595529326,0.008159079014598114,-0.008481720578024082,"[-1.61,-0.25]",0.425,0.002204584963417973,"{""boundary"": 0, ""herding"": 47, ""kcenter"": 2, ""kmeans"": 17, ""marc"": 4, ""random"": 10}"
repeat5_0.25,no_boundary|herding_first|lcb=1|fb=herding|gap=0,80,0.7140924385675307,0.7068370358912298,herding,0.7059333595529326,0.008159079014598114,-0.008481720578024082,"[-1.61,-0.25]",0.425,0.002204584963417973,"{""boundary"": 0, ""herding"": 47, ""kcenter"": 2, ""kmeans"": 17, ""marc"": 4, ""random"": 10}"
repeat5_0.25,no_boundary|kmeans_first|lcb=1|fb=herding|gap=0,80,0.7140924385675307,0.7068370358912298,herding,0.7059333595529326,0.008159079014598114,-0.008481720578024082,"[-1.61,-0.25]",0.425,0.002204584963417973,"{""boundary"": 0, ""herding"": 47, ""kcenter"": 2, ""kmeans"": 17, ""marc"": 4, ""random"": 10}"
repeat5_0.25,no_boundary|marc_first|lcb=1|fb=herding|gap=0,80,0.7140924385675307,0.7068370358912298,herding,0.7059333595529326,0.008159079014598114,-0.008481720578024082,"[-1.61,-0.25]",0.425,0.002204584963417973,"{""boundary"": 0, ""herding"": 47, ""kcenter"": 2, ""kmeans"": 17, ""marc"": 4, ""random"": 10}"
repeat5_0.25,no_boundary|herding_first|lcb=1|fb=none|gap=0,80,0.7140924385675307,0.7068370358912298,herding,0.7059333595529326,0.008159079014598114,-0.008481720578024082,"[-1.61,-0.25]",0.0,0.002204584963417973,"{""boundary"": 0, ""herding"": 46, ""kcenter"": 2, ""kmeans"": 18, ""marc"": 4, ""random"": 10}"
repeat5_0.25,no_boundary|kmeans_first|lcb=1|fb=none|gap=0,80,0.7140924385675307,0.7068370358912298,herding,0.7059333595529326,0.008159079014598114,-0.008481720578024082,"[-1.61,-0.25]",0.0,0.002204584963417973,"{""boundary"": 0, ""herding"": 14, ""kcenter"": 2, ""kmeans"": 50, ""marc"": 4, ""random"": 10}"
repeat5_0.25,no_boundary|marc_first|lcb=1|fb=none|gap=0,80,0.7140924385675307,0.7068370358912298,herding,0.7059333595529326,0.008159079014598114,-0.008481720578024082,"[-1.61,-0.25]",0.0,0.002204584963417973,"{""boundary"": 0, ""herding"": 14, ""kcenter"": 2, ""kmeans"": 17, ""marc"": 37, ""random"": 10}"
repeat5_0.25,all6|kmeans_first|lcb=1|fb=kmeans|gap=0.005,80,0.7139634083169051,0.709922347226574,herding,0.7059333595529326,0.008030048763972508,-0.008610750828649667,"[-1.65,-0.17]",0.5125,0.0036774117582820676,"{""boundary"": 11, ""herding"": 10, ""kcenter"": 0, ""kmeans"": 53, ""marc"": 2, ""random"": 4}"
repeat5_0.25,all6|marc_first|lcb=1|fb=kmeans|gap=0.005,80,0.7139634083169051,0.709922347226574,herding,0.7059333595529326,0.008030048763972508,-0.008610750828649667,"[-1.65,-0.17]",0.5125,0.0036774117582820676,"{""boundary"": 11, ""herding"": 10, ""kcenter"": 0, ""kmeans"": 53, ""marc"": 2, ""random"": 4}"
repeat5_0.25,all6|default|lcb=1|fb=kmeans|gap=0.005,80,0.7139634083169051,0.709922347226574,herding,0.7059333595529326,0.008030048763972508,-0.008610750828649667,"[-1.65,-0.17]",0.5125,0.0036774117582820676,"{""boundary"": 11, ""herding"": 10, ""kcenter"": 0, ""kmeans"": 53, ""marc"": 2, ""random"": 4}"
repeat5_0.25,all6|herding_first|lcb=1|fb=kmeans|gap=0.005,80,0.7139634083169051,0.709922347226574,herding,0.7059333595529326,0.008030048763972508,-0.008610750828649667,"[-1.65,-0.17]",0.5125,0.0036774117582820676,"{""boundary"": 11, ""herding"": 10, ""kcenter"": 0, ""kmeans"": 53, ""marc"": 2, ""random"": 4}"
repeat5_0.25,no_boundary|marc_first|lcb=1|fb=herding|gap=0.005,80,0.7137565380923716,0.7061867928015124,herding,0.7059333595529326,0.007823178539439035,-0.008817621053183212,"[-1.65,-0.28]",0.575,0.002204584963417973,"{""boundary"": 0, ""herding"": 56, ""kcenter"": 0, ""kmeans"": 12, ""marc"": 2, ""random"": 10}"
repeat5_0.25,no_boundary|kmeans_first|lcb=1|fb=herding|gap=0.005,80,0.7137565380923716,0.7061867928015124,herding,0.7059333595529326,0.007823178539439035,-0.008817621053183212,"[-1.65,-0.28]",0.575,0.002204584963417973,"{""boundary"": 0, ""herding"": 56, ""kcenter"": 0, ""kmeans"": 12, ""marc"": 2, ""random"": 10}"
repeat5_0.25,no_boundary|default|lcb=1|fb=herding|gap=0.005,80,0.7137565380923716,0.7061867928015124,herding,0.7059333595529326,0.007823178539439035,-0.008817621053183212,"[-1.65,-0.28]",0.575,0.002204584963417973,"{""boundary"": 0, ""herding"": 56, ""kcenter"": 0, ""kmeans"": 12, ""marc"": 2, ""random"": 10}"
repeat5_0.25,no_boundary|herding_first|lcb=1|fb=herding|gap=0.005,80,0.7137565380923716,0.7061867928015124,herding,0.7059333595529326,0.007823178539439035,-0.008817621053183212,"[-1.65,-0.28]",0.575,0.002204584963417973,"{""boundary"": 0, ""herding"": 56, ""kcenter"": 0, ""kmeans"": 12, ""marc"": 2, ""random"": 10}"
repeat5_0.25,all6|marc_first|lcb=0.25|fb=kmeans|gap=0.02,80,0.713540272942408,0.7061126568077934,herding,0.7059333595529326,0.007606913389475389,-0.009033886203146903,"[-1.70,-0.23]",0.775,0.004106554529003492,"{""boundary"": 2, ""herding"": 5, ""kcenter"": 0, ""kmeans"": 65, ""marc"": 0, ""random"": 8}"
repeat5_0.25,all6|kmeans_first|lcb=0.25|fb=kmeans|gap=0.02,80,0.713540272942408,0.7061126568077934,herding,0.7059333595529326,0.007606913389475389,-0.009033886203146903,"[-1.70,-0.23]",0.775,0.004106554529003492,"{""boundary"": 2, ""herding"": 5, ""kcenter"": 0, ""kmeans"": 65, ""marc"": 0, ""random"": 8}"
repeat5_0.25,all6|default|lcb=0.25|fb=kmeans|gap=0.02,80,0.713540272942408,0.7061126568077934,herding,0.7059333595529326,0.007606913389475389,-0.009033886203146903,"[-1.70,-0.23]",0.775,0.004106554529003492,"{""boundary"": 2, ""herding"": 5, ""kcenter"": 0, ""kmeans"": 65, ""marc"": 0, ""random"": 8}"
repeat5_0.25,all6|herding_first|lcb=0.25|fb=kmeans|gap=0.02,80,0.713540272942408,0.7061126568077934,herding,0.7059333595529326,0.007606913389475389,-0.009033886203146903,"[-1.70,-0.23]",0.775,0.004106554529003492,"{""boundary"": 2, ""herding"": 5, ""kcenter"": 0, ""kmeans"": 65, ""marc"": 0, ""random"": 8}"
repeat5_0.25,no_boundary|marc_first|lcb=0.25|fb=herding|gap=0.05,80,0.7130721108794271,0.7046877495739485,herding,0.7059333595529326,0.007138751326494552,-0.009502048266127725,"[-1.71,-0.35]",0.9,0.004106554529003492,"{""boundary"": 0, ""herding"": 73, ""kcenter"": 0, ""kmeans"": 0, ""marc"": 0, ""random"": 7}"
repeat5_0.25,no_boundary|herding_first|lcb=0.25|fb=herding|gap=0.05,80,0.7130721108794271,0.7046877495739485,herding,0.7059333595529326,0.007138751326494552,-0.009502048266127725,"[-1.71,-0.35]",0.9,0.004106554529003492,"{""boundary"": 0, ""herding"": 73, ""kcenter"": 0, ""kmeans"": 0, ""marc"": 0, ""random"": 7}"
repeat5_0.25,no_boundary|kmeans_first|lcb=0.25|fb=herding|gap=0.05,80,0.7130721108794271,0.7046877495739485,herding,0.7059333595529326,0.007138751326494552,-0.009502048266127725,"[-1.71,-0.35]",0.9,0.004106554529003492,"{""boundary"": 0, ""herding"": 73, ""kcenter"": 0, ""kmeans"": 0, ""marc"": 0, ""random"": 7}"
repeat5_0.25,no_boundary|default|lcb=0.25|fb=herding|gap=0.05,80,0.7130721108794271,0.7046877495739485,herding,0.7059333595529326,0.007138751326494552,-0.009502048266127725,"[-1.71,-0.35]",0.9,0.004106554529003492,"{""boundary"": 0, ""herding"": 73, ""kcenter"": 0, ""kmeans"": 0, ""marc"": 0, ""random"": 7}"
repeat5_0.25,all6|marc_first|lcb=0.5|fb=herding|gap=0.02,80,0.7129356810476255,0.7057086801088642,herding,0.7059333595529326,0.007002321494692931,-0.009638478097929259,"[-1.76,-0.31]",0.775,0.0023768785528426872,"{""boundary"": 3, ""herding"": 67, ""kcenter"": 0, ""kmeans"": 4, ""marc"": 0, ""random"": 6}"
repeat5_0.25,all6|herding_first|lcb=0.5|fb=herding|gap=0.02,80,0.7129356810476255,0.7057086801088642,herding,0.7059333595529326,0.007002321494692931,-0.009638478097929259,"[-1.76,-0.31]",0.775,0.0023768785528426872,"{""boundary"": 3, ""herding"": 67, ""kcenter"": 0, ""kmeans"": 4, ""marc"": 0, ""random"": 6}"
repeat5_0.25,all6|kmeans_first|lcb=0.5|fb=herding|gap=0.02,80,0.7129356810476255,0.7057086801088642,herding,0.7059333595529326,0.007002321494692931,-0.009638478097929259,"[-1.76,-0.31]",0.775,0.0023768785528426872,"{""boundary"": 3, ""herding"": 67, ""kcenter"": 0, ""kmeans"": 4, ""marc"": 0, ""random"": 6}"
repeat5_0.25,all6|default|lcb=0.5|fb=herding|gap=0.02,80,0.7129356810476255,0.7057086801088642,herding,0.7059333595529326,0.007002321494692931,-0.009638478097929259,"[-1.76,-0.31]",0.775,0.0023768785528426872,"{""boundary"": 3, ""herding"": 67, ""kcenter"": 0, ""kmeans"": 4, ""marc"": 0, ""random"": 6}"
repeat5_0.25,no_boundary|default|lcb=1|fb=kmeans|gap=0.01,80,0.7129271950165867,0.7041160262936078,herding,0.7059333595529326,0.006993835463654174,-0.009646964128968021,"[-1.77,-0.28]",0.7,0.002204584963417973,"{""boundary"": 0, ""herding"": 8, ""kcenter"": 0, ""kmeans"": 64, ""marc"": 1, ""random"": 7}"
repeat5_0.25,no_boundary|marc_first|lcb=1|fb=kmeans|gap=0.01,80,0.7129271950165867,0.7041160262936078,herding,0.7059333595529326,0.006993835463654174,-0.009646964128968021,"[-1.77,-0.28]",0.7,0.002204584963417973,"{""boundary"": 0, ""herding"": 8, ""kcenter"": 0, ""kmeans"": 64, ""marc"": 1, ""random"": 7}"
repeat5_0.25,no_boundary|herding_first|lcb=1|fb=kmeans|gap=0.01,80,0.7129271950165867,0.7041160262936078,herding,0.7059333595529326,0.006993835463654174,-0.009646964128968021,"[-1.77,-0.28]",0.7,0.002204584963417973,"{""boundary"": 0, ""herding"": 8, ""kcenter"": 0, ""kmeans"": 64, ""marc"": 1, ""random"": 7}"
repeat5_0.25,no_boundary|kmeans_first|lcb=1|fb=kmeans|gap=0.01,80,0.7129271950165867,0.7041160262936078,herding,0.7059333595529326,0.006993835463654174,-0.009646964128968021,"[-1.77,-0.28]",0.7,0.002204584963417973,"{""boundary"": 0, ""herding"": 8, ""kcenter"": 0, ""kmeans"": 64, ""marc"": 1, ""random"": 7}"
repeat5_0.25,no_random|marc_first|lcb=0.5|fb=kmeans|gap=0,80,0.7126973757473707,0.7102343645125401,herding,0.7059333595529326,0.006764016194438116,-0.009876783398184178,"[-1.81,-0.27]",0.4125,0.005347755101500373,"{""boundary"": 16, ""herding"": 11, ""kcenter"": 0, ""kmeans"": 50, ""marc"": 3, ""random"": 0}"
repeat5_0.25,no_random|default|lcb=0.5|fb=kmeans|gap=0,80,0.7126973757473707,0.7102343645125401,herding,0.7059333595529326,0.006764016194438116,-0.009876783398184178,"[-1.81,-0.27]",0.4125,0.005347755101500373,"{""boundary"": 16, ""herding"": 11, ""kcenter"": 0, ""kmeans"": 50, ""marc"": 3, ""random"": 0}"
repeat5_0.25,no_random|herding_first|lcb=0.5|fb=kmeans|gap=0,80,0.7126973757473707,0.7102343645125401,herding,0.7059333595529326,0.006764016194438116,-0.009876783398184178,"[-1.81,-0.27]",0.4125,0.005347755101500373,"{""boundary"": 16, ""herding"": 11, ""kcenter"": 0, ""kmeans"": 50, ""marc"": 3, ""random"": 0}"
repeat5_0.25,no_random|kmeans_first|lcb=0.5|fb=kmeans|gap=0,80,0.7126973757473707,0.7102343645125401,herding,0.7059333595529326,0.006764016194438116,-0.009876783398184178,"[-1.81,-0.27]",0.4125,0.005347755101500373,"{""boundary"": 16, ""herding"": 11, ""kcenter"": 0, ""kmeans"": 50, ""marc"": 3, ""random"": 0}"
repeat5_0.25,all6|herding_first|lcb=1|fb=kmeans|gap=0.01,80,0.7126840043551083,0.707341723974712,herding,0.7059333595529326,0.006750644802175687,-0.00989015479044662,"[-1.79,-0.29]",0.6375,0.0036774117582820676,"{""boundary"": 9, ""herding"": 8, ""kcenter"": 0, ""kmeans"": 59, ""marc"": 1, ""random"": 3}"
repeat5_0.25,all6|marc_first|lcb=1|fb=kmeans|gap=0.01,80,0.7126840043551083,0.707341723974712,herding,0.7059333595529326,0.006750644802175687,-0.00989015479044662,"[-1.79,-0.29]",0.6375,0.0036774117582820676,"{""boundary"": 9, ""herding"": 8, ""kcenter"": 0, ""kmeans"": 59, ""marc"": 1, ""random"": 3}"
repeat5_0.25,all6|kmeans_first|lcb=1|fb=kmeans|gap=0.01,80,0.7126840043551083,0.707341723974712,herding,0.7059333595529326,0.006750644802175687,-0.00989015479044662,"[-1.79,-0.29]",0.6375,0.0036774117582820676,"{""boundary"": 9, ""herding"": 8, ""kcenter"": 0, ""kmeans"": 59, ""marc"": 1, ""random"": 3}"
repeat5_0.25,all6|default|lcb=1|fb=kmeans|gap=0.01,80,0.7126840043551083,0.707341723974712,herding,0.7059333595529326,0.006750644802175687,-0.00989015479044662,"[-1.79,-0.29]",0.6375,0.0036774117582820676,"{""boundary"": 9, ""herding"": 8, ""kcenter"": 0, ""kmeans"": 59, ""marc"": 1, ""random"": 3}"
repeat5_0.25,all6|marc_first|lcb=0.5|fb=kmeans|gap=0.02,80,0.7126338350223513,0.7052236989488442,herding,0.7059333595529326,0.006700475469418765,-0.009940324123203502,"[-1.82,-0.29]",0.775,0.0023768785528426872,"{""boundary"": 3, ""herding"": 5, ""kcenter"": 0, ""kmeans"": 66, ""marc"": 0, ""random"": 6}"
repeat5_0.25,all6|herding_first|lcb=0.5|fb=kmeans|gap=0.02,80,0.7126338350223513,0.7052236989488442,herding,0.7059333595529326,0.006700475469418765,-0.009940324123203502,"[-1.82,-0.29]",0.775,0.0023768785528426872,"{""boundary"": 3, ""herding"": 5, ""kcenter"": 0, ""kmeans"": 66, ""marc"": 0, ""random"": 6}"
repeat5_0.25,all6|kmeans_first|lcb=0.5|fb=kmeans|gap=0.02,80,0.7126338350223513,0.7052236989488442,herding,0.7059333595529326,0.006700475469418765,-0.009940324123203502,"[-1.82,-0.29]",0.775,0.0023768785528426872,"{""boundary"": 3, ""herding"": 5, ""kcenter"": 0, ""kmeans"": 66, ""marc"": 0, ""random"": 6}"
repeat5_0.25,all6|default|lcb=0.5|fb=kmeans|gap=0.02,80,0.7126338350223513,0.7052236989488442,herding,0.7059333595529326,0.006700475469418765,-0.009940324123203502,"[-1.82,-0.29]",0.775,0.0023768785528426872,"{""boundary"": 3, ""herding"": 5, ""kcenter"": 0, ""kmeans"": 66, ""marc"": 0, ""random"": 6}"
repeat5_0.25,all6|default|lcb=1|fb=herding|gap=0.005,80,0.712527319839807,0.7084881224909064,herding,0.7059333595529326,0.006593960286874423,-0.010046839305747771,"[-1.76,-0.34]",0.5125,0.0036774117582820676,"{""boundary"": 11, ""herding"": 51, ""kcenter"": 0, ""kmeans"": 12, ""marc"": 2, ""random"": 4}"
repeat5_0.25,all6|kmeans_first|lcb=1|fb=herding|gap=0.005,80,0.712527319839807,0.7084881224909064,herding,0.7059333595529326,0.006593960286874423,-0.010046839305747771,"[-1.76,-0.34]",0.5125,0.0036774117582820676,"{""boundary"": 11, ""herding"": 51, ""kcenter"": 0, ""kmeans"": 12, ""marc"": 2, ""random"": 4}"
repeat5_0.25,all6|marc_first|lcb=1|fb=herding|gap=0.005,80,0.712527319839807,0.7084881224909064,herding,0.7059333595529326,0.006593960286874423,-0.010046839305747771,"[-1.76,-0.34]",0.5125,0.0036774117582820676,"{""boundary"": 11, ""herding"": 51, ""kcenter"": 0, ""kmeans"": 12, ""marc"": 2, ""random"": 4}"
repeat5_0.25,all6|herding_first|lcb=1|fb=herding|gap=0.005,80,0.712527319839807,0.7084881224909064,herding,0.7059333595529326,0.006593960286874423,-0.010046839305747771,"[-1.76,-0.34]",0.5125,0.0036774117582820676,"{""boundary"": 11, ""herding"": 51, ""kcenter"": 0, ""kmeans"": 12, ""marc"": 2, ""random"": 4}"
repeat5_0.25,no_random|default|lcb=1|fb=kmeans|gap=0.005,80,0.7124658942658891,0.7099892664733244,herding,0.7059333595529326,0.006532534712956561,-0.010108264879665662,"[-1.83,-0.29]",0.4875,0.00687146966882074,"{""boundary"": 16, ""herding"": 10, ""kcenter"": 0, ""kmeans"": 52, ""marc"": 2, ""random"": 0}"
repeat5_0.25,no_random|herding_first|lcb=1|fb=kmeans|gap=0.005,80,0.7124658942658891,0.7099892664733244,herding,0.7059333595529326,0.006532534712956561,-0.010108264879665662,"[-1.83,-0.29]",0.4875,0.00687146966882074,"{""boundary"": 16, ""herding"": 10, ""kcenter"": 0, ""kmeans"": 52, ""marc"": 2, ""random"": 0}"
repeat5_0.25,no_random|kmeans_first|lcb=1|fb=kmeans|gap=0.005,80,0.7124658942658891,0.7099892664733244,herding,0.7059333595529326,0.006532534712956561,-0.010108264879665662,"[-1.83,-0.29]",0.4875,0.00687146966882074,"{""boundary"": 16, ""herding"": 10, ""kcenter"": 0, ""kmeans"": 52, ""marc"": 2, ""random"": 0}"
repeat5_0.25,no_random|marc_first|lcb=1|fb=kmeans|gap=0.005,80,0.7124658942658891,0.7099892664733244,herding,0.7059333595529326,0.006532534712956561,-0.010108264879665662,"[-1.83,-0.29]",0.4875,0.00687146966882074,"{""boundary"": 16, ""herding"": 10, ""kcenter"": 0, ""kmeans"": 52, ""marc"": 2, ""random"": 0}"
repeat5_0.25,no_random|kmeans_first|lcb=0.25|fb=kmeans|gap=0,80,0.7124354361762205,0.7099603266782497,herding,0.7059333595529326,0.0065020766232879446,-0.010138722969334279,"[-1.83,-0.29]",0.4125,0.004612211204875871,"{""boundary"": 16, ""herding"": 11, ""kcenter"": 0, ""kmeans"": 48, ""marc"": 5, ""random"": 0}"
repeat5_0.25,no_random|default|lcb=0.25|fb=kmeans|gap=0,80,0.7124354361762205,0.7099603266782497,herding,0.7059333595529326,0.0065020766232879446,-0.010138722969334279,"[-1.83,-0.29]",0.4125,0.004612211204875871,"{""boundary"": 16, ""herding"": 11, ""kcenter"": 0, ""kmeans"": 48, ""marc"": 5, ""random"": 0}"
repeat5_0.25,no_random|herding_first|lcb=0.25|fb=kmeans|gap=0,80,0.7124354361762205,0.7099603266782497,herding,0.7059333595529326,0.0065020766232879446,-0.010138722969334279,"[-1.83,-0.29]",0.4125,0.004612211204875871,"{""boundary"": 16, ""herding"": 11, ""kcenter"": 0, ""kmeans"": 48, ""marc"": 5, ""random"": 0}"
repeat5_0.25,no_random|marc_first|lcb=0.25|fb=kmeans|gap=0,80,0.7124354361762205,0.7099603266782497,herding,0.7059333595529326,0.0065020766232879446,-0.010138722969334279,"[-1.83,-0.29]",0.4125,0.004612211204875871,"{""boundary"": 16, ""herding"": 11, ""kcenter"": 0, ""kmeans"": 48, ""marc"": 5, ""random"": 0}"
repeat5_0.25,no_random|marc_first|lcb=1|fb=kmeans|gap=0,80,0.7122344127844077,0.7097945636083429,herding,0.7059333595529326,0.006301053231475118,-0.010339746361147142,"[-1.85,-0.31]",0.4125,0.00687146966882074,"{""boundary"": 16, ""herding"": 10, ""kcenter"": 0, ""kmeans"": 50, ""marc"": 4, ""random"": 0}"
repeat5_0.25,no_random|default|lcb=1|fb=kmeans|gap=0,80,0.7122344127844077,0.7097945636083429,herding,0.7059333595529326,0.006301053231475118,-0.010339746361147142,"[-1.85,-0.31]",0.4125,0.00687146966882074,"{""boundary"": 16, ""herding"": 10, ""kcenter"": 0, ""kmeans"": 50, ""marc"": 4, ""random"": 0}"
repeat5_0.25,no_random|kmeans_first|lcb=1|fb=kmeans|gap=0,80,0.7122344127844077,0.7097945636083429,herding,0.7059333595529326,0.006301053231475118,-0.010339746361147142,"[-1.85,-0.31]",0.4125,0.00687146966882074,"{""boundary"": 16, ""herding"": 10, ""kcenter"": 0, ""kmeans"": 50, ""marc"": 4, ""random"": 0}"
repeat5_0.25,no_random|herding_first|lcb=1|fb=kmeans|gap=0,80,0.7122344127844077,0.7097945636083429,herding,0.7059333595529326,0.006301053231475118,-0.010339746361147142,"[-1.85,-0.31]",0.4125,0.00687146966882074,"{""boundary"": 16, ""herding"": 10, ""kcenter"": 0, ""kmeans"": 50, ""marc"": 4, ""random"": 0}"
repeat5_0.25,no_boundary|herding_first|lcb=1|fb=herding|gap=0.01,80,0.7121276235113783,0.7033371511672909,herding,0.7059333595529326,0.006194263958445689,-0.010446535634176435,"[-1.84,-0.40]",0.7,0.002204584963417973,"{""boundary"": 0, ""herding"": 64, ""kcenter"": 0, ""kmeans"": 8, ""marc"": 1, ""random"": 7}"
repeat5_0.25,no_boundary|marc_first|lcb=1|fb=herding|gap=0.01,80,0.7121276235113783,0.7033371511672909,herding,0.7059333595529326,0.006194263958445689,-0.010446535634176435,"[-1.84,-0.40]",0.7,0.002204584963417973,"{""boundary"": 0, ""herding"": 64, ""kcenter"": 0, ""kmeans"": 8, ""marc"": 1, ""random"": 7}"
repeat5_0.25,no_boundary|kmeans_first|lcb=1|fb=herding|gap=0.01,80,0.7121276235113783,0.7033371511672909,herding,0.7059333595529326,0.006194263958445689,-0.010446535634176435,"[-1.84,-0.40]",0.7,0.002204584963417973,"{""boundary"": 0, ""herding"": 64, ""kcenter"": 0, ""kmeans"": 8, ""marc"": 1, ""random"": 7}"
repeat5_0.25,no_boundary|default|lcb=1|fb=herding|gap=0.01,80,0.7121276235113783,0.7033371511672909,herding,0.7059333595529326,0.006194263958445689,-0.010446535634176435,"[-1.84,-0.40]",0.7,0.002204584963417973,"{""boundary"": 0, ""herding"": 64, ""kcenter"": 0, ""kmeans"": 8, ""marc"": 1, ""random"": 7}"
repeat5_0.25,no_boundary|herding_first|lcb=0|fb=kmeans|gap=0.05,80,0.7120512746586625,0.7037736654723556,herding,0.7059333595529326,0.006117915105729899,-0.010522884486892274,"[-1.81,-0.41]",0.9,0.0019523809523809832,"{""boundary"": 0, ""herding"": 0, ""kcenter"": 0, ""kmeans"": 72, ""marc"": 0, ""random"": 8}"
repeat5_0.25,no_boundary|marc_first|lcb=0|fb=kmeans|gap=0.05,80,0.7120512746586625,0.7037736654723556,herding,0.7059333595529326,0.006117915105729899,-0.010522884486892274,"[-1.81,-0.41]",0.9,0.0019523809523809832,"{""boundary"": 0, ""herding"": 0, ""kcenter"": 0, ""kmeans"": 72, ""marc"": 0, ""random"": 8}"
repeat5_0.25,no_boundary|default|lcb=0|fb=kmeans|gap=0.05,80,0.7120512746586625,0.7037736654723556,herding,0.7059333595529326,0.006117915105729899,-0.010522884486892274,"[-1.81,-0.41]",0.9,0.0019523809523809832,"{""boundary"": 0, ""herding"": 0, ""kcenter"": 0, ""kmeans"": 72, ""marc"": 0, ""random"": 8}"
repeat5_0.25,no_boundary|kmeans_first|lcb=0|fb=kmeans|gap=0.05,80,0.7120512746586625,0.7037736654723556,herding,0.7059333595529326,0.006117915105729899,-0.010522884486892274,"[-1.81,-0.41]",0.9,0.0019523809523809832,"{""boundary"": 0, ""herding"": 0, ""kcenter"": 0, ""kmeans"": 72, ""marc"": 0, ""random"": 8}"
repeat5_0.25,no_random|kmeans_first|lcb=0.5|fb=kmeans|gap=0.005,80,0.7120029313029261,0.7095169368190095,herding,0.7059333595529326,0.006069571749993563,-0.010571227842628624,"[-1.87,-0.33]",0.5,0.005347755101500373,"{""boundary"": 16, ""herding"": 9, ""kcenter"": 0, ""kmeans"": 53, ""marc"": 2, ""random"": 0}"
repeat5_0.25,no_random|kmeans_first|lcb=0.25|fb=kmeans|gap=0.005,80,0.7120029313029261,0.7095169368190095,herding,0.7059333595529326,0.006069571749993563,-0.010571227842628624,"[-1.87,-0.33]",0.5125,0.004612211204875871,"{""boundary"": 16, ""herding"": 9, ""kcenter"": 0, ""kmeans"": 53, ""marc"": 2, ""random"": 0}"
repeat5_0.25,no_random|herding_first|lcb=0.25|fb=kmeans|gap=0.005,80,0.7120029313029261,0.7095169368190095,herding,0.7059333595529326,0.006069571749993563,-0.010571227842628624,"[-1.87,-0.33]",0.5125,0.004612211204875871,"{""boundary"": 16, ""herding"": 9, ""kcenter"": 0, ""kmeans"": 53, ""marc"": 2, ""random"": 0}"
repeat5_0.25,no_random|default|lcb=0.5|fb=kmeans|gap=0.005,80,0.7120029313029261,0.7095169368190095,herding,0.7059333595529326,0.006069571749993563,-0.010571227842628624,"[-1.87,-0.33]",0.5,0.005347755101500373,"{""boundary"": 16, ""herding"": 9, ""kcenter"": 0, ""kmeans"": 53, ""marc"": 2, ""random"": 0}"
repeat5_0.25,no_random|default|lcb=0.25|fb=kmeans|gap=0.005,80,0.7120029313029261,0.7095169368190095,herding,0.7059333595529326,0.006069571749993563,-0.010571227842628624,"[-1.87,-0.33]",0.5125,0.004612211204875871,"{""boundary"": 16, ""herding"": 9, ""kcenter"": 0, ""kmeans"": 53, ""marc"": 2, ""random"": 0}"
repeat5_0.25,no_random|marc_first|lcb=0.25|fb=kmeans|gap=0.005,80,0.7120029313029261,0.7095169368190095,herding,0.7059333595529326,0.006069571749993563,-0.010571227842628624,"[-1.87,-0.33]",0.5125,0.004612211204875871,"{""boundary"": 16, ""herding"": 9, ""kcenter"": 0, ""kmeans"": 53, ""marc"": 2, ""random"": 0}"
repeat5_0.25,no_random|marc_first|lcb=0.5|fb=kmeans|gap=0.005,80,0.7120029313029261,0.7095169368190095,herding,0.7059333595529326,0.006069571749993563,-0.010571227842628624,"[-1.87,-0.33]",0.5,0.005347755101500373,"{""boundary"": 16, ""herding"": 9, ""kcenter"": 0, ""kmeans"": 53, ""marc"": 2, ""random"": 0}"
repeat5_0.25,no_random|herding_first|lcb=0.5|fb=kmeans|gap=0.005,80,0.7120029313029261,0.7095169368190095,herding,0.7059333595529326,0.006069571749993563,-0.010571227842628624,"[-1.87,-0.33]",0.5,0.005347755101500373,"{""boundary"": 16, ""herding"": 9, ""kcenter"": 0, ""kmeans"": 53, ""marc"": 2, ""random"": 0}"
repeat5_0.25,all6|marc_first|lcb=1|fb=herding|gap=0.01,80,0.7119573900483434,0.7067202635935599,herding,0.7059333595529326,0.0060240304954107815,-0.010616769097211454,"[-1.82,-0.40]",0.6375,0.0036774117582820676,"{""boundary"": 9, ""herding"": 59, ""kcenter"": 0, ""kmeans"": 8, ""marc"": 1, ""random"": 3}"
repeat5_0.25,all6|kmeans_first|lcb=1|fb=herding|gap=0.01,80,0.7119573900483434,0.7067202635935599,herding,0.7059333595529326,0.0060240304954107815,-0.010616769097211454,"[-1.82,-0.40]",0.6375,0.0036774117582820676,"{""boundary"": 9, ""herding"": 59, ""kcenter"": 0, ""kmeans"": 8, ""marc"": 1, ""random"": 3}"
repeat5_0.25,all6|herding_first|lcb=1|fb=herding|gap=0.01,80,0.7119573900483434,0.7067202635935599,herding,0.7059333595529326,0.0060240304954107815,-0.010616769097211454,"[-1.82,-0.40]",0.6375,0.0036774117582820676,"{""boundary"": 9, ""herding"": 59, ""kcenter"": 0, ""kmeans"": 8, ""marc"": 1, ""random"": 3}"
repeat5_0.25,all6|default|lcb=1|fb=herding|gap=0.01,80,0.7119573900483434,0.7067202635935599,herding,0.7059333595529326,0.0060240304954107815,-0.010616769097211454,"[-1.82,-0.40]",0.6375,0.0036774117582820676,"{""boundary"": 9, ""herding"": 59, ""kcenter"": 0, ""kmeans"": 8, ""marc"": 1, ""random"": 3}"
repeat5_0.25,no_random|default|lcb=0.5|fb=none|gap=0,80,0.7118640424140372,0.709490224933584,herding,0.7059333595529326,0.0059306828611046525,-0.010710116731517512,"[-1.86,-0.38]",0.0,0.005347755101500373,"{""boundary"": 16, ""herding"": 44, ""kcenter"": 0, ""kmeans"": 17, ""marc"": 3, ""random"": 0}"
repeat5_0.25,no_random|kmeans_first|lcb=0.5|fb=none|gap=0,80,0.7118640424140372,0.709490224933584,herding,0.7059333595529326,0.0059306828611046525,-0.010710116731517512,"[-1.86,-0.38]",0.0,0.005347755101500373,"{""boundary"": 16, ""herding"": 12, ""kcenter"": 0, ""kmeans"": 49, ""marc"": 3, ""random"": 0}"
repeat5_0.25,no_random|herding_first|lcb=0.5|fb=none|gap=0,80,0.7118640424140372,0.709490224933584,herding,0.7059333595529326,0.0059306828611046525,-0.010710116731517512,"[-1.86,-0.38]",0.0,0.005347755101500373,"{""boundary"": 16, ""herding"": 44, ""kcenter"": 0, ""kmeans"": 17, ""marc"": 3, ""random"": 0}"
repeat5_0.25,no_random|marc_first|lcb=0.5|fb=herding|gap=0,80,0.7118640424140372,0.709490224933584,herding,0.7059333595529326,0.0059306828611046525,-0.010710116731517512,"[-1.86,-0.38]",0.4125,0.005347755101500373,"{""boundary"": 16, ""herding"": 44, ""kcenter"": 0, ""kmeans"": 17, ""marc"": 3, ""random"": 0}"
repeat5_0.25,no_random|marc_first|lcb=0.5|fb=none|gap=0,80,0.7118640424140372,0.709490224933584,herding,0.7059333595529326,0.0059306828611046525,-0.010710116731517512,"[-1.86,-0.38]",0.0,0.005347755101500373,"{""boundary"": 16, ""herding"": 12, ""kcenter"": 0, ""kmeans"": 17, ""marc"": 35, ""random"": 0}"
repeat5_0.25,no_random|default|lcb=0.5|fb=herding|gap=0,80,0.7118640424140372,0.709490224933584,herding,0.7059333595529326,0.0059306828611046525,-0.010710116731517512,"[-1.86,-0.38]",0.4125,0.005347755101500373,"{""boundary"": 16, ""herding"": 44, ""kcenter"": 0, ""kmeans"": 17, ""marc"": 3, ""random"": 0}"
repeat5_0.25,no_random|kmeans_first|lcb=0.5|fb=herding|gap=0,80,0.7118640424140372,0.709490224933584,herding,0.7059333595529326,0.0059306828611046525,-0.010710116731517512,"[-1.86,-0.38]",0.4125,0.005347755101500373,"{""boundary"": 16, ""herding"": 44, ""kcenter"": 0, ""kmeans"": 17, ""marc"": 3, ""random"": 0}"
repeat5_0.25,no_random|herding_first|lcb=0.5|fb=herding|gap=0,80,0.7118640424140372,0.709490224933584,herding,0.7059333595529326,0.0059306828611046525,-0.010710116731517512,"[-1.86,-0.38]",0.4125,0.005347755101500373,"{""boundary"": 16, ""herding"": 44, ""kcenter"": 0, ""kmeans"": 17, ""marc"": 3, ""random"": 0}"
repeat5_0.25,no_random|kmeans_first|lcb=1|fb=kmeans|gap=0.01,80,0.7118408942658891,0.7093395436565076,herding,0.7059333595529326,0.005907534712956575,-0.01073326487966566,"[-1.89,-0.34]",0.575,0.00687146966882074,"{""boundary"": 16, ""herding"": 8, ""kcenter"": 0, ""kmeans"": 55, ""marc"": 1, ""random"": 0}"
repeat5_0.25,no_random|herding_first|lcb=1|fb=kmeans|gap=0.01,80,0.7118408942658891,0.7093395436565076,herding,0.7059333595529326,0.005907534712956575,-0.01073326487966566,"[-1.89,-0.34]",0.575,0.00687146966882074,"{""boundary"": 16, ""herding"": 8, ""kcenter"": 0, ""kmeans"": 55, ""marc"": 1, ""random"": 0}"
repeat5_0.25,no_random|default|lcb=1|fb=kmeans|gap=0.01,80,0.7118408942658891,0.7093395436565076,herding,0.7059333595529326,0.005907534712956575,-0.01073326487966566,"[-1.89,-0.34]",0.575,0.00687146966882074,"{""boundary"": 16, ""herding"": 8, ""kcenter"": 0, ""kmeans"": 55, ""marc"": 1, ""random"": 0}"
repeat5_0.25,no_random|kmeans_first|lcb=0.5|fb=kmeans|gap=0.01,80,0.7118408942658891,0.7093395436565076,herding,0.7059333595529326,0.005907534712956575,-0.01073326487966566,"[-1.89,-0.34]",0.5875,0.005347755101500373,"{""boundary"": 16, ""herding"": 8, ""kcenter"": 0, ""kmeans"": 55, ""marc"": 1, ""random"": 0}"
repeat5_0.25,no_random|marc_first|lcb=1|fb=kmeans|gap=0.01,80,0.7118408942658891,0.7093395436565076,herding,0.7059333595529326,0.005907534712956575,-0.01073326487966566,"[-1.89,-0.34]",0.575,0.00687146966882074,"{""boundary"": 16, ""herding"": 8, ""kcenter"": 0, ""kmeans"": 55, ""marc"": 1, ""random"": 0}"
repeat5_0.25,no_random|default|lcb=0.5|fb=kmeans|gap=0.01,80,0.7118408942658891,0.7093395436565076,herding,0.7059333595529326,0.005907534712956575,-0.01073326487966566,"[-1.89,-0.34]",0.5875,0.005347755101500373,"{""boundary"": 16, ""herding"": 8, ""kcenter"": 0, ""kmeans"": 55, ""marc"": 1, ""random"": 0}"
repeat5_0.25,no_random|marc_first|lcb=0.5|fb=kmeans|gap=0.01,80,0.7118408942658891,0.7093395436565076,herding,0.7059333595529326,0.005907534712956575,-0.01073326487966566,"[-1.89,-0.34]",0.5875,0.005347755101500373,"{""boundary"": 16, ""herding"": 8, ""kcenter"": 0, ""kmeans"": 55, ""marc"": 1, ""random"": 0}"
repeat5_0.25,no_random|herding_first|lcb=0.5|fb=kmeans|gap=0.01,80,0.7118408942658891,0.7093395436565076,herding,0.7059333595529326,0.005907534712956575,-0.01073326487966566,"[-1.89,-0.34]",0.5875,0.005347755101500373,"{""boundary"": 16, ""herding"": 8, ""kcenter"": 0, ""kmeans"": 55, ""marc"": 1, ""random"": 0}"
repeat5_0.25,no_random|default|lcb=0.25|fb=herding|gap=0,80,0.7116021028428872,0.7092161870992937,herding,0.7059333595529326,0.005668743289954592,-0.01097205630266761,"[-1.88,-0.40]",0.4125,0.004612211204875871,"{""boundary"": 16, ""herding"": 44, ""kcenter"": 0, ""kmeans"": 15, ""marc"": 5, ""random"": 0}"
repeat5_0.25,no_random|herding_first|lcb=0.25|fb=none|gap=0,80,0.7116021028428872,0.7092161870992937,herding,0.7059333595529326,0.005668743289954592,-0.01097205630266761,"[-1.88,-0.40]",0.0,0.004612211204875871,"{""boundary"": 16, ""herding"": 44, ""kcenter"": 0, ""kmeans"": 15, ""marc"": 5, ""random"": 0}"
repeat5_0.25,no_random|kmeans_first|lcb=0.25|fb=herding|gap=0,80,0.7116021028428872,0.7092161870992937,herding,0.7059333595529326,0.005668743289954592,-0.01097205630266761,"[-1.88,-0.40]",0.4125,0.004612211204875871,"{""boundary"": 16, ""herding"": 44, ""kcenter"": 0, ""kmeans"": 15, ""marc"": 5, ""random"": 0}"
repeat5_0.25,no_random|marc_first|lcb=0.25|fb=herding|gap=0,80,0.7116021028428872,0.7092161870992937,herding,0.7059333595529326,0.005668743289954592,-0.01097205630266761,"[-1.88,-0.40]",0.4125,0.004612211204875871,"{""boundary"": 16, ""herding"": 44, ""kcenter"": 0, ""kmeans"": 15, ""marc"": 5, ""random"": 0}"
repeat5_0.25,no_random|herding_first|lcb=0.25|fb=herding|gap=0,80,0.7116021028428872,0.7092161870992937,herding,0.7059333595529326,0.005668743289954592,-0.01097205630266761,"[-1.88,-0.40]",0.4125,0.004612211204875871,"{""boundary"": 16, ""herding"": 44, ""kcenter"": 0, ""kmeans"": 15, ""marc"": 5, ""random"": 0}"
repeat5_0.25,no_random|kmeans_first|lcb=0.25|fb=none|gap=0,80,0.7116021028428872,0.7092161870992937,herding,0.7059333595529326,0.005668743289954592,-0.01097205630266761,"[-1.88,-0.40]",0.0,0.004612211204875871,"{""boundary"": 16, ""herding"": 12, ""kcenter"": 0, ""kmeans"": 47, ""marc"": 5, ""random"": 0}"
repeat5_0.25,no_random|default|lcb=0.25|fb=none|gap=0,80,0.7116021028428872,0.7092161870992937,herding,0.7059333595529326,0.005668743289954592,-0.01097205630266761,"[-1.88,-0.40]",0.0,0.004612211204875871,"{""boundary"": 16, ""herding"": 44, ""kcenter"": 0, ""kmeans"": 15, ""marc"": 5, ""random"": 0}"
repeat5_0.25,no_random|marc_first|lcb=0.25|fb=none|gap=0,80,0.7116021028428872,0.7092161870992937,herding,0.7059333595529326,0.005668743289954592,-0.01097205630266761,"[-1.88,-0.40]",0.0,0.004612211204875871,"{""boundary"": 16, ""herding"": 12, ""kcenter"": 0, ""kmeans"": 15, ""marc"": 37, ""random"": 0}"
repeat5_0.25,no_random|marc_first|lcb=0.5|fb=herding|gap=0.01,80,0.7115765180475655,0.7091108766803884,herding,0.7059333595529326,0.005643158494632927,-0.010997641097989248,"[-1.89,-0.41]",0.5875,0.005347755101500373,"{""boundary"": 16, ""herding"": 55, ""kcenter"": 0, ""kmeans"": 8, ""marc"": 1, ""random"": 0}"
repeat5_0.25,no_random|default|lcb=0.5|fb=herding|gap=0.01,80,0.7115765180475655,0.7091108766803884,herding,0.7059333595529326,0.005643158494632927,-0.010997641097989248,"[-1.89,-0.41]",0.5875,0.005347755101500373,"{""boundary"": 16, ""herding"": 55, ""kcenter"": 0, ""kmeans"": 8, ""marc"": 1, ""random"": 0}"
repeat5_0.25,no_random|herding_first|lcb=0.5|fb=herding|gap=0.01,80,0.7115765180475655,0.7091108766803884,herding,0.7059333595529326,0.005643158494632927,-0.010997641097989248,"[-1.89,-0.41]",0.5875,0.005347755101500373,"{""boundary"": 16, ""herding"": 55, ""kcenter"": 0, ""kmeans"": 8, ""marc"": 1, ""random"": 0}"
repeat5_0.25,no_random|kmeans_first|lcb=0.5|fb=herding|gap=0.01,80,0.7115765180475655,0.7091108766803884,herding,0.7059333595529326,0.005643158494632927,-0.010997641097989248,"[-1.89,-0.41]",0.5875,0.005347755101500373,"{""boundary"": 16, ""herding"": 55, ""kcenter"": 0, ""kmeans"": 8, ""marc"": 1, ""random"": 0}"
repeat5_0.25,no_random|default|lcb=1|fb=herding|gap=0.01,80,0.7114376291586767,0.709122661595025,herding,0.7059333595529326,0.005504269605744128,-0.011136529986878137,"[-1.90,-0.42]",0.575,0.00687146966882074,"{""boundary"": 16, ""herding"": 54, ""kcenter"": 0, ""kmeans"": 9, ""marc"": 1, ""random"": 0}"
repeat5_0.25,no_random|kmeans_first|lcb=1|fb=herding|gap=0.01,80,0.7114376291586767,0.709122661595025,herding,0.7059333595529326,0.005504269605744128,-0.011136529986878137,"[-1.90,-0.42]",0.575,0.00687146966882074,"{""boundary"": 16, ""herding"": 54, ""kcenter"": 0, ""kmeans"": 9, ""marc"": 1, ""random"": 0}"
repeat5_0.25,no_random|herding_first|lcb=1|fb=herding|gap=0.01,80,0.7114376291586767,0.709122661595025,herding,0.7059333595529326,0.005504269605744128,-0.011136529986878137,"[-1.90,-0.42]",0.575,0.00687146966882074,"{""boundary"": 16, ""herding"": 54, ""kcenter"": 0, ""kmeans"": 9, ""marc"": 1, ""random"": 0}"
repeat5_0.25,no_random|marc_first|lcb=1|fb=herding|gap=0.01,80,0.7114376291586767,0.709122661595025,herding,0.7059333595529326,0.005504269605744128,-0.011136529986878137,"[-1.90,-0.42]",0.575,0.00687146966882074,"{""boundary"": 16, ""herding"": 54, ""kcenter"": 0, ""kmeans"": 9, ""marc"": 1, ""random"": 0}"
repeat5_0.25,no_random|marc_first|lcb=1|fb=none|gap=0,80,0.7114010794510743,0.7090504240293869,herding,0.7059333595529326,0.005467719898141765,-0.011173079694480476,"[-1.91,-0.42]",0.0,0.00687146966882074,"{""boundary"": 16, ""herding"": 11, ""kcenter"": 0, ""kmeans"": 17, ""marc"": 36, ""random"": 0}"
repeat5_0.25,no_random|herding_first|lcb=1|fb=none|gap=0,80,0.7114010794510743,0.7090504240293869,herding,0.7059333595529326,0.005467719898141765,-0.011173079694480476,"[-1.91,-0.42]",0.0,0.00687146966882074,"{""boundary"": 16, ""herding"": 43, ""kcenter"": 0, ""kmeans"": 17, ""marc"": 4, ""random"": 0}"
repeat5_0.25,no_random|default|lcb=1|fb=herding|gap=0,80,0.7114010794510743,0.7090504240293869,herding,0.7059333595529326,0.005467719898141765,-0.011173079694480476,"[-1.91,-0.42]",0.4125,0.00687146966882074,"{""boundary"": 16, ""herding"": 43, ""kcenter"": 0, ""kmeans"": 17, ""marc"": 4, ""random"": 0}"
repeat5_0.25,no_random|default|lcb=1|fb=none|gap=0,80,0.7114010794510743,0.7090504240293869,herding,0.7059333595529326,0.005467719898141765,-0.011173079694480476,"[-1.91,-0.42]",0.0,0.00687146966882074,"{""boundary"": 16, ""herding"": 43, ""kcenter"": 0, ""kmeans"": 17, ""marc"": 4, ""random"": 0}"
repeat5_0.25,no_random|kmeans_first|lcb=1|fb=herding|gap=0,80,0.7114010794510743,0.7090504240293869,herding,0.7059333595529326,0.005467719898141765,-0.011173079694480476,"[-1.91,-0.42]",0.4125,0.00687146966882074,"{""boundary"": 16, ""herding"": 43, ""kcenter"": 0, ""kmeans"": 17, ""marc"": 4, ""random"": 0}"
repeat5_0.25,no_random|marc_first|lcb=1|fb=herding|gap=0,80,0.7114010794510743,0.7090504240293869,herding,0.7059333595529326,0.005467719898141765,-0.011173079694480476,"[-1.91,-0.42]",0.4125,0.00687146966882074,"{""boundary"": 16, ""herding"": 43, ""kcenter"": 0, ""kmeans"": 17, ""marc"": 4, ""random"": 0}"
repeat5_0.25,no_random|herding_first|lcb=1|fb=herding|gap=0,80,0.7114010794510743,0.7090504240293869,herding,0.7059333595529326,0.005467719898141765,-0.011173079694480476,"[-1.91,-0.42]",0.4125,0.00687146966882074,"{""boundary"": 16, ""herding"": 43, ""kcenter"": 0, ""kmeans"": 17, ""marc"": 4, ""random"": 0}"
repeat5_0.25,no_random|kmeans_first|lcb=1|fb=none|gap=0,80,0.7114010794510743,0.7090504240293869,herding,0.7059333595529326,0.005467719898141765,-0.011173079694480476,"[-1.91,-0.42]",0.0,0.00687146966882074,"{""boundary"": 16, ""herding"": 11, ""kcenter"": 0, ""kmeans"": 49, ""marc"": 4, ""random"": 0}"
repeat5_0.25,no_random|default|lcb=0.5|fb=herding|gap=0.005,80,0.7113133601528288,0.7088737648792937,herding,0.7059333595529326,0.005380000599896184,-0.01126079899272609,"[-1.91,-0.43]",0.5,0.005347755101500373,"{""boundary"": 16, ""herding"": 49, ""kcenter"": 0, ""kmeans"": 13, ""marc"": 2, ""random"": 0}"
repeat5_0.25,no_random|marc_first|lcb=1|fb=herding|gap=0.005,80,0.7113133601528288,0.7088737648792937,herding,0.7059333595529326,0.005380000599896184,-0.01126079899272609,"[-1.91,-0.43]",0.4875,0.00687146966882074,"{""boundary"": 16, ""herding"": 49, ""kcenter"": 0, ""kmeans"": 13, ""marc"": 2, ""random"": 0}"
repeat5_0.25,no_random|herding_first|lcb=0.5|fb=herding|gap=0.005,80,0.7113133601528288,0.7088737648792937,herding,0.7059333595529326,0.005380000599896184,-0.01126079899272609,"[-1.91,-0.43]",0.5,0.005347755101500373,"{""boundary"": 16, ""herding"": 49, ""kcenter"": 0, ""kmeans"": 13, ""marc"": 2, ""random"": 0}"
repeat5_0.25,no_random|kmeans_first|lcb=0.5|fb=herding|gap=0.005,80,0.7113133601528288,0.7088737648792937,herding,0.7059333595529326,0.005380000599896184,-0.01126079899272609,"[-1.91,-0.43]",0.5,0.005347755101500373,"{""boundary"": 16, ""herding"": 49, ""kcenter"": 0, ""kmeans"": 13, ""marc"": 2, ""random"": 0}"
repeat5_0.25,no_random|default|lcb=1|fb=herding|gap=0.005,80,0.7113133601528288,0.7088737648792937,herding,0.7059333595529326,0.005380000599896184,-0.01126079899272609,"[-1.91,-0.43]",0.4875,0.00687146966882074,"{""boundary"": 16, ""herding"": 49, ""kcenter"": 0, ""kmeans"": 13, ""marc"": 2, ""random"": 0}"
repeat5_0.25,no_random|herding_first|lcb=1|fb=herding|gap=0.005,80,0.7113133601528288,0.7088737648792937,herding,0.7059333595529326,0.005380000599896184,-0.01126079899272609,"[-1.91,-0.43]",0.4875,0.00687146966882074,"{""boundary"": 16, ""herding"": 49, ""kcenter"": 0, ""kmeans"": 13, ""marc"": 2, ""random"": 0}"
repeat5_0.25,no_random|marc_first|lcb=0.5|fb=herding|gap=0.005,80,0.7113133601528288,0.7088737648792937,herding,0.7059333595529326,0.005380000599896184,-0.01126079899272609,"[-1.91,-0.43]",0.5,0.005347755101500373,"{""boundary"": 16, ""herding"": 49, ""kcenter"": 0, ""kmeans"": 13, ""marc"": 2, ""random"": 0}"
repeat5_0.25,no_random|kmeans_first|lcb=1|fb=herding|gap=0.005,80,0.7113133601528288,0.7088737648792937,herding,0.7059333595529326,0.005380000599896184,-0.01126079899272609,"[-1.91,-0.43]",0.4875,0.00687146966882074,"{""boundary"": 16, ""herding"": 49, ""kcenter"": 0, ""kmeans"": 13, ""marc"": 2, ""random"": 0}"
repeat5_0.25,no_random|herding_first|lcb=0.25|fb=herding|gap=0.01,80,0.7111598513808989,0.7086699630875986,herding,0.7059333595529326,0.005226491827966306,-0.011414307764655914,"[-1.92,-0.45]",0.6125,0.004612211204875871,"{""boundary"": 16, ""herding"": 55, ""kcenter"": 0, ""kmeans"": 9, ""marc"": 0, ""random"": 0}"
repeat5_0.25,no_random|herding_first|lcb=0|fb=herding|gap=0.01,80,0.7111598513808989,0.7086699630875986,herding,0.7059333595529326,0.005226491827966306,-0.011414307764655914,"[-1.92,-0.45]",0.6125,0.0019523809523809832,"{""boundary"": 16, ""herding"": 55, ""kcenter"": 0, ""kmeans"": 9, ""marc"": 0, ""random"": 0}"
repeat5_0.25,no_random|marc_first|lcb=0.25|fb=herding|gap=0.01,80,0.7111598513808989,0.7086699630875986,herding,0.7059333595529326,0.005226491827966306,-0.011414307764655914,"[-1.92,-0.45]",0.6125,0.004612211204875871,"{""boundary"": 16, ""herding"": 55, ""kcenter"": 0, ""kmeans"": 9, ""marc"": 0, ""random"": 0}"
repeat5_0.25,no_random|default|lcb=0|fb=herding|gap=0.01,80,0.7111598513808989,0.7086699630875986,herding,0.7059333595529326,0.005226491827966306,-0.011414307764655914,"[-1.92,-0.45]",0.6125,0.0019523809523809832,"{""boundary"": 16, ""herding"": 55, ""kcenter"": 0, ""kmeans"": 9, ""marc"": 0, ""random"": 0}"
repeat5_0.25,no_random|default|lcb=0.25|fb=herding|gap=0.01,80,0.7111598513808989,0.7086699630875986,herding,0.7059333595529326,0.005226491827966306,-0.011414307764655914,"[-1.92,-0.45]",0.6125,0.004612211204875871,"{""boundary"": 16, ""herding"": 55, ""kcenter"": 0, ""kmeans"": 9, ""marc"": 0, ""random"": 0}"
repeat5_0.25,no_random|marc_first|lcb=0|fb=herding|gap=0.01,80,0.7111598513808989,0.7086699630875986,herding,0.7059333595529326,0.005226491827966306,-0.011414307764655914,"[-1.92,-0.45]",0.6125,0.0019523809523809832,"{""boundary"": 16, ""herding"": 55, ""kcenter"": 0, ""kmeans"": 9, ""marc"": 0, ""random"": 0}"
repeat5_0.25,no_random|kmeans_first|lcb=0|fb=herding|gap=0.01,80,0.7111598513808989,0.7086699630875986,herding,0.7059333595529326,0.005226491827966306,-0.011414307764655914,"[-1.92,-0.45]",0.6125,0.0019523809523809832,"{""boundary"": 16, ""herding"": 55, ""kcenter"": 0, ""kmeans"": 9, ""marc"": 0, ""random"": 0}"
repeat5_0.25,no_random|kmeans_first|lcb=0.25|fb=herding|gap=0.01,80,0.7111598513808989,0.7086699630875986,herding,0.7059333595529326,0.005226491827966306,-0.011414307764655914,"[-1.92,-0.45]",0.6125,0.004612211204875871,"{""boundary"": 16, ""herding"": 55, ""kcenter"": 0, ""kmeans"": 9, ""marc"": 0, ""random"": 0}"
repeat5_0.25,no_random|kmeans_first|lcb=0.25|fb=herding|gap=0.005,80,0.7109746661957137,0.7084922333011894,herding,0.7059333595529326,0.005041306642781129,-0.011599492949841101,"[-1.94,-0.46]",0.5125,0.004612211204875871,"{""boundary"": 16, ""herding"": 50, ""kcenter"": 0, ""kmeans"": 12, ""marc"": 2, ""random"": 0}"
repeat5_0.25,no_random|marc_first|lcb=0.25|fb=herding|gap=0.005,80,0.7109746661957137,0.7084922333011894,herding,0.7059333595529326,0.005041306642781129,-0.011599492949841101,"[-1.94,-0.46]",0.5125,0.004612211204875871,"{""boundary"": 16, ""herding"": 50, ""kcenter"": 0, ""kmeans"": 12, ""marc"": 2, ""random"": 0}"
repeat5_0.25,no_random|herding_first|lcb=0.25|fb=herding|gap=0.005,80,0.7109746661957137,0.7084922333011894,herding,0.7059333595529326,0.005041306642781129,-0.011599492949841101,"[-1.94,-0.46]",0.5125,0.004612211204875871,"{""boundary"": 16, ""herding"": 50, ""kcenter"": 0, ""kmeans"": 12, ""marc"": 2, ""random"": 0}"
repeat5_0.25,no_random|default|lcb=0.25|fb=herding|gap=0.005,80,0.7109746661957137,0.7084922333011894,herding,0.7059333595529326,0.005041306642781129,-0.011599492949841101,"[-1.94,-0.46]",0.5125,0.004612211204875871,"{""boundary"": 16, ""herding"": 50, ""kcenter"": 0, ""kmeans"": 12, ""marc"": 2, ""random"": 0}"
repeat5_0.25,no_random|kmeans_first|lcb=0|fb=herding|gap=0,80,0.7106298806206649,0.7081925752944318,herding,0.7059333595529326,0.004696521067732329,-0.011944278524889832,"[-1.98,-0.50]",0.4625,0.0019523809523809832,"{""boundary"": 16, ""herding"": 46, ""kcenter"": 0, ""kmeans"": 14, ""marc"": 4, ""random"": 0}"
repeat5_0.25,no_random|default|lcb=0|fb=herding|gap=0,80,0.7106298806206649,0.7081925752944318,herding,0.7059333595529326,0.004696521067732329,-0.011944278524889832,"[-1.98,-0.50]",0.4625,0.0019523809523809832,"{""boundary"": 16, ""herding"": 46, ""kcenter"": 0, ""kmeans"": 14, ""marc"": 4, ""random"": 0}"
repeat5_0.25,no_random|herding_first|lcb=0|fb=herding|gap=0,80,0.7106298806206649,0.7081925752944318,herding,0.7059333595529326,0.004696521067732329,-0.011944278524889832,"[-1.98,-0.50]",0.4625,0.0019523809523809832,"{""boundary"": 16, ""herding"": 46, ""kcenter"": 0, ""kmeans"": 14, ""marc"": 4, ""random"": 0}"
repeat5_0.25,no_random|marc_first|lcb=0|fb=herding|gap=0,80,0.7106298806206649,0.7081925752944318,herding,0.7059333595529326,0.004696521067732329,-0.011944278524889832,"[-1.98,-0.50]",0.4625,0.0019523809523809832,"{""boundary"": 16, ""herding"": 46, ""kcenter"": 0, ""kmeans"": 14, ""marc"": 4, ""random"": 0}"
repeat5_0.25,all6|marc_first|lcb=0|fb=herding|gap=0.05,80,0.7105628254178069,0.7011106105620402,herding,0.7059333595529326,0.004629465864874338,-0.012011333727747816,"[-2.02,-0.52]",0.9375,0.0019523809523809832,"{""boundary"": 0, ""herding"": 75, ""kcenter"": 0, ""kmeans"": 0, ""marc"": 0, ""random"": 5}"
repeat5_0.25,all6|default|lcb=0|fb=herding|gap=0.05,80,0.7105628254178069,0.7011106105620402,herding,0.7059333595529326,0.004629465864874338,-0.012011333727747816,"[-2.02,-0.52]",0.9375,0.0019523809523809832,"{""boundary"": 0, ""herding"": 75, ""kcenter"": 0, ""kmeans"": 0, ""marc"": 0, ""random"": 5}"
repeat5_0.25,all6|herding_first|lcb=0|fb=herding|gap=0.05,80,0.7105628254178069,0.7011106105620402,herding,0.7059333595529326,0.004629465864874338,-0.012011333727747816,"[-2.02,-0.52]",0.9375,0.0019523809523809832,"{""boundary"": 0, ""herding"": 75, ""kcenter"": 0, ""kmeans"": 0, ""marc"": 0, ""random"": 5}"
repeat5_0.25,all6|kmeans_first|lcb=0|fb=herding|gap=0.05,80,0.7105628254178069,0.7011106105620402,herding,0.7059333595529326,0.004629465864874338,-0.012011333727747816,"[-2.02,-0.52]",0.9375,0.0019523809523809832,"{""boundary"": 0, ""herding"": 75, ""kcenter"": 0, ""kmeans"": 0, ""marc"": 0, ""random"": 5}"
repeat5_0.25,no_random|marc_first|lcb=0|fb=herding|gap=0.005,80,0.710557999529047,0.7079468024712073,herding,0.7059333595529326,0.0046246399761143975,-0.012016159616507767,"[-1.98,-0.51]",0.5625,0.0019523809523809832,"{""boundary"": 16, ""herding"": 53, ""kcenter"": 0, ""kmeans"": 10, ""marc"": 1, ""random"": 0}"
repeat5_0.25,no_random|kmeans_first|lcb=0|fb=herding|gap=0.005,80,0.710557999529047,0.7079468024712073,herding,0.7059333595529326,0.0046246399761143975,-0.012016159616507767,"[-1.98,-0.51]",0.5625,0.0019523809523809832,"{""boundary"": 16, ""herding"": 53, ""kcenter"": 0, ""kmeans"": 10, ""marc"": 1, ""random"": 0}"
repeat5_0.25,no_random|default|lcb=0|fb=herding|gap=0.005,80,0.710557999529047,0.7079468024712073,herding,0.7059333595529326,0.0046246399761143975,-0.012016159616507767,"[-1.98,-0.51]",0.5625,0.0019523809523809832,"{""boundary"": 16, ""herding"": 53, ""kcenter"": 0, ""kmeans"": 10, ""marc"": 1, ""random"": 0}"
repeat5_0.25,no_random|herding_first|lcb=0|fb=herding|gap=0.005,80,0.710557999529047,0.7079468024712073,herding,0.7059333595529326,0.0046246399761143975,-0.012016159616507767,"[-1.98,-0.51]",0.5625,0.0019523809523809832,"{""boundary"": 16, ""herding"": 53, ""kcenter"": 0, ""kmeans"": 10, ""marc"": 1, ""random"": 0}"
repeat5_0.25,no_random|kmeans_first|lcb=0.25|fb=herding|gap=0.02,80,0.7105005603340386,0.705348408627817,herding,0.7059333595529326,0.004567200781106062,-0.012073598811516078,"[-2.03,-0.49]",0.75,0.004612211204875871,"{""boundary"": 11, ""herding"": 65, ""kcenter"": 0, ""kmeans"": 4, ""marc"": 0, ""random"": 0}"
repeat5_0.25,no_random|herding_first|lcb=0.25|fb=herding|gap=0.02,80,0.7105005603340386,0.705348408627817,herding,0.7059333595529326,0.004567200781106062,-0.012073598811516078,"[-2.03,-0.49]",0.75,0.004612211204875871,"{""boundary"": 11, ""herding"": 65, ""kcenter"": 0, ""kmeans"": 4, ""marc"": 0, ""random"": 0}"
repeat5_0.25,no_random|default|lcb=0|fb=herding|gap=0.02,80,0.7105005603340386,0.705348408627817,herding,0.7059333595529326,0.004567200781106062,-0.012073598811516078,"[-2.03,-0.49]",0.775,0.0019523809523809832,"{""boundary"": 11, ""herding"": 65, ""kcenter"": 0, ""kmeans"": 4, ""marc"": 0, ""random"": 0}"
repeat5_0.25,no_random|kmeans_first|lcb=0|fb=herding|gap=0.02,80,0.7105005603340386,0.705348408627817,herding,0.7059333595529326,0.004567200781106062,-0.012073598811516078,"[-2.03,-0.49]",0.775,0.0019523809523809832,"{""boundary"": 11, ""herding"": 65, ""kcenter"": 0, ""kmeans"": 4, ""marc"": 0, ""random"": 0}"
repeat5_0.25,no_random|default|lcb=0.25|fb=herding|gap=0.02,80,0.7105005603340386,0.705348408627817,herding,0.7059333595529326,0.004567200781106062,-0.012073598811516078,"[-2.03,-0.49]",0.75,0.004612211204875871,"{""boundary"": 11, ""herding"": 65, ""kcenter"": 0, ""kmeans"": 4, ""marc"": 0, ""random"": 0}"
repeat5_0.25,no_random|marc_first|lcb=0.25|fb=herding|gap=0.02,80,0.7105005603340386,0.705348408627817,herding,0.7059333595529326,0.004567200781106062,-0.012073598811516078,"[-2.03,-0.49]",0.75,0.004612211204875871,"{""boundary"": 11, ""herding"": 65, ""kcenter"": 0, ""kmeans"": 4, ""marc"": 0, ""random"": 0}"
repeat5_0.25,no_random|marc_first|lcb=0|fb=herding|gap=0.02,80,0.7105005603340386,0.705348408627817,herding,0.7059333595529326,0.004567200781106062,-0.012073598811516078,"[-2.03,-0.49]",0.775,0.0019523809523809832,"{""boundary"": 11, ""herding"": 65, ""kcenter"": 0, ""kmeans"": 4, ""marc"": 0, ""random"": 0}"
repeat5_0.25,no_random|herding_first|lcb=0|fb=herding|gap=0.02,80,0.7105005603340386,0.705348408627817,herding,0.7059333595529326,0.004567200781106062,-0.012073598811516078,"[-2.03,-0.49]",0.775,0.0019523809523809832,"{""boundary"": 11, ""herding"": 65, ""kcenter"": 0, ""kmeans"": 4, ""marc"": 0, ""random"": 0}"
repeat5_0.25,no_random|marc_first|lcb=0|fb=none|gap=0,80,0.7104446954354797,0.7080133553082266,herding,0.7059333595529326,0.004511335882547152,-0.012129463710075018,"[-2.00,-0.51]",0.0,0.0019523809523809832,"{""boundary"": 16, ""herding"": 10, ""kcenter"": 0, ""kmeans"": 15, ""marc"": 39, ""random"": 0}"
repeat5_0.25,no_random|herding_first|lcb=0|fb=kmeans|gap=0,80,0.7104446954354797,0.7079306833505546,herding,0.7059333595529326,0.004511335882547152,-0.012129463710075018,"[-2.03,-0.48]",0.4625,0.0019523809523809832,"{""boundary"": 16, ""herding"": 9, ""kcenter"": 0, ""kmeans"": 51, ""marc"": 4, ""random"": 0}"
repeat5_0.25,no_random|kmeans_first|lcb=0|fb=kmeans|gap=0,80,0.7104446954354797,0.7079306833505546,herding,0.7059333595529326,0.004511335882547152,-0.012129463710075018,"[-2.03,-0.48]",0.4625,0.0019523809523809832,"{""boundary"": 16, ""herding"": 9, ""kcenter"": 0, ""kmeans"": 51, ""marc"": 4, ""random"": 0}"
repeat5_0.25,no_random|kmeans_first|lcb=0|fb=none|gap=0,80,0.7104446954354797,0.7080133553082266,herding,0.7059333595529326,0.004511335882547152,-0.012129463710075018,"[-2.00,-0.51]",0.0,0.0019523809523809832,"{""boundary"": 16, ""herding"": 10, ""kcenter"": 0, ""kmeans"": 47, ""marc"": 7, ""random"": 0}"
repeat5_0.25,no_random|default|lcb=0|fb=none|gap=0,80,0.7104446954354797,0.7080133553082266,herding,0.7059333595529326,0.004511335882547152,-0.012129463710075018,"[-2.00,-0.51]",0.0,0.0019523809523809832,"{""boundary"": 16, ""herding"": 42, ""kcenter"": 0, ""kmeans"": 15, ""marc"": 7, ""random"": 0}"
repeat5_0.25,no_random|herding_first|lcb=0|fb=none|gap=0,80,0.7104446954354797,0.7080133553082266,herding,0.7059333595529326,0.004511335882547152,-0.012129463710075018,"[-2.00,-0.51]",0.0,0.0019523809523809832,"{""boundary"": 16, ""herding"": 42, ""kcenter"": 0, ""kmeans"": 15, ""marc"": 7, ""random"": 0}"
repeat5_0.25,no_random|default|lcb=0|fb=kmeans|gap=0,80,0.7104446954354797,0.7079306833505546,herding,0.7059333595529326,0.004511335882547152,-0.012129463710075018,"[-2.03,-0.48]",0.4625,0.0019523809523809832,"{""boundary"": 16, ""herding"": 9, ""kcenter"": 0, ""kmeans"": 51, ""marc"": 4, ""random"": 0}"
repeat5_0.25,no_random|marc_first|lcb=0|fb=kmeans|gap=0,80,0.7104446954354797,0.7079306833505546,herding,0.7059333595529326,0.004511335882547152,-0.012129463710075018,"[-2.03,-0.48]",0.4625,0.0019523809523809832,"{""boundary"": 16, ""herding"": 9, ""kcenter"": 0, ""kmeans"": 51, ""marc"": 4, ""random"": 0}"
repeat5_0.25,no_random|kmeans_first|lcb=0|fb=kmeans|gap=0.005,80,0.7103594127844077,0.7078276675014856,herding,0.7059333595529326,0.004426053231475158,-0.01221474636114714,"[-2.05,-0.47]",0.5625,0.0019523809523809832,"{""boundary"": 16, ""herding"": 8, ""kcenter"": 0, ""kmeans"": 55, ""marc"": 1, ""random"": 0}"
repeat5_0.25,no_random|default|lcb=0|fb=kmeans|gap=0.005,80,0.7103594127844077,0.7078276675014856,herding,0.7059333595529326,0.004426053231475158,-0.01221474636114714,"[-2.05,-0.47]",0.5625,0.0019523809523809832,"{""boundary"": 16, ""herding"": 8, ""kcenter"": 0, ""kmeans"": 55, ""marc"": 1, ""random"": 0}"
repeat5_0.25,no_random|marc_first|lcb=0|fb=kmeans|gap=0.005,80,0.7103594127844077,0.7078276675014856,herding,0.7059333595529326,0.004426053231475158,-0.01221474636114714,"[-2.05,-0.47]",0.5625,0.0019523809523809832,"{""boundary"": 16, ""herding"": 8, ""kcenter"": 0, ""kmeans"": 55, ""marc"": 1, ""random"": 0}"
repeat5_0.25,no_random|herding_first|lcb=0|fb=kmeans|gap=0.005,80,0.7103594127844077,0.7078276675014856,herding,0.7059333595529326,0.004426053231475158,-0.01221474636114714,"[-2.05,-0.47]",0.5625,0.0019523809523809832,"{""boundary"": 16, ""herding"": 8, ""kcenter"": 0, ""kmeans"": 55, ""marc"": 1, ""random"": 0}"
repeat5_0.25,no_boundary|kmeans_first|lcb=0.25|fb=kmeans|gap=0.05,80,0.7102885927160194,0.7015481865181734,herding,0.7059333595529326,0.004355233163086836,-0.012285566429535304,"[-2.07,-0.51]",0.9,0.004106554529003492,"{""boundary"": 0, ""herding"": 1, ""kcenter"": 0, ""kmeans"": 72, ""marc"": 0, ""random"": 7}"
repeat5_0.25,no_boundary|default|lcb=0.25|fb=kmeans|gap=0.05,80,0.7102885927160194,0.7015481865181734,herding,0.7059333595529326,0.004355233163086836,-0.012285566429535304,"[-2.07,-0.51]",0.9,0.004106554529003492,"{""boundary"": 0, ""herding"": 1, ""kcenter"": 0, ""kmeans"": 72, ""marc"": 0, ""random"": 7}"
repeat5_0.25,no_boundary|marc_first|lcb=0.25|fb=kmeans|gap=0.05,80,0.7102885927160194,0.7015481865181734,herding,0.7059333595529326,0.004355233163086836,-0.012285566429535304,"[-2.07,-0.51]",0.9,0.004106554529003492,"{""boundary"": 0, ""herding"": 1, ""kcenter"": 0, ""kmeans"": 72, ""marc"": 0, ""random"": 7}"
repeat5_0.25,no_boundary|herding_first|lcb=0.25|fb=kmeans|gap=0.05,80,0.7102885927160194,0.7015481865181734,herding,0.7059333595529326,0.004355233163086836,-0.012285566429535304,"[-2.07,-0.51]",0.9,0.004106554529003492,"{""boundary"": 0, ""herding"": 1, ""kcenter"": 0, ""kmeans"": 72, ""marc"": 0, ""random"": 7}"
repeat5_0.25,no_random|kmeans_first|lcb=0|fb=kmeans|gap=0.01,80,0.7101510794510743,0.7075508871455998,herding,0.7059333595529326,0.004217719898141681,-0.012423079694480475,"[-2.07,-0.48]",0.6125,0.0019523809523809832,"{""boundary"": 16, ""herding"": 6, ""kcenter"": 0, ""kmeans"": 58, ""marc"": 0, ""random"": 0}"
repeat5_0.25,no_random|default|lcb=0.25|fb=kmeans|gap=0.01,80,0.7101510794510743,0.7075508871455998,herding,0.7059333595529326,0.004217719898141681,-0.012423079694480475,"[-2.07,-0.48]",0.6125,0.004612211204875871,"{""boundary"": 16, ""herding"": 6, ""kcenter"": 0, ""kmeans"": 58, ""marc"": 0, ""random"": 0}"
repeat5_0.25,no_random|marc_first|lcb=0|fb=kmeans|gap=0.01,80,0.7101510794510743,0.7075508871455998,herding,0.7059333595529326,0.004217719898141681,-0.012423079694480475,"[-2.07,-0.48]",0.6125,0.0019523809523809832,"{""boundary"": 16, ""herding"": 6, ""kcenter"": 0, ""kmeans"": 58, ""marc"": 0, ""random"": 0}"
repeat5_0.25,no_random|default|lcb=0|fb=kmeans|gap=0.01,80,0.7101510794510743,0.7075508871455998,herding,0.7059333595529326,0.004217719898141681,-0.012423079694480475,"[-2.07,-0.48]",0.6125,0.0019523809523809832,"{""boundary"": 16, ""herding"": 6, ""kcenter"": 0, ""kmeans"": 58, ""marc"": 0, ""random"": 0}"
repeat5_0.25,no_random|marc_first|lcb=0.25|fb=kmeans|gap=0.01,80,0.7101510794510743,0.7075508871455998,herding,0.7059333595529326,0.004217719898141681,-0.012423079694480475,"[-2.07,-0.48]",0.6125,0.004612211204875871,"{""boundary"": 16, ""herding"": 6, ""kcenter"": 0, ""kmeans"": 58, ""marc"": 0, ""random"": 0}"
repeat5_0.25,no_random|herding_first|lcb=0|fb=kmeans|gap=0.01,80,0.7101510794510743,0.7075508871455998,herding,0.7059333595529326,0.004217719898141681,-0.012423079694480475,"[-2.07,-0.48]",0.6125,0.0019523809523809832,"{""boundary"": 16, ""herding"": 6, ""kcenter"": 0, ""kmeans"": 58, ""marc"": 0, ""random"": 0}"
repeat5_0.25,no_random|kmeans_first|lcb=0.25|fb=kmeans|gap=0.01,80,0.7101510794510743,0.7075508871455998,herding,0.7059333595529326,0.004217719898141681,-0.012423079694480475,"[-2.07,-0.48]",0.6125,0.004612211204875871,"{""boundary"": 16, ""herding"": 6, ""kcenter"": 0, ""kmeans"": 58, ""marc"": 0, ""random"": 0}"
repeat5_0.25,no_random|herding_first|lcb=0.25|fb=kmeans|gap=0.01,80,0.7101510794510743,0.7075508871455998,herding,0.7059333595529326,0.004217719898141681,-0.012423079694480475,"[-2.07,-0.48]",0.6125,0.004612211204875871,"{""boundary"": 16, ""herding"": 6, ""kcenter"": 0, ""kmeans"": 58, ""marc"": 0, ""random"": 0}"
repeat5_0.25,no_boundary|marc_first|lcb=1|fb=kmeans|gap=0.02,80,0.7100549495397693,0.700157381236174,herding,0.7059333595529326,0.00412158998683676,-0.012519209605785484,"[-2.13,-0.50]",0.8125,0.002204584963417973,"{""boundary"": 0, ""herding"": 6, ""kcenter"": 0, ""kmeans"": 70, ""marc"": 0, ""random"": 4}"
repeat5_0.25,no_boundary|default|lcb=1|fb=kmeans|gap=0.02,80,0.7100549495397693,0.700157381236174,herding,0.7059333595529326,0.00412158998683676,-0.012519209605785484,"[-2.13,-0.50]",0.8125,0.002204584963417973,"{""boundary"": 0, ""herding"": 6, ""kcenter"": 0, ""kmeans"": 70, ""marc"": 0, ""random"": 4}"
repeat5_0.25,no_boundary|herding_first|lcb=1|fb=kmeans|gap=0.02,80,0.7100549495397693,0.700157381236174,herding,0.7059333595529326,0.00412158998683676,-0.012519209605785484,"[-2.13,-0.50]",0.8125,0.002204584963417973,"{""boundary"": 0, ""herding"": 6, ""kcenter"": 0, ""kmeans"": 70, ""marc"": 0, ""random"": 4}"
repeat5_0.25,no_boundary|kmeans_first|lcb=1|fb=kmeans|gap=0.02,80,0.7100549495397693,0.700157381236174,herding,0.7059333595529326,0.00412158998683676,-0.012519209605785484,"[-2.13,-0.50]",0.8125,0.002204584963417973,"{""boundary"": 0, ""herding"": 6, ""kcenter"": 0, ""kmeans"": 70, ""marc"": 0, ""random"": 4}"
repeat5_0.25,all6|default|lcb=1|fb=kmeans|gap=0.02,80,0.7100107330558642,0.7023933620414875,herding,0.7059333595529326,0.0040773735029315805,-0.012563426089690683,"[-2.15,-0.47]",0.775,0.0036774117582820676,"{""boundary"": 6, ""herding"": 6, ""kcenter"": 0, ""kmeans"": 67, ""marc"": 0, ""random"": 1}"
repeat5_0.25,all6|kmeans_first|lcb=1|fb=kmeans|gap=0.02,80,0.7100107330558642,0.7023933620414875,herding,0.7059333595529326,0.0040773735029315805,-0.012563426089690683,"[-2.15,-0.47]",0.775,0.0036774117582820676,"{""boundary"": 6, ""herding"": 6, ""kcenter"": 0, ""kmeans"": 67, ""marc"": 0, ""random"": 1}"
repeat5_0.25,all6|herding_first|lcb=1|fb=kmeans|gap=0.02,80,0.7100107330558642,0.7023933620414875,herding,0.7059333595529326,0.0040773735029315805,-0.012563426089690683,"[-2.15,-0.47]",0.775,0.0036774117582820676,"{""boundary"": 6, ""herding"": 6, ""kcenter"": 0, ""kmeans"": 67, ""marc"": 0, ""random"": 1}"
repeat5_0.25,all6|marc_first|lcb=1|fb=kmeans|gap=0.02,80,0.7100107330558642,0.7023933620414875,herding,0.7059333595529326,0.0040773735029315805,-0.012563426089690683,"[-2.15,-0.47]",0.775,0.0036774117582820676,"{""boundary"": 6, ""herding"": 6, ""kcenter"": 0, ""kmeans"": 67, ""marc"": 0, ""random"": 1}"
repeat5_0.25,no_random|kmeans_first|lcb=1|fb=kmeans|gap=0.02,80,0.7097388016798472,0.703450407398235,herding,0.7059333595529326,0.003805442126914582,-0.012835357465707664,"[-2.17,-0.49]",0.75,0.00687146966882074,"{""boundary"": 9, ""herding"": 6, ""kcenter"": 0, ""kmeans"": 65, ""marc"": 0, ""random"": 0}"
repeat5_0.25,no_random|marc_first|lcb=1|fb=kmeans|gap=0.02,80,0.7097388016798472,0.703450407398235,herding,0.7059333595529326,0.003805442126914582,-0.012835357465707664,"[-2.17,-0.49]",0.75,0.00687146966882074,"{""boundary"": 9, ""herding"": 6, ""kcenter"": 0, ""kmeans"": 65, ""marc"": 0, ""random"": 0}"
repeat5_0.25,no_random|herding_first|lcb=1|fb=kmeans|gap=0.02,80,0.7097388016798472,0.703450407398235,herding,0.7059333595529326,0.003805442126914582,-0.012835357465707664,"[-2.17,-0.49]",0.75,0.00687146966882074,"{""boundary"": 9, ""herding"": 6, ""kcenter"": 0, ""kmeans"": 65, ""marc"": 0, ""random"": 0}"
repeat5_0.25,no_random|default|lcb=1|fb=kmeans|gap=0.02,80,0.7097388016798472,0.703450407398235,herding,0.7059333595529326,0.003805442126914582,-0.012835357465707664,"[-2.17,-0.49]",0.75,0.00687146966882074,"{""boundary"": 9, ""herding"": 6, ""kcenter"": 0, ""kmeans"": 65, ""marc"": 0, ""random"": 0}"
repeat5_0.25,no_random|herding_first|lcb=0.5|fb=herding|gap=0.02,80,0.7095979053798274,0.7039053440093866,herding,0.7059333595529326,0.003664545826894794,-0.012976253765727452,"[-2.14,-0.55]",0.75,0.005347755101500373,"{""boundary"": 10, ""herding"": 65, ""kcenter"": 0, ""kmeans"": 5, ""marc"": 0, ""random"": 0}"
repeat5_0.25,no_random|marc_first|lcb=0.5|fb=herding|gap=0.02,80,0.7095979053798274,0.7039053440093866,herding,0.7059333595529326,0.003664545826894794,-0.012976253765727452,"[-2.14,-0.55]",0.75,0.005347755101500373,"{""boundary"": 10, ""herding"": 65, ""kcenter"": 0, ""kmeans"": 5, ""marc"": 0, ""random"": 0}"
repeat5_0.25,no_random|default|lcb=0.5|fb=herding|gap=0.02,80,0.7095979053798274,0.7039053440093866,herding,0.7059333595529326,0.003664545826894794,-0.012976253765727452,"[-2.14,-0.55]",0.75,0.005347755101500373,"{""boundary"": 10, ""herding"": 65, ""kcenter"": 0, ""kmeans"": 5, ""marc"": 0, ""random"": 0}"
repeat5_0.25,no_random|kmeans_first|lcb=0.5|fb=herding|gap=0.02,80,0.7095979053798274,0.7039053440093866,herding,0.7059333595529326,0.003664545826894794,-0.012976253765727452,"[-2.14,-0.55]",0.75,0.005347755101500373,"{""boundary"": 10, ""herding"": 65, ""kcenter"": 0, ""kmeans"": 5, ""marc"": 0, ""random"": 0}"
repeat5_0.25,no_boundary|default|lcb=0.5|fb=herding|gap=0.05,80,0.7094823012533692,0.6995441793158695,herding,0.7059333595529326,0.0035489417004366253,-0.01309185789218556,"[-2.15,-0.59]",0.925,0.004438194082210467,"{""boundary"": 0, ""herding"": 75, ""kcenter"": 0, ""kmeans"": 1, ""marc"": 0, ""random"": 4}"
repeat5_0.25,no_boundary|marc_first|lcb=0.5|fb=herding|gap=0.05,80,0.7094823012533692,0.6995441793158695,herding,0.7059333595529326,0.0035489417004366253,-0.01309185789218556,"[-2.15,-0.59]",0.925,0.004438194082210467,"{""boundary"": 0, ""herding"": 75, ""kcenter"": 0, ""kmeans"": 1, ""marc"": 0, ""random"": 4}"
repeat5_0.25,no_boundary|herding_first|lcb=0.5|fb=herding|gap=0.05,80,0.7094823012533692,0.6995441793158695,herding,0.7059333595529326,0.0035489417004366253,-0.01309185789218556,"[-2.15,-0.59]",0.925,0.004438194082210467,"{""boundary"": 0, ""herding"": 75, ""kcenter"": 0, ""kmeans"": 1, ""marc"": 0, ""random"": 4}"
repeat5_0.25,no_boundary|kmeans_first|lcb=0.5|fb=herding|gap=0.05,80,0.7094823012533692,0.6995441793158695,herding,0.7059333595529326,0.0035489417004366253,-0.01309185789218556,"[-2.15,-0.59]",0.925,0.004438194082210467,"{""boundary"": 0, ""herding"": 75, ""kcenter"": 0, ""kmeans"": 1, ""marc"": 0, ""random"": 4}"
repeat5_0.25,no_boundary|marc_first|lcb=1|fb=herding|gap=0.02,80,0.7094384416042464,0.6994562291819932,herding,0.7059333595529326,0.0035050820513138348,-0.013135717541308373,"[-2.16,-0.58]",0.8125,0.002204584963417973,"{""boundary"": 0, ""herding"": 71, ""kcenter"": 0, ""kmeans"": 5, ""marc"": 0, ""random"": 4}"
repeat5_0.25,no_boundary|kmeans_first|lcb=1|fb=herding|gap=0.02,80,0.7094384416042464,0.6994562291819932,herding,0.7059333595529326,0.0035050820513138348,-0.013135717541308373,"[-2.16,-0.58]",0.8125,0.002204584963417973,"{""boundary"": 0, ""herding"": 71, ""kcenter"": 0, ""kmeans"": 5, ""marc"": 0, ""random"": 4}"
repeat5_0.25,no_boundary|herding_first|lcb=1|fb=herding|gap=0.02,80,0.7094384416042464,0.6994562291819932,herding,0.7059333595529326,0.0035050820513138348,-0.013135717541308373,"[-2.16,-0.58]",0.8125,0.002204584963417973,"{""boundary"": 0, ""herding"": 71, ""kcenter"": 0, ""kmeans"": 5, ""marc"": 0, ""random"": 4}"
repeat5_0.25,no_boundary|default|lcb=1|fb=herding|gap=0.02,80,0.7094384416042464,0.6994562291819932,herding,0.7059333595529326,0.0035050820513138348,-0.013135717541308373,"[-2.16,-0.58]",0.8125,0.002204584963417973,"{""boundary"": 0, ""herding"": 71, ""kcenter"": 0, ""kmeans"": 5, ""marc"": 0, ""random"": 4}"
repeat5_0.25,all6|herding_first|lcb=1|fb=herding|gap=0.02,80,0.7094207550106842,0.701774866975911,herding,0.7059333595529326,0.003487395457751674,-0.01315340413487045,"[-2.18,-0.57]",0.775,0.0036774117582820676,"{""boundary"": 6, ""herding"": 68, ""kcenter"": 0, ""kmeans"": 5, ""marc"": 0, ""random"": 1}"
repeat5_0.25,all6|default|lcb=1|fb=herding|gap=0.02,80,0.7094207550106842,0.701774866975911,herding,0.7059333595529326,0.003487395457751674,-0.01315340413487045,"[-2.18,-0.57]",0.775,0.0036774117582820676,"{""boundary"": 6, ""herding"": 68, ""kcenter"": 0, ""kmeans"": 5, ""marc"": 0, ""random"": 1}"
repeat5_0.25,all6|kmeans_first|lcb=1|fb=herding|gap=0.02,80,0.7094207550106842,0.701774866975911,herding,0.7059333595529326,0.003487395457751674,-0.01315340413487045,"[-2.18,-0.57]",0.775,0.0036774117582820676,"{""boundary"": 6, ""herding"": 68, ""kcenter"": 0, ""kmeans"": 5, ""marc"": 0, ""random"": 1}"
repeat5_0.25,all6|marc_first|lcb=1|fb=herding|gap=0.02,80,0.7094207550106842,0.701774866975911,herding,0.7059333595529326,0.003487395457751674,-0.01315340413487045,"[-2.18,-0.57]",0.775,0.0036774117582820676,"{""boundary"": 6, ""herding"": 68, ""kcenter"": 0, ""kmeans"": 5, ""marc"": 0, ""random"": 1}"
repeat5_0.25,no_random|kmeans_first|lcb=0.25|fb=kmeans|gap=0.02,80,0.7092114791680888,0.703871589046698,herding,0.7059333595529326,0.0032781196151562275,-0.013362679977465975,"[-2.21,-0.55]",0.75,0.004612211204875871,"{""boundary"": 11, ""herding"": 5, ""kcenter"": 0, ""kmeans"": 64, ""marc"": 0, ""random"": 0}"
repeat5_0.25,no_random|herding_first|lcb=0.25|fb=kmeans|gap=0.02,80,0.7092114791680888,0.703871589046698,herding,0.7059333595529326,0.0032781196151562275,-0.013362679977465975,"[-2.21,-0.55]",0.75,0.004612211204875871,"{""boundary"": 11, ""herding"": 5, ""kcenter"": 0, ""kmeans"": 64, ""marc"": 0, ""random"": 0}"
repeat5_0.25,no_random|default|lcb=0.25|fb=kmeans|gap=0.02,80,0.7092114791680888,0.703871589046698,herding,0.7059333595529326,0.0032781196151562275,-0.013362679977465975,"[-2.21,-0.55]",0.75,0.004612211204875871,"{""boundary"": 11, ""herding"": 5, ""kcenter"": 0, ""kmeans"": 64, ""marc"": 0, ""random"": 0}"
repeat5_0.25,no_random|marc_first|lcb=0.25|fb=kmeans|gap=0.02,80,0.7092114791680888,0.703871589046698,herding,0.7059333595529326,0.0032781196151562275,-0.013362679977465975,"[-2.21,-0.55]",0.75,0.004612211204875871,"{""boundary"": 11, ""herding"": 5, ""kcenter"": 0, ""kmeans"": 64, ""marc"": 0, ""random"": 0}"
repeat5_0.25,all6|marc_first|lcb=0.25|fb=herding|gap=0.05,80,0.7091899035925505,0.6992321123676468,herding,0.7059333595529326,0.003256544039617948,-0.01338425555300427,"[-2.18,-0.62]",0.9375,0.004106554529003492,"{""boundary"": 0, ""herding"": 76, ""kcenter"": 0, ""kmeans"": 0, ""marc"": 0, ""random"": 4}"
repeat5_0.25,all6|herding_first|lcb=0.25|fb=herding|gap=0.05,80,0.7091899035925505,0.6992321123676468,herding,0.7059333595529326,0.003256544039617948,-0.01338425555300427,"[-2.18,-0.62]",0.9375,0.004106554529003492,"{""boundary"": 0, ""herding"": 76, ""kcenter"": 0, ""kmeans"": 0, ""marc"": 0, ""random"": 4}"
repeat5_0.25,all6|default|lcb=0.25|fb=herding|gap=0.05,80,0.7091899035925505,0.6992321123676468,herding,0.7059333595529326,0.003256544039617948,-0.01338425555300427,"[-2.18,-0.62]",0.9375,0.004106554529003492,"{""boundary"": 0, ""herding"": 76, ""kcenter"": 0, ""kmeans"": 0, ""marc"": 0, ""random"": 4}"
repeat5_0.25,all6|kmeans_first|lcb=0.25|fb=herding|gap=0.05,80,0.7091899035925505,0.6992321123676468,herding,0.7059333595529326,0.003256544039617948,-0.01338425555300427,"[-2.18,-0.62]",0.9375,0.004106554529003492,"{""boundary"": 0, ""herding"": 76, ""kcenter"": 0, ""kmeans"": 0, ""marc"": 0, ""random"": 4}"
repeat5_0.25,no_random|default|lcb=1|fb=herding|gap=0.02,80,0.7091687210524247,0.7028763574803432,herding,0.7059333595529326,0.0032353614994921065,-0.01340543809313009,"[-2.20,-0.59]",0.75,0.00687146966882074,"{""boundary"": 9, ""herding"": 66, ""kcenter"": 0, ""kmeans"": 5, ""marc"": 0, ""random"": 0}"
repeat5_0.25,no_random|herding_first|lcb=1|fb=herding|gap=0.02,80,0.7091687210524247,0.7028763574803432,herding,0.7059333595529326,0.0032353614994921065,-0.01340543809313009,"[-2.20,-0.59]",0.75,0.00687146966882074,"{""boundary"": 9, ""herding"": 66, ""kcenter"": 0, ""kmeans"": 5, ""marc"": 0, ""random"": 0}"
repeat5_0.25,no_random|marc_first|lcb=1|fb=herding|gap=0.02,80,0.7091687210524247,0.7028763574803432,herding,0.7059333595529326,0.0032353614994921065,-0.01340543809313009,"[-2.20,-0.59]",0.75,0.00687146966882074,"{""boundary"": 9, ""herding"": 66, ""kcenter"": 0, ""kmeans"": 5, ""marc"": 0, ""random"": 0}"
repeat5_0.25,no_random|kmeans_first|lcb=1|fb=herding|gap=0.02,80,0.7091687210524247,0.7028763574803432,herding,0.7059333595529326,0.0032353614994921065,-0.01340543809313009,"[-2.20,-0.59]",0.75,0.00687146966882074,"{""boundary"": 9, ""herding"": 66, ""kcenter"": 0, ""kmeans"": 5, ""marc"": 0, ""random"": 0}"
repeat5_0.25,no_random|default|lcb=0.5|fb=kmeans|gap=0.02,80,0.7088643797694331,0.7030720828573864,herding,0.7059333595529326,0.0029310202165004906,-0.013709779376121792,"[-2.26,-0.57]",0.75,0.005347755101500373,"{""boundary"": 10, ""herding"": 5, ""kcenter"": 0, ""kmeans"": 65, ""marc"": 0, ""random"": 0}"
repeat5_0.25,no_random|herding_first|lcb=0.5|fb=kmeans|gap=0.02,80,0.7088643797694331,0.7030720828573864,herding,0.7059333595529326,0.0029310202165004906,-0.013709779376121792,"[-2.26,-0.57]",0.75,0.005347755101500373,"{""boundary"": 10, ""herding"": 5, ""kcenter"": 0, ""kmeans"": 65, ""marc"": 0, ""random"": 0}"
repeat5_0.25,no_random|kmeans_first|lcb=0.5|fb=kmeans|gap=0.02,80,0.7088643797694331,0.7030720828573864,herding,0.7059333595529326,0.0029310202165004906,-0.013709779376121792,"[-2.26,-0.57]",0.75,0.005347755101500373,"{""boundary"": 10, ""herding"": 5, ""kcenter"": 0, ""kmeans"": 65, ""marc"": 0, ""random"": 0}"
repeat5_0.25,no_random|marc_first|lcb=0.5|fb=kmeans|gap=0.02,80,0.7088643797694331,0.7030720828573864,herding,0.7059333595529326,0.0029310202165004906,-0.013709779376121792,"[-2.26,-0.57]",0.75,0.005347755101500373,"{""boundary"": 10, ""herding"": 5, ""kcenter"": 0, ""kmeans"": 65, ""marc"": 0, ""random"": 0}"
repeat5_0.25,representative4|herding_first|lcb=0.5|fb=kmeans|gap=0,80,0.7080701207066915,0.6970099697129571,herding,0.7059333595529326,0.002136761153758937,-0.014504038438863342,"[-2.39,-0.62]",0.45,0.0001735578502666986,"{""boundary"": 0, ""herding"": 19, ""kcenter"": 4, ""kmeans"": 53, ""marc"": 4, ""random"": 0}"
repeat5_0.25,representative4|marc_first|lcb=0.5|fb=kmeans|gap=0,80,0.7080701207066915,0.6970099697129571,herding,0.7059333595529326,0.002136761153758937,-0.014504038438863342,"[-2.39,-0.62]",0.45,0.0001735578502666986,"{""boundary"": 0, ""herding"": 19, ""kcenter"": 4, ""kmeans"": 53, ""marc"": 4, ""random"": 0}"
repeat5_0.25,representative4|default|lcb=0.5|fb=kmeans|gap=0,80,0.7080701207066915,0.6970099697129571,herding,0.7059333595529326,0.002136761153758937,-0.014504038438863342,"[-2.39,-0.62]",0.45,0.0001735578502666986,"{""boundary"": 0, ""herding"": 19, ""kcenter"": 4, ""kmeans"": 53, ""marc"": 4, ""random"": 0}"
repeat5_0.25,representative4|kmeans_first|lcb=0.5|fb=kmeans|gap=0,80,0.7080701207066915,0.6970099697129571,herding,0.7059333595529326,0.002136761153758937,-0.014504038438863342,"[-2.39,-0.62]",0.45,0.0001735578502666986,"{""boundary"": 0, ""herding"": 19, ""kcenter"": 4, ""kmeans"": 53, ""marc"": 4, ""random"": 0}"
repeat5_0.25,centroid3|kmeans_first|lcb=0.5|fb=kmeans|gap=0,80,0.7080679098824962,0.6969969674353285,herding,0.7059333595529326,0.002134550329563667,-0.014506249263058602,"[-2.39,-0.62]",0.4625,0.00011262183166000153,"{""boundary"": 0, ""herding"": 19, ""kcenter"": 0, ""kmeans"": 54, ""marc"": 7, ""random"": 0}"
repeat5_0.25,centroid3|herding_first|lcb=0.5|fb=kmeans|gap=0,80,0.7080679098824962,0.6969969674353285,herding,0.7059333595529326,0.002134550329563667,-0.014506249263058602,"[-2.39,-0.62]",0.4625,0.00011262183166000153,"{""boundary"": 0, ""herding"": 19, ""kcenter"": 0, ""kmeans"": 54, ""marc"": 7, ""random"": 0}"
repeat5_0.25,centroid3|default|lcb=0.5|fb=kmeans|gap=0,80,0.7080679098824962,0.6969969674353285,herding,0.7059333595529326,0.002134550329563667,-0.014506249263058602,"[-2.39,-0.62]",0.4625,0.00011262183166000153,"{""boundary"": 0, ""herding"": 19, ""kcenter"": 0, ""kmeans"": 54, ""marc"": 7, ""random"": 0}"
repeat5_0.25,centroid3|marc_first|lcb=0.5|fb=kmeans|gap=0,80,0.7080679098824962,0.6969969674353285,herding,0.7059333595529326,0.002134550329563667,-0.014506249263058602,"[-2.39,-0.62]",0.4625,0.00011262183166000153,"{""boundary"": 0, ""herding"": 19, ""kcenter"": 0, ""kmeans"": 54, ""marc"": 7, ""random"": 0}"
repeat5_0.25,no_random|marc_first|lcb=0|fb=kmeans|gap=0.02,80,0.7080540717606814,0.7026304171644936,herding,0.7059333595529326,0.002120712207748787,-0.01452008738487338,"[-2.35,-0.63]",0.775,0.0019523809523809832,"{""boundary"": 11, ""herding"": 3, ""kcenter"": 0, ""kmeans"": 66, ""marc"": 0, ""random"": 0}"
repeat5_0.25,no_random|default|lcb=0|fb=kmeans|gap=0.02,80,0.7080540717606814,0.7026304171644936,herding,0.7059333595529326,0.002120712207748787,-0.01452008738487338,"[-2.35,-0.63]",0.775,0.0019523809523809832,"{""boundary"": 11, ""herding"": 3, ""kcenter"": 0, ""kmeans"": 66, ""marc"": 0, ""random"": 0}"
repeat5_0.25,no_random|kmeans_first|lcb=0|fb=kmeans|gap=0.02,80,0.7080540717606814,0.7026304171644936,herding,0.7059333595529326,0.002120712207748787,-0.01452008738487338,"[-2.35,-0.63]",0.775,0.0019523809523809832,"{""boundary"": 11, ""herding"": 3, ""kcenter"": 0, ""kmeans"": 66, ""marc"": 0, ""random"": 0}"
repeat5_0.25,no_random|herding_first|lcb=0|fb=kmeans|gap=0.02,80,0.7080540717606814,0.7026304171644936,herding,0.7059333595529326,0.002120712207748787,-0.01452008738487338,"[-2.35,-0.63]",0.775,0.0019523809523809832,"{""boundary"": 11, ""herding"": 3, ""kcenter"": 0, ""kmeans"": 66, ""marc"": 0, ""random"": 0}"
repeat5_0.25,representative4|marc_first|lcb=1|fb=kmeans|gap=0.005,80,0.7079757103253161,0.6968328839838372,herding,0.7059333595529326,0.002042350772383572,-0.014598448820238705,"[-2.39,-0.64]",0.6875,0.0001679704602696036,"{""boundary"": 0, ""herding"": 10, ""kcenter"": 0, ""kmeans"": 68, ""marc"": 2, ""random"": 0}"
repeat5_0.25,centroid3|default|lcb=1|fb=kmeans|gap=0.005,80,0.7079757103253161,0.6968328839838372,herding,0.7059333595529326,0.002042350772383572,-0.014598448820238705,"[-2.39,-0.64]",0.6875,5.199400772134752e-05,"{""boundary"": 0, ""herding"": 10, ""kcenter"": 0, ""kmeans"": 68, ""marc"": 2, ""random"": 0}"
repeat5_0.25,representative4|default|lcb=1|fb=kmeans|gap=0.005,80,0.7079757103253161,0.6968328839838372,herding,0.7059333595529326,0.002042350772383572,-0.014598448820238705,"[-2.39,-0.64]",0.6875,0.0001679704602696036,"{""boundary"": 0, ""herding"": 10, ""kcenter"": 0, ""kmeans"": 68, ""marc"": 2, ""random"": 0}"
repeat5_0.25,centroid3|kmeans_first|lcb=1|fb=kmeans|gap=0.005,80,0.7079757103253161,0.6968328839838372,herding,0.7059333595529326,0.002042350772383572,-0.014598448820238705,"[-2.39,-0.64]",0.6875,5.199400772134752e-05,"{""boundary"": 0, ""herding"": 10, ""kcenter"": 0, ""kmeans"": 68, ""marc"": 2, ""random"": 0}"
repeat5_0.25,representative4|kmeans_first|lcb=1|fb=kmeans|gap=0.005,80,0.7079757103253161,0.6968328839838372,herding,0.7059333595529326,0.002042350772383572,-0.014598448820238705,"[-2.39,-0.64]",0.6875,0.0001679704602696036,"{""boundary"": 0, ""herding"": 10, ""kcenter"": 0, ""kmeans"": 68, ""marc"": 2, ""random"": 0}"
repeat5_0.25,representative4|herding_first|lcb=1|fb=kmeans|gap=0.005,80,0.7079757103253161,0.6968328839838372,herding,0.7059333595529326,0.002042350772383572,-0.014598448820238705,"[-2.39,-0.64]",0.6875,0.0001679704602696036,"{""boundary"": 0, ""herding"": 10, ""kcenter"": 0, ""kmeans"": 68, ""marc"": 2, ""random"": 0}"
repeat5_0.25,centroid3|marc_first|lcb=1|fb=kmeans|gap=0.005,80,0.7079757103253161,0.6968328839838372,herding,0.7059333595529326,0.002042350772383572,-0.014598448820238705,"[-2.39,-0.64]",0.6875,5.199400772134752e-05,"{""boundary"": 0, ""herding"": 10, ""kcenter"": 0, ""kmeans"": 68, ""marc"": 2, ""random"": 0}"
repeat5_0.25,centroid3|herding_first|lcb=1|fb=kmeans|gap=0.005,80,0.7079757103253161,0.6968328839838372,herding,0.7059333595529326,0.002042350772383572,-0.014598448820238705,"[-2.39,-0.64]",0.6875,5.199400772134752e-05,"{""boundary"": 0, ""herding"": 10, ""kcenter"": 0, ""kmeans"": 68, ""marc"": 2, ""random"": 0}"
repeat5_0.25,representative4|kmeans_first|lcb=0.25|fb=kmeans|gap=0,80,0.7078081811355414,0.6967359318786668,herding,0.7059333595529326,0.0018748215826088765,-0.014765978010013442,"[-2.41,-0.65]",0.45,0.00022322525624312445,"{""boundary"": 0, ""herding"": 19, ""kcenter"": 4, ""kmeans"": 51, ""marc"": 6, ""random"": 0}"
repeat5_0.25,representative4|herding_first|lcb=0.25|fb=kmeans|gap=0,80,0.7078081811355414,0.6967359318786668,herding,0.7059333595529326,0.0018748215826088765,-0.014765978010013442,"[-2.41,-0.65]",0.45,0.00022322525624312445,"{""boundary"": 0, ""herding"": 19, ""kcenter"": 4, ""kmeans"": 51, ""marc"": 6, ""random"": 0}"
repeat5_0.25,representative4|default|lcb=0.25|fb=kmeans|gap=0,80,0.7078081811355414,0.6967359318786668,herding,0.7059333595529326,0.0018748215826088765,-0.014765978010013442,"[-2.41,-0.65]",0.45,0.00022322525624312445,"{""boundary"": 0, ""herding"": 19, ""kcenter"": 4, ""kmeans"": 51, ""marc"": 6, ""random"": 0}"
repeat5_0.25,representative4|marc_first|lcb=0.25|fb=kmeans|gap=0,80,0.7078081811355414,0.6967359318786668,herding,0.7059333595529326,0.0018748215826088765,-0.014765978010013442,"[-2.41,-0.65]",0.45,0.00022322525624312445,"{""boundary"": 0, ""herding"": 19, ""kcenter"": 4, ""kmeans"": 51, ""marc"": 6, ""random"": 0}"
repeat5_0.25,centroid3|default|lcb=0.25|fb=kmeans|gap=0,80,0.7078059703113461,0.696722929601038,herding,0.7059333595529326,0.0018726107584134954,-0.0147681888342087,"[-2.41,-0.65]",0.4625,0.00014727513656985491,"{""boundary"": 0, ""herding"": 19, ""kcenter"": 0, ""kmeans"": 52, ""marc"": 9, ""random"": 0}"
repeat5_0.25,centroid3|marc_first|lcb=0.25|fb=kmeans|gap=0,80,0.7078059703113461,0.696722929601038,herding,0.7059333595529326,0.0018726107584134954,-0.0147681888342087,"[-2.41,-0.65]",0.4625,0.00014727513656985491,"{""boundary"": 0, ""herding"": 19, ""kcenter"": 0, ""kmeans"": 52, ""marc"": 9, ""random"": 0}"
repeat5_0.25,centroid3|herding_first|lcb=0.25|fb=kmeans|gap=0,80,0.7078059703113461,0.696722929601038,herding,0.7059333595529326,0.0018726107584134954,-0.0147681888342087,"[-2.41,-0.65]",0.4625,0.00014727513656985491,"{""boundary"": 0, ""herding"": 19, ""kcenter"": 0, ""kmeans"": 52, ""marc"": 9, ""random"": 0}"
repeat5_0.25,centroid3|kmeans_first|lcb=0.25|fb=kmeans|gap=0,80,0.7078059703113461,0.696722929601038,herding,0.7059333595529326,0.0018726107584134954,-0.0147681888342087,"[-2.41,-0.65]",0.4625,0.00014727513656985491,"{""boundary"": 0, ""herding"": 19, ""kcenter"": 0, ""kmeans"": 52, ""marc"": 9, ""random"": 0}"
repeat5_0.25,representative4|default|lcb=1|fb=kmeans|gap=0,80,0.7076093685679238,0.6965703684751117,herding,0.7059333595529326,0.0016760090149912088,-0.014964790577631046,"[-2.44,-0.66]",0.4375,0.0001679704602696036,"{""boundary"": 0, ""herding"": 19, ""kcenter"": 4, ""kmeans"": 52, ""marc"": 5, ""random"": 0}"
repeat5_0.25,representative4|herding_first|lcb=1|fb=kmeans|gap=0,80,0.7076093685679238,0.6965703684751117,herding,0.7059333595529326,0.0016760090149912088,-0.014964790577631046,"[-2.44,-0.66]",0.4375,0.0001679704602696036,"{""boundary"": 0, ""herding"": 19, ""kcenter"": 4, ""kmeans"": 52, ""marc"": 5, ""random"": 0}"
repeat5_0.25,representative4|marc_first|lcb=1|fb=kmeans|gap=0,80,0.7076093685679238,0.6965703684751117,herding,0.7059333595529326,0.0016760090149912088,-0.014964790577631046,"[-2.44,-0.66]",0.4375,0.0001679704602696036,"{""boundary"": 0, ""herding"": 19, ""kcenter"": 4, ""kmeans"": 52, ""marc"": 5, ""random"": 0}"
repeat5_0.25,representative4|kmeans_first|lcb=1|fb=kmeans|gap=0,80,0.7076093685679238,0.6965703684751117,herding,0.7059333595529326,0.0016760090149912088,-0.014964790577631046,"[-2.44,-0.66]",0.4375,0.0001679704602696036,"{""boundary"": 0, ""herding"": 19, ""kcenter"": 4, ""kmeans"": 52, ""marc"": 5, ""random"": 0}"
repeat5_0.25,centroid3|herding_first|lcb=1|fb=kmeans|gap=0,80,0.7076071577437284,0.696557366197483,herding,0.7059333595529326,0.0016737981907958277,-0.014967001401826307,"[-2.44,-0.67]",0.45,5.199400772134752e-05,"{""boundary"": 0, ""herding"": 19, ""kcenter"": 0, ""kmeans"": 53, ""marc"": 8, ""random"": 0}"
repeat5_0.25,centroid3|default|lcb=1|fb=kmeans|gap=0,80,0.7076071577437284,0.696557366197483,herding,0.7059333595529326,0.0016737981907958277,-0.014967001401826307,"[-2.44,-0.67]",0.45,5.199400772134752e-05,"{""boundary"": 0, ""herding"": 19, ""kcenter"": 0, ""kmeans"": 53, ""marc"": 8, ""random"": 0}"
repeat5_0.25,centroid3|marc_first|lcb=1|fb=kmeans|gap=0,80,0.7076071577437284,0.696557366197483,herding,0.7059333595529326,0.0016737981907958277,-0.014967001401826307,"[-2.44,-0.67]",0.45,5.199400772134752e-05,"{""boundary"": 0, ""herding"": 19, ""kcenter"": 0, ""kmeans"": 53, ""marc"": 8, ""random"": 0}"
repeat5_0.25,centroid3|kmeans_first|lcb=1|fb=kmeans|gap=0,80,0.7076071577437284,0.696557366197483,herding,0.7059333595529326,0.0016737981907958277,-0.014967001401826307,"[-2.44,-0.67]",0.45,5.199400772134752e-05,"{""boundary"": 0, ""herding"": 19, ""kcenter"": 0, ""kmeans"": 53, ""marc"": 8, ""random"": 0}"
repeat5_0.25,coverage3|default|lcb=0|fb=kmeans|gap=0.01,80,0.7076053399549458,0.6964214191943143,herding,0.7059333595529326,0.0016719804020132178,-0.014968819190609073,"[-2.43,-0.67]",0.7125,0.00018192844147970136,"{""boundary"": 0, ""herding"": 9, ""kcenter"": 0, ""kmeans"": 71, ""marc"": 0, ""random"": 0}"
repeat5_0.25,coverage3|marc_first|lcb=0|fb=kmeans|gap=0.01,80,0.7076053399549458,0.6964214191943143,herding,0.7059333595529326,0.0016719804020132178,-0.014968819190609073,"[-2.43,-0.67]",0.7125,0.00018192844147970136,"{""boundary"": 0, ""herding"": 9, ""kcenter"": 0, ""kmeans"": 71, ""marc"": 0, ""random"": 0}"
repeat5_0.25,coverage3|herding_first|lcb=0|fb=kmeans|gap=0.01,80,0.7076053399549458,0.6964214191943143,herding,0.7059333595529326,0.0016719804020132178,-0.014968819190609073,"[-2.43,-0.67]",0.7125,0.00018192844147970136,"{""boundary"": 0, ""herding"": 9, ""kcenter"": 0, ""kmeans"": 71, ""marc"": 0, ""random"": 0}"
repeat5_0.25,coverage3|kmeans_first|lcb=0|fb=kmeans|gap=0.01,80,0.7076053399549458,0.6964214191943143,herding,0.7059333595529326,0.0016719804020132178,-0.014968819190609073,"[-2.43,-0.67]",0.7125,0.00018192844147970136,"{""boundary"": 0, ""herding"": 9, ""kcenter"": 0, ""kmeans"": 71, ""marc"": 0, ""random"": 0}"
repeat5_0.25,all6|herding_first|lcb=0|fb=kmeans|gap=0.05,80,0.7075434041245273,0.6977347734691868,herding,0.7059333595529326,0.0016100445715947487,-0.0150307550210274,"[-2.39,-0.72]",0.9375,0.0019523809523809832,"{""boundary"": 0, ""herding"": 0, ""kcenter"": 0, ""kmeans"": 75, ""marc"": 0, ""random"": 5}"
repeat5_0.25,all6|default|lcb=0|fb=kmeans|gap=0.05,80,0.7075434041245273,0.6977347734691868,herding,0.7059333595529326,0.0016100445715947487,-0.0150307550210274,"[-2.39,-0.72]",0.9375,0.0019523809523809832,"{""boundary"": 0, ""herding"": 0, ""kcenter"": 0, ""kmeans"": 75, ""marc"": 0, ""random"": 5}"
repeat5_0.25,all6|marc_first|lcb=0|fb=kmeans|gap=0.05,80,0.7075434041245273,0.6977347734691868,herding,0.7059333595529326,0.0016100445715947487,-0.0150307550210274,"[-2.39,-0.72]",0.9375,0.0019523809523809832,"{""boundary"": 0, ""herding"": 0, ""kcenter"": 0, ""kmeans"": 75, ""marc"": 0, ""random"": 5}"
repeat5_0.25,all6|kmeans_first|lcb=0|fb=kmeans|gap=0.05,80,0.7075434041245273,0.6977347734691868,herding,0.7059333595529326,0.0016100445715947487,-0.0150307550210274,"[-2.39,-0.72]",0.9375,0.0019523809523809832,"{""boundary"": 0, ""herding"": 0, ""kcenter"": 0, ""kmeans"": 75, ""marc"": 0, ""random"": 5}"
repeat5_0.25,coverage3|herding_first|lcb=0.25|fb=kmeans|gap=0,80,0.7075278300963075,0.6964233842505504,herding,0.7059333595529326,0.0015944705433749151,-0.015046329049247336,"[-2.45,-0.67]",0.45,0.00034340934227256384,"{""boundary"": 0, ""herding"": 20, ""kcenter"": 5, ""kmeans"": 55, ""marc"": 0, ""random"": 0}"
repeat5_0.25,coverage3|default|lcb=0.5|fb=kmeans|gap=0,80,0.7075278300963075,0.6964233842505504,herding,0.7059333595529326,0.0015944705433749151,-0.015046329049247336,"[-2.45,-0.67]",0.45,0.00032720301861965256,"{""boundary"": 0, ""herding"": 20, ""kcenter"": 5, ""kmeans"": 55, ""marc"": 0, ""random"": 0}"
repeat5_0.25,coverage3|kmeans_first|lcb=0.5|fb=kmeans|gap=0,80,0.7075278300963075,0.6964233842505504,herding,0.7059333595529326,0.0015944705433749151,-0.015046329049247336,"[-2.45,-0.67]",0.45,0.00032720301861965256,"{""boundary"": 0, ""herding"": 20, ""kcenter"": 5, ""kmeans"": 55, ""marc"": 0, ""random"": 0}"
repeat5_0.25,coverage3|herding_first|lcb=0.5|fb=kmeans|gap=0,80,0.7075278300963075,0.6964233842505504,herding,0.7059333595529326,0.0015944705433749151,-0.015046329049247336,"[-2.45,-0.67]",0.45,0.00032720301861965256,"{""boundary"": 0, ""herding"": 20, ""kcenter"": 5, ""kmeans"": 55, ""marc"": 0, ""random"": 0}"
repeat5_0.25,coverage3|marc_first|lcb=0.25|fb=kmeans|gap=0,80,0.7075278300963075,0.6964233842505504,herding,0.7059333595529326,0.0015944705433749151,-0.015046329049247336,"[-2.45,-0.67]",0.45,0.00034340934227256384,"{""boundary"": 0, ""herding"": 20, ""kcenter"": 5, ""kmeans"": 55, ""marc"": 0, ""random"": 0}"
repeat5_0.25,coverage3|default|lcb=0.25|fb=kmeans|gap=0,80,0.7075278300963075,0.6964233842505504,herding,0.7059333595529326,0.0015944705433749151,-0.015046329049247336,"[-2.45,-0.67]",0.45,0.00034340934227256384,"{""boundary"": 0, ""herding"": 20, ""kcenter"": 5, ""kmeans"": 55, ""marc"": 0, ""random"": 0}"
repeat5_0.25,coverage3|kmeans_first|lcb=0.25|fb=kmeans|gap=0,80,0.7075278300963075,0.6964233842505504,herding,0.7059333595529326,0.0015944705433749151,-0.015046329049247336,"[-2.45,-0.67]",0.45,0.00034340934227256384,"{""boundary"": 0, ""herding"": 20, ""kcenter"": 5, ""kmeans"": 55, ""marc"": 0, ""random"": 0}"
repeat5_0.25,coverage3|marc_first|lcb=0.5|fb=kmeans|gap=0,80,0.7075278300963075,0.6964233842505504,herding,0.7059333595529326,0.0015944705433749151,-0.015046329049247336,"[-2.45,-0.67]",0.45,0.00032720301861965256,"{""boundary"": 0, ""herding"": 20, ""kcenter"": 5, ""kmeans"": 55, ""marc"": 0, ""random"": 0}"
repeat5_0.25,representative4|default|lcb=0.5|fb=kmeans|gap=0.005,80,0.7075127473623531,0.6963605543295224,herding,0.7059333595529326,0.0015793878094205738,-0.015061411783201667,"[-2.44,-0.68]",0.7,0.0001735578502666986,"{""boundary"": 0, ""herding"": 9, ""kcenter"": 0, ""kmeans"": 69, ""marc"": 2, ""random"": 0}"
repeat5_0.25,representative4|marc_first|lcb=0.5|fb=kmeans|gap=0.005,80,0.7075127473623531,0.6963605543295224,herding,0.7059333595529326,0.0015793878094205738,-0.015061411783201667,"[-2.44,-0.68]",0.7,0.0001735578502666986,"{""boundary"": 0, ""herding"": 9, ""kcenter"": 0, ""kmeans"": 69, ""marc"": 2, ""random"": 0}"
repeat5_0.25,centroid3|kmeans_first|lcb=0.25|fb=kmeans|gap=0.005,80,0.7075127473623531,0.6963605543295224,herding,0.7059333595529326,0.0015793878094205738,-0.015061411783201667,"[-2.44,-0.68]",0.7125,0.00014727513656985491,"{""boundary"": 0, ""herding"": 9, ""kcenter"": 0, ""kmeans"": 69, ""marc"": 2, ""random"": 0}"
repeat5_0.25,representative4|kmeans_first|lcb=0.25|fb=kmeans|gap=0.005,80,0.7075127473623531,0.6963605543295224,herding,0.7059333595529326,0.0015793878094205738,-0.015061411783201667,"[-2.44,-0.68]",0.7125,0.00022322525624312445,"{""boundary"": 0, ""herding"": 9, ""kcenter"": 0, ""kmeans"": 69, ""marc"": 2, ""random"": 0}"
repeat5_0.25,centroid3|herding_first|lcb=0.25|fb=kmeans|gap=0.005,80,0.7075127473623531,0.6963605543295224,herding,0.7059333595529326,0.0015793878094205738,-0.015061411783201667,"[-2.44,-0.68]",0.7125,0.00014727513656985491,"{""boundary"": 0, ""herding"": 9, ""kcenter"": 0, ""kmeans"": 69, ""marc"": 2, ""random"": 0}"
repeat5_0.25,representative4|herding_first|lcb=0.5|fb=kmeans|gap=0.005,80,0.7075127473623531,0.6963605543295224,herding,0.7059333595529326,0.0015793878094205738,-0.015061411783201667,"[-2.44,-0.68]",0.7,0.0001735578502666986,"{""boundary"": 0, ""herding"": 9, ""kcenter"": 0, ""kmeans"": 69, ""marc"": 2, ""random"": 0}"
repeat5_0.25,centroid3|kmeans_first|lcb=0.5|fb=kmeans|gap=0.005,80,0.7075127473623531,0.6963605543295224,herding,0.7059333595529326,0.0015793878094205738,-0.015061411783201667,"[-2.44,-0.68]",0.7,0.00011262183166000153,"{""boundary"": 0, ""herding"": 9, ""kcenter"": 0, ""kmeans"": 69, ""marc"": 2, ""random"": 0}"
repeat5_0.25,representative4|herding_first|lcb=0.25|fb=kmeans|gap=0.005,80,0.7075127473623531,0.6963605543295224,herding,0.7059333595529326,0.0015793878094205738,-0.015061411783201667,"[-2.44,-0.68]",0.7125,0.00022322525624312445,"{""boundary"": 0, ""herding"": 9, ""kcenter"": 0, ""kmeans"": 69, ""marc"": 2, ""random"": 0}"
repeat5_0.25,representative4|marc_first|lcb=0.25|fb=kmeans|gap=0.005,80,0.7075127473623531,0.6963605543295224,herding,0.7059333595529326,0.0015793878094205738,-0.015061411783201667,"[-2.44,-0.68]",0.7125,0.00022322525624312445,"{""boundary"": 0, ""herding"": 9, ""kcenter"": 0, ""kmeans"": 69, ""marc"": 2, ""random"": 0}"
repeat5_0.25,representative4|kmeans_first|lcb=0.5|fb=kmeans|gap=0.005,80,0.7075127473623531,0.6963605543295224,herding,0.7059333595529326,0.0015793878094205738,-0.015061411783201667,"[-2.44,-0.68]",0.7,0.0001735578502666986,"{""boundary"": 0, ""herding"": 9, ""kcenter"": 0, ""kmeans"": 69, ""marc"": 2, ""random"": 0}"
repeat5_0.25,representative4|default|lcb=0.25|fb=kmeans|gap=0.005,80,0.7075127473623531,0.6963605543295224,herding,0.7059333595529326,0.0015793878094205738,-0.015061411783201667,"[-2.44,-0.68]",0.7125,0.00022322525624312445,"{""boundary"": 0, ""herding"": 9, ""kcenter"": 0, ""kmeans"": 69, ""marc"": 2, ""random"": 0}"
repeat5_0.25,centroid3|marc_first|lcb=0.5|fb=kmeans|gap=0.005,80,0.7075127473623531,0.6963605543295224,herding,0.7059333595529326,0.0015793878094205738,-0.015061411783201667,"[-2.44,-0.68]",0.7,0.00011262183166000153,"{""boundary"": 0, ""herding"": 9, ""kcenter"": 0, ""kmeans"": 69, ""marc"": 2, ""random"": 0}"
repeat5_0.25,centroid3|marc_first|lcb=0.25|fb=kmeans|gap=0.005,80,0.7075127473623531,0.6963605543295224,herding,0.7059333595529326,0.0015793878094205738,-0.015061411783201667,"[-2.44,-0.68]",0.7125,0.00014727513656985491,"{""boundary"": 0, ""herding"": 9, ""kcenter"": 0, ""kmeans"": 69, ""marc"": 2, ""random"": 0}"
repeat5_0.25,centroid3|default|lcb=0.25|fb=kmeans|gap=0.005,80,0.7075127473623531,0.6963605543295224,herding,0.7059333595529326,0.0015793878094205738,-0.015061411783201667,"[-2.44,-0.68]",0.7125,0.00014727513656985491,"{""boundary"": 0, ""herding"": 9, ""kcenter"": 0, ""kmeans"": 69, ""marc"": 2, ""random"": 0}"
repeat5_0.25,centroid3|default|lcb=0.5|fb=kmeans|gap=0.005,80,0.7075127473623531,0.6963605543295224,herding,0.7059333595529326,0.0015793878094205738,-0.015061411783201667,"[-2.44,-0.68]",0.7,0.00011262183166000153,"{""boundary"": 0, ""herding"": 9, ""kcenter"": 0, ""kmeans"": 69, ""marc"": 2, ""random"": 0}"
repeat5_0.25,centroid3|herding_first|lcb=0.5|fb=kmeans|gap=0.005,80,0.7075127473623531,0.6963605543295224,herding,0.7059333595529326,0.0015793878094205738,-0.015061411783201667,"[-2.44,-0.68]",0.7,0.00011262183166000153,"{""boundary"": 0, ""herding"": 9, ""kcenter"": 0, ""kmeans"": 69, ""marc"": 2, ""random"": 0}"
repeat5_0.25,no_boundary|default|lcb=1|fb=herding|gap=0.05,80,0.7073753857952865,0.696487838602952,herding,0.7059333595529326,0.0014420262423538999,-0.015198773350268332,"[-2.41,-0.75]",0.95,0.002204584963417973,"{""boundary"": 0, ""herding"": 78, ""kcenter"": 0, ""kmeans"": 1, ""marc"": 0, ""random"": 1}"
repeat5_0.25,all6|marc_first|lcb=0.5|fb=herding|gap=0.05,80,0.7073753857952865,0.696487838602952,herding,0.7059333595529326,0.0014420262423538999,-0.015198773350268332,"[-2.41,-0.75]",0.9625,0.0023768785528426872,"{""boundary"": 0, ""herding"": 78, ""kcenter"": 0, ""kmeans"": 1, ""marc"": 0, ""random"": 1}"
repeat5_0.25,all6|herding_first|lcb=0.5|fb=herding|gap=0.05,80,0.7073753857952865,0.696487838602952,herding,0.7059333595529326,0.0014420262423538999,-0.015198773350268332,"[-2.41,-0.75]",0.9625,0.0023768785528426872,"{""boundary"": 0, ""herding"": 78, ""kcenter"": 0, ""kmeans"": 1, ""marc"": 0, ""random"": 1}"
repeat5_0.25,all6|default|lcb=0.5|fb=herding|gap=0.05,80,0.7073753857952865,0.696487838602952,herding,0.7059333595529326,0.0014420262423538999,-0.015198773350268332,"[-2.41,-0.75]",0.9625,0.0023768785528426872,"{""boundary"": 0, ""herding"": 78, ""kcenter"": 0, ""kmeans"": 1, ""marc"": 0, ""random"": 1}"
repeat5_0.25,all6|kmeans_first|lcb=0.5|fb=herding|gap=0.05,80,0.7073753857952865,0.696487838602952,herding,0.7059333595529326,0.0014420262423538999,-0.015198773350268332,"[-2.41,-0.75]",0.9625,0.0023768785528426872,"{""boundary"": 0, ""herding"": 78, ""kcenter"": 0, ""kmeans"": 1, ""marc"": 0, ""random"": 1}"
repeat5_0.25,no_boundary|marc_first|lcb=1|fb=herding|gap=0.05,80,0.7073753857952865,0.696487838602952,herding,0.7059333595529326,0.0014420262423538999,-0.015198773350268332,"[-2.41,-0.75]",0.95,0.002204584963417973,"{""boundary"": 0, ""herding"": 78, ""kcenter"": 0, ""kmeans"": 1, ""marc"": 0, ""random"": 1}"
repeat5_0.25,no_boundary|herding_first|lcb=1|fb=herding|gap=0.05,80,0.7073753857952865,0.696487838602952,herding,0.7059333595529326,0.0014420262423538999,-0.015198773350268332,"[-2.41,-0.75]",0.95,0.002204584963417973,"{""boundary"": 0, ""herding"": 78, ""kcenter"": 0, ""kmeans"": 1, ""marc"": 0, ""random"": 1}"
repeat5_0.25,no_boundary|kmeans_first|lcb=1|fb=herding|gap=0.05,80,0.7073753857952865,0.696487838602952,herding,0.7059333595529326,0.0014420262423538999,-0.015198773350268332,"[-2.41,-0.75]",0.95,0.002204584963417973,"{""boundary"": 0, ""herding"": 78, ""kcenter"": 0, ""kmeans"": 1, ""marc"": 0, ""random"": 1}"
repeat5_0.25,representative4|kmeans_first|lcb=1|fb=kmeans|gap=0.01,80,0.707350710325316,0.6961831611670205,herding,0.7059333595529326,0.0014173507723834744,-0.015223448820238706,"[-2.46,-0.69]",0.775,0.0001679704602696036,"{""boundary"": 0, ""herding"": 8, ""kcenter"": 0, ""kmeans"": 71, ""marc"": 1, ""random"": 0}"
repeat5_0.25,representative4|kmeans_first|lcb=0.5|fb=kmeans|gap=0.01,80,0.707350710325316,0.6961831611670205,herding,0.7059333595529326,0.0014173507723834744,-0.015223448820238706,"[-2.46,-0.69]",0.7875,0.0001735578502666986,"{""boundary"": 0, ""herding"": 8, ""kcenter"": 0, ""kmeans"": 71, ""marc"": 1, ""random"": 0}"
repeat5_0.25,centroid3|kmeans_first|lcb=1|fb=kmeans|gap=0.01,80,0.707350710325316,0.6961831611670205,herding,0.7059333595529326,0.0014173507723834744,-0.015223448820238706,"[-2.46,-0.69]",0.775,5.199400772134752e-05,"{""boundary"": 0, ""herding"": 8, ""kcenter"": 0, ""kmeans"": 71, ""marc"": 1, ""random"": 0}"
repeat5_0.25,centroid3|kmeans_first|lcb=0.5|fb=kmeans|gap=0.01,80,0.707350710325316,0.6961831611670205,herding,0.7059333595529326,0.0014173507723834744,-0.015223448820238706,"[-2.46,-0.69]",0.7875,0.00011262183166000153,"{""boundary"": 0, ""herding"": 8, ""kcenter"": 0, ""kmeans"": 71, ""marc"": 1, ""random"": 0}"
repeat5_0.25,representative4|default|lcb=1|fb=kmeans|gap=0.01,80,0.707350710325316,0.6961831611670205,herding,0.7059333595529326,0.0014173507723834744,-0.015223448820238706,"[-2.46,-0.69]",0.775,0.0001679704602696036,"{""boundary"": 0, ""herding"": 8, ""kcenter"": 0, ""kmeans"": 71, ""marc"": 1, ""random"": 0}"
repeat5_0.25,representative4|herding_first|lcb=1|fb=kmeans|gap=0.01,80,0.707350710325316,0.6961831611670205,herding,0.7059333595529326,0.0014173507723834744,-0.015223448820238706,"[-2.46,-0.69]",0.775,0.0001679704602696036,"{""boundary"": 0, ""herding"": 8, ""kcenter"": 0, ""kmeans"": 71, ""marc"": 1, ""random"": 0}"
repeat5_0.25,centroid3|herding_first|lcb=1|fb=kmeans|gap=0.01,80,0.707350710325316,0.6961831611670205,herding,0.7059333595529326,0.0014173507723834744,-0.015223448820238706,"[-2.46,-0.69]",0.775,5.199400772134752e-05,"{""boundary"": 0, ""herding"": 8, ""kcenter"": 0, ""kmeans"": 71, ""marc"": 1, ""random"": 0}"
repeat5_0.25,representative4|default|lcb=0.5|fb=kmeans|gap=0.01,80,0.707350710325316,0.6961831611670205,herding,0.7059333595529326,0.0014173507723834744,-0.015223448820238706,"[-2.46,-0.69]",0.7875,0.0001735578502666986,"{""boundary"": 0, ""herding"": 8, ""kcenter"": 0, ""kmeans"": 71, ""marc"": 1, ""random"": 0}"
repeat5_0.25,centroid3|default|lcb=1|fb=kmeans|gap=0.01,80,0.707350710325316,0.6961831611670205,herding,0.7059333595529326,0.0014173507723834744,-0.015223448820238706,"[-2.46,-0.69]",0.775,5.199400772134752e-05,"{""boundary"": 0, ""herding"": 8, ""kcenter"": 0, ""kmeans"": 71, ""marc"": 1, ""random"": 0}"
repeat5_0.25,representative4|marc_first|lcb=0.5|fb=kmeans|gap=0.01,80,0.707350710325316,0.6961831611670205,herding,0.7059333595529326,0.0014173507723834744,-0.015223448820238706,"[-2.46,-0.69]",0.7875,0.0001735578502666986,"{""boundary"": 0, ""herding"": 8, ""kcenter"": 0, ""kmeans"": 71, ""marc"": 1, ""random"": 0}"
repeat5_0.25,centroid3|marc_first|lcb=1|fb=kmeans|gap=0.01,80,0.707350710325316,0.6961831611670205,herding,0.7059333595529326,0.0014173507723834744,-0.015223448820238706,"[-2.46,-0.69]",0.775,5.199400772134752e-05,"{""boundary"": 0, ""herding"": 8, ""kcenter"": 0, ""kmeans"": 71, ""marc"": 1, ""random"": 0}"
repeat5_0.25,centroid3|herding_first|lcb=0.5|fb=kmeans|gap=0.01,80,0.707350710325316,0.6961831611670205,herding,0.7059333595529326,0.0014173507723834744,-0.015223448820238706,"[-2.46,-0.69]",0.7875,0.00011262183166000153,"{""boundary"": 0, ""herding"": 8, ""kcenter"": 0, ""kmeans"": 71, ""marc"": 1, ""random"": 0}"
repeat5_0.25,representative4|herding_first|lcb=0.5|fb=kmeans|gap=0.01,80,0.707350710325316,0.6961831611670205,herding,0.7059333595529326,0.0014173507723834744,-0.015223448820238706,"[-2.46,-0.69]",0.7875,0.0001735578502666986,"{""boundary"": 0, ""herding"": 8, ""kcenter"": 0, ""kmeans"": 71, ""marc"": 1, ""random"": 0}"
repeat5_0.25,centroid3|marc_first|lcb=0.5|fb=kmeans|gap=0.01,80,0.707350710325316,0.6961831611670205,herding,0.7059333595529326,0.0014173507723834744,-0.015223448820238706,"[-2.46,-0.69]",0.7875,0.00011262183166000153,"{""boundary"": 0, ""herding"": 8, ""kcenter"": 0, ""kmeans"": 71, ""marc"": 1, ""random"": 0}"
repeat5_0.25,centroid3|default|lcb=0.5|fb=kmeans|gap=0.01,80,0.707350710325316,0.6961831611670205,herding,0.7059333595529326,0.0014173507723834744,-0.015223448820238706,"[-2.46,-0.69]",0.7875,0.00011262183166000153,"{""boundary"": 0, ""herding"": 8, ""kcenter"": 0, ""kmeans"": 71, ""marc"": 1, ""random"": 0}"
repeat5_0.25,representative4|marc_first|lcb=1|fb=kmeans|gap=0.01,80,0.707350710325316,0.6961831611670205,herding,0.7059333595529326,0.0014173507723834744,-0.015223448820238706,"[-2.46,-0.69]",0.775,0.0001679704602696036,"{""boundary"": 0, ""herding"": 8, ""kcenter"": 0, ""kmeans"": 71, ""marc"": 1, ""random"": 0}"
repeat5_0.25,coverage3|default|lcb=0|fb=kmeans|gap=0.005,80,0.7073044140290199,0.6961351495381265,herding,0.7059333595529326,0.001371054476087319,-0.015269745116535,"[-2.46,-0.70]",0.6875,0.00018192844147970136,"{""boundary"": 0, ""herding"": 10, ""kcenter"": 0, ""kmeans"": 70, ""marc"": 0, ""random"": 0}"
repeat5_0.25,coverage3|kmeans_first|lcb=0|fb=kmeans|gap=0.005,80,0.7073044140290199,0.6961351495381265,herding,0.7059333595529326,0.001371054476087319,-0.015269745116535,"[-2.46,-0.70]",0.6875,0.00018192844147970136,"{""boundary"": 0, ""herding"": 10, ""kcenter"": 0, ""kmeans"": 70, ""marc"": 0, ""random"": 0}"
repeat5_0.25,coverage3|herding_first|lcb=0|fb=kmeans|gap=0.005,80,0.7073044140290199,0.6961351495381265,herding,0.7059333595529326,0.001371054476087319,-0.015269745116535,"[-2.46,-0.70]",0.6875,0.00018192844147970136,"{""boundary"": 0, ""herding"": 10, ""kcenter"": 0, ""kmeans"": 70, ""marc"": 0, ""random"": 0}"
repeat5_0.25,coverage3|marc_first|lcb=0|fb=kmeans|gap=0.005,80,0.7073044140290199,0.6961351495381265,herding,0.7059333595529326,0.001371054476087319,-0.015269745116535,"[-2.46,-0.70]",0.6875,0.00018192844147970136,"{""boundary"": 0, ""herding"": 10, ""kcenter"": 0, ""kmeans"": 70, ""marc"": 0, ""random"": 0}"
repeat5_0.25,representative4|kmeans_first|lcb=0.5|fb=herding|gap=0,80,0.7072434198459439,0.6962664290659527,herding,0.7059333595529326,0.0013100602930112837,-0.015330739299610896,"[-2.45,-0.73]",0.45,0.0001735578502666986,"{""boundary"": 0, ""herding"": 55, ""kcenter"": 4, ""kmeans"": 17, ""marc"": 4, ""random"": 0}"
repeat5_0.25,representative4|herding_first|lcb=0.5|fb=herding|gap=0,80,0.7072434198459439,0.6962664290659527,herding,0.7059333595529326,0.0013100602930112837,-0.015330739299610896,"[-2.45,-0.73]",0.45,0.0001735578502666986,"{""boundary"": 0, ""herding"": 55, ""kcenter"": 4, ""kmeans"": 17, ""marc"": 4, ""random"": 0}"
repeat5_0.25,representative4|marc_first|lcb=0.5|fb=herding|gap=0,80,0.7072434198459439,0.6962664290659527,herding,0.7059333595529326,0.0013100602930112837,-0.015330739299610896,"[-2.45,-0.73]",0.45,0.0001735578502666986,"{""boundary"": 0, ""herding"": 55, ""kcenter"": 4, ""kmeans"": 17, ""marc"": 4, ""random"": 0}"
repeat5_0.25,representative4|default|lcb=0.5|fb=herding|gap=0,80,0.7072434198459439,0.6962664290659527,herding,0.7059333595529326,0.0013100602930112837,-0.015330739299610896,"[-2.45,-0.73]",0.45,0.0001735578502666986,"{""boundary"": 0, ""herding"": 55, ""kcenter"": 4, ""kmeans"": 17, ""marc"": 4, ""random"": 0}"
repeat5_0.25,representative4|herding_first|lcb=0.5|fb=none|gap=0,80,0.7072412090217487,0.6962662293996009,herding,0.7059333595529326,0.0013078494688161246,-0.015332950123806154,"[-2.45,-0.73]",0.0,0.0001735578502666986,"{""boundary"": 0, ""herding"": 53, ""kcenter"": 4, ""kmeans"": 19, ""marc"": 4, ""random"": 0}"
repeat5_0.25,representative4|default|lcb=0.5|fb=none|gap=0,80,0.7072412090217487,0.6962662293996009,herding,0.7059333595529326,0.0013078494688161246,-0.015332950123806154,"[-2.45,-0.73]",0.0,0.0001735578502666986,"{""boundary"": 0, ""herding"": 53, ""kcenter"": 6, ""kmeans"": 17, ""marc"": 4, ""random"": 0}"
repeat5_0.25,centroid3|default|lcb=0.5|fb=none|gap=0,80,0.7072389981975534,0.6962532271219724,herding,0.7059333595529326,0.0013056386446208545,-0.015335160948001414,"[-2.45,-0.73]",0.0,0.00011262183166000153,"{""boundary"": 0, ""herding"": 53, ""kcenter"": 0, ""kmeans"": 20, ""marc"": 7, ""random"": 0}"
repeat5_0.25,centroid3|herding_first|lcb=0.5|fb=none|gap=0,80,0.7072389981975534,0.6962532271219724,herding,0.7059333595529326,0.0013056386446208545,-0.015335160948001414,"[-2.45,-0.73]",0.0,0.00011262183166000153,"{""boundary"": 0, ""herding"": 53, ""kcenter"": 0, ""kmeans"": 20, ""marc"": 7, ""random"": 0}"
repeat5_0.25,representative4|marc_first|lcb=0.5|fb=none|gap=0,80,0.7072367873733582,0.6962658301340011,herding,0.7059333595529326,0.0013034278204255845,-0.015337371772196675,"[-2.45,-0.73]",0.0,0.0001735578502666986,"{""boundary"": 0, ""herding"": 20, ""kcenter"": 4, ""kmeans"": 17, ""marc"": 39, ""random"": 0}"
repeat5_0.25,centroid3|default|lcb=0.5|fb=herding|gap=0,80,0.7072367873733582,0.696244695430261,herding,0.7059333595529326,0.0013034278204255845,-0.015337371772196675,"[-2.45,-0.73]",0.4625,0.00011262183166000153,"{""boundary"": 0, ""herding"": 56, ""kcenter"": 0, ""kmeans"": 17, ""marc"": 7, ""random"": 0}"
repeat5_0.25,centroid3|herding_first|lcb=0.5|fb=herding|gap=0,80,0.7072367873733582,0.696244695430261,herding,0.7059333595529326,0.0013034278204255845,-0.015337371772196675,"[-2.45,-0.73]",0.4625,0.00011262183166000153,"{""boundary"": 0, ""herding"": 56, ""kcenter"": 0, ""kmeans"": 17, ""marc"": 7, ""random"": 0}"
repeat5_0.25,centroid3|kmeans_first|lcb=0.5|fb=herding|gap=0,80,0.7072367873733582,0.696244695430261,herding,0.7059333595529326,0.0013034278204255845,-0.015337371772196675,"[-2.45,-0.73]",0.4625,0.00011262183166000153,"{""boundary"": 0, ""herding"": 56, ""kcenter"": 0, ""kmeans"": 17, ""marc"": 7, ""random"": 0}"
repeat5_0.25,centroid3|marc_first|lcb=0.5|fb=herding|gap=0,80,0.7072367873733582,0.696244695430261,herding,0.7059333595529326,0.0013034278204255845,-0.015337371772196675,"[-2.45,-0.73]",0.4625,0.00011262183166000153,"{""boundary"": 0, ""herding"": 56, ""kcenter"": 0, ""kmeans"": 17, ""marc"": 7, ""random"": 0}"
repeat5_0.25,representative4|kmeans_first|lcb=0.5|fb=none|gap=0,80,0.7072367873733582,0.6962658301340011,herding,0.7059333595529326,0.0013034278204255845,-0.015337371772196675,"[-2.45,-0.73]",0.0,0.0001735578502666986,"{""boundary"": 0, ""herding"": 20, ""kcenter"": 4, ""kmeans"": 52, ""marc"": 4, ""random"": 0}"
repeat5_0.25,centroid3|kmeans_first|lcb=0.5|fb=none|gap=0,80,0.7072345765491629,0.6962528278563724,herding,0.7059333595529326,0.0013012169962303144,-0.015339582596391935,"[-2.45,-0.73]",0.0,0.00011262183166000153,"{""boundary"": 0, ""herding"": 20, ""kcenter"": 0, ""kmeans"": 53, ""marc"": 7, ""random"": 0}"
repeat5_0.25,centroid3|marc_first|lcb=0.5|fb=none|gap=0,80,0.7072345765491629,0.6962528278563724,herding,0.7059333595529326,0.0013012169962303144,-0.015339582596391935,"[-2.45,-0.73]",0.0,0.00011262183166000153,"{""boundary"": 0, ""herding"": 20, ""kcenter"": 0, ""kmeans"": 18, ""marc"": 42, ""random"": 0}"
repeat5_0.25,coverage3|kmeans_first|lcb=0.25|fb=kmeans|gap=0.005,80,0.7071886732882791,0.6959945907277705,herding,0.7059333595529326,0.001255313735346486,-0.015385485857275737,"[-2.47,-0.71]",0.6375,0.00034340934227256384,"{""boundary"": 0, ""herding"": 11, ""kcenter"": 0, ""kmeans"": 69, ""marc"": 0, ""random"": 0}"
repeat5_0.25,coverage3|default|lcb=0.25|fb=kmeans|gap=0.005,80,0.7071886732882791,0.6959945907277705,herding,0.7059333595529326,0.001255313735346486,-0.015385485857275737,"[-2.47,-0.71]",0.6375,0.00034340934227256384,"{""boundary"": 0, ""herding"": 11, ""kcenter"": 0, ""kmeans"": 69, ""marc"": 0, ""random"": 0}"
repeat5_0.25,coverage3|marc_first|lcb=0.25|fb=kmeans|gap=0.005,80,0.7071886732882791,0.6959945907277705,herding,0.7059333595529326,0.001255313735346486,-0.015385485857275737,"[-2.47,-0.71]",0.6375,0.00034340934227256384,"{""boundary"": 0, ""herding"": 11, ""kcenter"": 0, ""kmeans"": 69, ""marc"": 0, ""random"": 0}"
repeat5_0.25,coverage3|herding_first|lcb=0.25|fb=kmeans|gap=0.005,80,0.7071886732882791,0.6959945907277705,herding,0.7059333595529326,0.001255313735346486,-0.015385485857275737,"[-2.47,-0.71]",0.6375,0.00034340934227256384,"{""boundary"": 0, ""herding"": 11, ""kcenter"": 0, ""kmeans"": 69, ""marc"": 0, ""random"": 0}"
repeat5_0.25,coverage3|kmeans_first|lcb=1|fb=kmeans|gap=0.005,80,0.7070960806956864,0.6959332185135672,herding,0.7059333595529326,0.001162721142753842,-0.015478078449868333,"[-2.48,-0.72]",0.625,0.00021874827813180356,"{""boundary"": 0, ""herding"": 11, ""kcenter"": 0, ""kmeans"": 69, ""marc"": 0, ""random"": 0}"
repeat5_0.25,coverage3|marc_first|lcb=1|fb=kmeans|gap=0.005,80,0.7070960806956864,0.6959332185135672,herding,0.7059333595529326,0.001162721142753842,-0.015478078449868333,"[-2.48,-0.72]",0.625,0.00021874827813180356,"{""boundary"": 0, ""herding"": 11, ""kcenter"": 0, ""kmeans"": 69, ""marc"": 0, ""random"": 0}"
repeat5_0.25,coverage3|default|lcb=1|fb=kmeans|gap=0.005,80,0.7070960806956864,0.6959332185135672,herding,0.7059333595529326,0.001162721142753842,-0.015478078449868333,"[-2.48,-0.72]",0.625,0.00021874827813180356,"{""boundary"": 0, ""herding"": 11, ""kcenter"": 0, ""kmeans"": 69, ""marc"": 0, ""random"": 0}"
repeat5_0.25,coverage3|herding_first|lcb=1|fb=kmeans|gap=0.005,80,0.7070960806956864,0.6959332185135672,herding,0.7059333595529326,0.001162721142753842,-0.015478078449868333,"[-2.48,-0.72]",0.625,0.00021874827813180356,"{""boundary"": 0, ""herding"": 11, ""kcenter"": 0, ""kmeans"": 69, ""marc"": 0, ""random"": 0}"
repeat5_0.25,coverage3|default|lcb=0|fb=kmeans|gap=0,80,0.7070648671333445,0.6959510545962354,herding,0.7059333595529326,0.0011315075804119168,-0.0155092920122103,"[-2.49,-0.71]",0.4625,0.00018192844147970136,"{""boundary"": 0, ""herding"": 19, ""kcenter"": 5, ""kmeans"": 56, ""marc"": 0, ""random"": 0}"
repeat5_0.25,coverage3|herding_first|lcb=0|fb=kmeans|gap=0,80,0.7070648671333445,0.6959510545962354,herding,0.7059333595529326,0.0011315075804119168,-0.0155092920122103,"[-2.49,-0.71]",0.4625,0.00018192844147970136,"{""boundary"": 0, ""herding"": 19, ""kcenter"": 5, ""kmeans"": 56, ""marc"": 0, ""random"": 0}"
repeat5_0.25,coverage3|kmeans_first|lcb=0|fb=kmeans|gap=0,80,0.7070648671333445,0.6959510545962354,herding,0.7059333595529326,0.0011315075804119168,-0.0155092920122103,"[-2.49,-0.71]",0.4625,0.00018192844147970136,"{""boundary"": 0, ""herding"": 19, ""kcenter"": 5, ""kmeans"": 56, ""marc"": 0, ""random"": 0}"
repeat5_0.25,coverage3|marc_first|lcb=0|fb=kmeans|gap=0,80,0.7070648671333445,0.6959510545962354,herding,0.7059333595529326,0.0011315075804119168,-0.0155092920122103,"[-2.49,-0.71]",0.4625,0.00018192844147970136,"{""boundary"": 0, ""herding"": 19, ""kcenter"": 5, ""kmeans"": 56, ""marc"": 0, ""random"": 0}"
repeat5_0.25,coverage3|herding_first|lcb=0.25|fb=kmeans|gap=0.02,80,0.7070497843993901,0.695887717325796,herding,0.7059333595529326,0.0011164248464575754,-0.015524374746164629,"[-2.49,-0.73]",0.8,0.00034340934227256384,"{""boundary"": 0, ""herding"": 8, ""kcenter"": 0, ""kmeans"": 72, ""marc"": 0, ""random"": 0}"
repeat5_0.25,coverage3|herding_first|lcb=0.25|fb=kmeans|gap=0.01,80,0.7070497843993901,0.695887717325796,herding,0.7059333595529326,0.0011164248464575754,-0.015524374746164629,"[-2.49,-0.73]",0.725,0.00034340934227256384,"{""boundary"": 0, ""herding"": 8, ""kcenter"": 0, ""kmeans"": 72, ""marc"": 0, ""random"": 0}"
repeat5_0.25,coverage3|herding_first|lcb=0.5|fb=kmeans|gap=0.02,80,0.7070497843993901,0.695887717325796,herding,0.7059333595529326,0.0011164248464575754,-0.015524374746164629,"[-2.49,-0.73]",0.8,0.00032720301861965256,"{""boundary"": 0, ""herding"": 8, ""kcenter"": 0, ""kmeans"": 72, ""marc"": 0, ""random"": 0}"
repeat5_0.25,coverage3|marc_first|lcb=0.25|fb=kmeans|gap=0.01,80,0.7070497843993901,0.695887717325796,herding,0.7059333595529326,0.0011164248464575754,-0.015524374746164629,"[-2.49,-0.73]",0.725,0.00034340934227256384,"{""boundary"": 0, ""herding"": 8, ""kcenter"": 0, ""kmeans"": 72, ""marc"": 0, ""random"": 0}"
repeat5_0.25,coverage3|kmeans_first|lcb=1|fb=kmeans|gap=0.02,80,0.7070497843993901,0.695887717325796,herding,0.7059333595529326,0.0011164248464575754,-0.015524374746164629,"[-2.49,-0.73]",0.775,0.00021874827813180356,"{""boundary"": 0, ""herding"": 8, ""kcenter"": 0, ""kmeans"": 72, ""marc"": 0, ""random"": 0}"
repeat5_0.25,coverage3|marc_first|lcb=1|fb=kmeans|gap=0.02,80,0.7070497843993901,0.695887717325796,herding,0.7059333595529326,0.0011164248464575754,-0.015524374746164629,"[-2.49,-0.73]",0.775,0.00021874827813180356,"{""boundary"": 0, ""herding"": 8, ""kcenter"": 0, ""kmeans"": 72, ""marc"": 0, ""random"": 0}"
repeat5_0.25,coverage3|herding_first|lcb=1|fb=kmeans|gap=0.02,80,0.7070497843993901,0.695887717325796,herding,0.7059333595529326,0.0011164248464575754,-0.015524374746164629,"[-2.49,-0.73]",0.775,0.00021874827813180356,"{""boundary"": 0, ""herding"": 8, ""kcenter"": 0, ""kmeans"": 72, ""marc"": 0, ""random"": 0}"
repeat5_0.25,coverage3|default|lcb=0.5|fb=kmeans|gap=0.02,80,0.7070497843993901,0.695887717325796,herding,0.7059333595529326,0.0011164248464575754,-0.015524374746164629,"[-2.49,-0.73]",0.8,0.00032720301861965256,"{""boundary"": 0, ""herding"": 8, ""kcenter"": 0, ""kmeans"": 72, ""marc"": 0, ""random"": 0}"
repeat5_0.25,coverage3|kmeans_first|lcb=0.5|fb=kmeans|gap=0.02,80,0.7070497843993901,0.695887717325796,herding,0.7059333595529326,0.0011164248464575754,-0.015524374746164629,"[-2.49,-0.73]",0.8,0.00032720301861965256,"{""boundary"": 0, ""herding"": 8, ""kcenter"": 0, ""kmeans"": 72, ""marc"": 0, ""random"": 0}"
repeat5_0.25,coverage3|default|lcb=0.25|fb=kmeans|gap=0.01,80,0.7070497843993901,0.695887717325796,herding,0.7059333595529326,0.0011164248464575754,-0.015524374746164629,"[-2.49,-0.73]",0.725,0.00034340934227256384,"{""boundary"": 0, ""herding"": 8, ""kcenter"": 0, ""kmeans"": 72, ""marc"": 0, ""random"": 0}"
repeat5_0.25,coverage3|marc_first|lcb=0.5|fb=kmeans|gap=0.02,80,0.7070497843993901,0.695887717325796,herding,0.7059333595529326,0.0011164248464575754,-0.015524374746164629,"[-2.49,-0.73]",0.8,0.00032720301861965256,"{""boundary"": 0, ""herding"": 8, ""kcenter"": 0, ""kmeans"": 72, ""marc"": 0, ""random"": 0}"
repeat5_0.25,coverage3|kmeans_first|lcb=0.25|fb=kmeans|gap=0.02,80,0.7070497843993901,0.695887717325796,herding,0.7059333595529326,0.0011164248464575754,-0.015524374746164629,"[-2.49,-0.73]",0.8,0.00034340934227256384,"{""boundary"": 0, ""herding"": 8, ""kcenter"": 0, ""kmeans"": 72, ""marc"": 0, ""random"": 0}"
repeat5_0.25,coverage3|default|lcb=0.25|fb=kmeans|gap=0.02,80,0.7070497843993901,0.695887717325796,herding,0.7059333595529326,0.0011164248464575754,-0.015524374746164629,"[-2.49,-0.73]",0.8,0.00034340934227256384,"{""boundary"": 0, ""herding"": 8, ""kcenter"": 0, ""kmeans"": 72, ""marc"": 0, ""random"": 0}"
repeat5_0.25,coverage3|default|lcb=1|fb=kmeans|gap=0.02,80,0.7070497843993901,0.695887717325796,herding,0.7059333595529326,0.0011164248464575754,-0.015524374746164629,"[-2.49,-0.73]",0.775,0.00021874827813180356,"{""boundary"": 0, ""herding"": 8, ""kcenter"": 0, ""kmeans"": 72, ""marc"": 0, ""random"": 0}"
repeat5_0.25,coverage3|kmeans_first|lcb=0.25|fb=kmeans|gap=0.01,80,0.7070497843993901,0.695887717325796,herding,0.7059333595529326,0.0011164248464575754,-0.015524374746164629,"[-2.49,-0.73]",0.725,0.00034340934227256384,"{""boundary"": 0, ""herding"": 8, ""kcenter"": 0, ""kmeans"": 72, ""marc"": 0, ""random"": 0}"
repeat5_0.25,coverage3|marc_first|lcb=0.25|fb=kmeans|gap=0.02,80,0.7070497843993901,0.695887717325796,herding,0.7059333595529326,0.0011164248464575754,-0.015524374746164629,"[-2.49,-0.73]",0.8,0.00034340934227256384,"{""boundary"": 0, ""herding"": 8, ""kcenter"": 0, ""kmeans"": 72, ""marc"": 0, ""random"": 0}"
repeat5_0.25,representative4|default|lcb=0.25|fb=herding|gap=0,80,0.7069814802747938,0.6959923912316622,herding,0.7059333595529326,0.0010481207218612232,-0.015592678870760995,"[-2.47,-0.76]",0.45,0.00022322525624312445,"{""boundary"": 0, ""herding"": 55, ""kcenter"": 4, ""kmeans"": 15, ""marc"": 6, ""random"": 0}"
repeat5_0.25,representative4|herding_first|lcb=0.25|fb=herding|gap=0,80,0.7069814802747938,0.6959923912316622,herding,0.7059333595529326,0.0010481207218612232,-0.015592678870760995,"[-2.47,-0.76]",0.45,0.00022322525624312445,"{""boundary"": 0, ""herding"": 55, ""kcenter"": 4, ""kmeans"": 15, ""marc"": 6, ""random"": 0}"
repeat5_0.25,representative4|kmeans_first|lcb=0.25|fb=herding|gap=0,80,0.7069814802747938,0.6959923912316622,herding,0.7059333595529326,0.0010481207218612232,-0.015592678870760995,"[-2.47,-0.76]",0.45,0.00022322525624312445,"{""boundary"": 0, ""herding"": 55, ""kcenter"": 4, ""kmeans"": 15, ""marc"": 6, ""random"": 0}"
repeat5_0.25,representative4|marc_first|lcb=0.25|fb=herding|gap=0,80,0.7069814802747938,0.6959923912316622,herding,0.7059333595529326,0.0010481207218612232,-0.015592678870760995,"[-2.47,-0.76]",0.45,0.00022322525624312445,"{""boundary"": 0, ""herding"": 55, ""kcenter"": 4, ""kmeans"": 15, ""marc"": 6, ""random"": 0}"
repeat5_0.25,representative4|default|lcb=0.25|fb=none|gap=0,80,0.7069792694505985,0.6959921915653106,herding,0.7059333595529326,0.001045909897665953,-0.015594889694956255,"[-2.47,-0.76]",0.0,0.00022322525624312445,"{""boundary"": 0, ""herding"": 53, ""kcenter"": 6, ""kmeans"": 15, ""marc"": 6, ""random"": 0}"
repeat5_0.25,representative4|herding_first|lcb=0.25|fb=none|gap=0,80,0.7069792694505985,0.6959921915653106,herding,0.7059333595529326,0.001045909897665953,-0.015594889694956255,"[-2.47,-0.76]",0.0,0.00022322525624312445,"{""boundary"": 0, ""herding"": 53, ""kcenter"": 4, ""kmeans"": 17, ""marc"": 6, ""random"": 0}"
repeat5_0.25,centroid3|default|lcb=0.25|fb=none|gap=0,80,0.7069770586264033,0.6959791892876819,herding,0.7059333595529326,0.001043699073470683,-0.015597100519151513,"[-2.47,-0.76]",0.0,0.00014727513656985491,"{""boundary"": 0, ""herding"": 53, ""kcenter"": 0, ""kmeans"": 18, ""marc"": 9, ""random"": 0}"
repeat5_0.25,centroid3|herding_first|lcb=0.25|fb=none|gap=0,80,0.7069770586264033,0.6959791892876819,herding,0.7059333595529326,0.001043699073470683,-0.015597100519151513,"[-2.47,-0.76]",0.0,0.00014727513656985491,"{""boundary"": 0, ""herding"": 53, ""kcenter"": 0, ""kmeans"": 18, ""marc"": 9, ""random"": 0}"
repeat5_0.25,representative4|kmeans_first|lcb=0.25|fb=none|gap=0,80,0.706974847802208,0.6959917922997108,herding,0.7059333595529326,0.001041488249275413,-0.015599311343346772,"[-2.47,-0.76]",0.0,0.00022322525624312445,"{""boundary"": 0, ""herding"": 20, ""kcenter"": 4, ""kmeans"": 50, ""marc"": 6, ""random"": 0}"
repeat5_0.25,representative4|marc_first|lcb=0.25|fb=none|gap=0,80,0.706974847802208,0.6959917922997108,herding,0.7059333595529326,0.001041488249275413,-0.015599311343346772,"[-2.47,-0.76]",0.0,0.00022322525624312445,"{""boundary"": 0, ""herding"": 20, ""kcenter"": 4, ""kmeans"": 15, ""marc"": 41, ""random"": 0}"
repeat5_0.25,centroid3|herding_first|lcb=0.25|fb=herding|gap=0,80,0.706974847802208,0.6959706575959707,herding,0.7059333595529326,0.001041488249275413,-0.015599311343346776,"[-2.47,-0.76]",0.4625,0.00014727513656985491,"{""boundary"": 0, ""herding"": 56, ""kcenter"": 0, ""kmeans"": 15, ""marc"": 9, ""random"": 0}"
repeat5_0.25,centroid3|kmeans_first|lcb=0.25|fb=herding|gap=0,80,0.706974847802208,0.6959706575959707,herding,0.7059333595529326,0.001041488249275413,-0.015599311343346776,"[-2.47,-0.76]",0.4625,0.00014727513656985491,"{""boundary"": 0, ""herding"": 56, ""kcenter"": 0, ""kmeans"": 15, ""marc"": 9, ""random"": 0}"
repeat5_0.25,centroid3|marc_first|lcb=0.25|fb=herding|gap=0,80,0.706974847802208,0.6959706575959707,herding,0.7059333595529326,0.001041488249275413,-0.015599311343346776,"[-2.47,-0.76]",0.4625,0.00014727513656985491,"{""boundary"": 0, ""herding"": 56, ""kcenter"": 0, ""kmeans"": 15, ""marc"": 9, ""random"": 0}"
repeat5_0.25,centroid3|default|lcb=0.25|fb=herding|gap=0,80,0.706974847802208,0.6959706575959707,herding,0.7059333595529326,0.001041488249275413,-0.015599311343346776,"[-2.47,-0.76]",0.4625,0.00014727513656985491,"{""boundary"": 0, ""herding"": 56, ""kcenter"": 0, ""kmeans"": 15, ""marc"": 9, ""random"": 0}"
repeat5_0.25,coverage3|default|lcb=1|fb=kmeans|gap=0,80,0.7069744853649471,0.6958898820483836,herding,0.7059333595529326,0.0010411258120145428,-0.015599673780607632,"[-2.50,-0.73]",0.4375,0.00021874827813180356,"{""boundary"": 0, ""herding"": 21, ""kcenter"": 5, ""kmeans"": 54, ""marc"": 0, ""random"": 0}"
repeat5_0.25,coverage3|herding_first|lcb=1|fb=kmeans|gap=0,80,0.7069744853649471,0.6958898820483836,herding,0.7059333595529326,0.0010411258120145428,-0.015599673780607632,"[-2.50,-0.73]",0.4375,0.00021874827813180356,"{""boundary"": 0, ""herding"": 21, ""kcenter"": 5, ""kmeans"": 54, ""marc"": 0, ""random"": 0}"
repeat5_0.25,coverage3|kmeans_first|lcb=1|fb=kmeans|gap=0,80,0.7069744853649471,0.6958898820483836,herding,0.7059333595529326,0.0010411258120145428,-0.015599673780607632,"[-2.50,-0.73]",0.4375,0.00021874827813180356,"{""boundary"": 0, ""herding"": 21, ""kcenter"": 5, ""kmeans"": 54, ""marc"": 0, ""random"": 0}"
repeat5_0.25,coverage3|marc_first|lcb=1|fb=kmeans|gap=0,80,0.7069744853649471,0.6958898820483836,herding,0.7059333595529326,0.0010411258120145428,-0.015599673780607632,"[-2.50,-0.73]",0.4375,0.00021874827813180356,"{""boundary"": 0, ""herding"": 21, ""kcenter"": 5, ""kmeans"": 54, ""marc"": 0, ""random"": 0}"
repeat5_0.25,centroid3|kmeans_first|lcb=0.25|fb=none|gap=0,80,0.7069726369780127,0.695978790022082,herding,0.7059333595529326,0.0010392774250801429,-0.015601522167542034,"[-2.47,-0.76]",0.0,0.00014727513656985491,"{""boundary"": 0, ""herding"": 20, ""kcenter"": 0, ""kmeans"": 51, ""marc"": 9, ""random"": 0}"
repeat5_0.25,centroid3|marc_first|lcb=0.25|fb=none|gap=0,80,0.7069726369780127,0.695978790022082,herding,0.7059333595529326,0.0010392774250801429,-0.015601522167542034,"[-2.47,-0.76]",0.0,0.00014727513656985491,"{""boundary"": 0, ""herding"": 20, ""kcenter"": 0, ""kmeans"": 16, ""marc"": 44, ""random"": 0}"
repeat5_0.25,centroid3|kmeans_first|lcb=0.5|fb=herding|gap=0.01,80,0.7069713712488389,0.6956683761824186,herding,0.7059333595529326,0.001038011695906338,-0.015602787896715811,"[-2.48,-0.75]",0.7875,0.00011262183166000153,"{""boundary"": 0, ""herding"": 71, ""kcenter"": 0, ""kmeans"": 8, ""marc"": 1, ""random"": 0}"
repeat5_0.25,representative4|herding_first|lcb=0.5|fb=herding|gap=0.01,80,0.7069713712488389,0.6956683761824186,herding,0.7059333595529326,0.001038011695906338,-0.015602787896715811,"[-2.48,-0.75]",0.7875,0.0001735578502666986,"{""boundary"": 0, ""herding"": 71, ""kcenter"": 0, ""kmeans"": 8, ""marc"": 1, ""random"": 0}"
repeat5_0.25,representative4|kmeans_first|lcb=0.5|fb=herding|gap=0.01,80,0.7069713712488389,0.6956683761824186,herding,0.7059333595529326,0.001038011695906338,-0.015602787896715811,"[-2.48,-0.75]",0.7875,0.0001735578502666986,"{""boundary"": 0, ""herding"": 71, ""kcenter"": 0, ""kmeans"": 8, ""marc"": 1, ""random"": 0}"
repeat5_0.25,representative4|default|lcb=0.5|fb=herding|gap=0.01,80,0.7069713712488389,0.6956683761824186,herding,0.7059333595529326,0.001038011695906338,-0.015602787896715811,"[-2.48,-0.75]",0.7875,0.0001735578502666986,"{""boundary"": 0, ""herding"": 71, ""kcenter"": 0, ""kmeans"": 8, ""marc"": 1, ""random"": 0}"
repeat5_0.25,representative4|marc_first|lcb=0.5|fb=herding|gap=0.01,80,0.7069713712488389,0.6956683761824186,herding,0.7059333595529326,0.001038011695906338,-0.015602787896715811,"[-2.48,-0.75]",0.7875,0.0001735578502666986,"{""boundary"": 0, ""herding"": 71, ""kcenter"": 0, ""kmeans"": 8, ""marc"": 1, ""random"": 0}"
repeat5_0.25,centroid3|herding_first|lcb=0.5|fb=herding|gap=0.01,80,0.7069713712488389,0.6956683761824186,herding,0.7059333595529326,0.001038011695906338,-0.015602787896715811,"[-2.48,-0.75]",0.7875,0.00011262183166000153,"{""boundary"": 0, ""herding"": 71, ""kcenter"": 0, ""kmeans"": 8, ""marc"": 1, ""random"": 0}"
repeat5_0.25,centroid3|marc_first|lcb=0.5|fb=herding|gap=0.01,80,0.7069713712488389,0.6956683761824186,herding,0.7059333595529326,0.001038011695906338,-0.015602787896715811,"[-2.48,-0.75]",0.7875,0.00011262183166000153,"{""boundary"": 0, ""herding"": 71, ""kcenter"": 0, ""kmeans"": 8, ""marc"": 1, ""random"": 0}"
repeat5_0.25,centroid3|default|lcb=0.5|fb=herding|gap=0.01,80,0.7069713712488389,0.6956683761824186,herding,0.7059333595529326,0.001038011695906338,-0.015602787896715811,"[-2.48,-0.75]",0.7875,0.00011262183166000153,"{""boundary"": 0, ""herding"": 71, ""kcenter"": 0, ""kmeans"": 8, ""marc"": 1, ""random"": 0}"
repeat5_0.25,centroid3|marc_first|lcb=0|fb=herding|gap=0.02,80,0.7068836519505932,0.6956923364770675,herding,0.7059333595529326,0.0009502923976606459,-0.01569050719496142,"[-2.48,-0.78]",0.9125,0.0,"{""boundary"": 0, ""herding"": 76, ""kcenter"": 0, ""kmeans"": 4, ""marc"": 0, ""random"": 0}"
repeat5_0.25,centroid3|default|lcb=0|fb=herding|gap=0.02,80,0.7068836519505932,0.6956923364770675,herding,0.7059333595529326,0.0009502923976606459,-0.01569050719496142,"[-2.48,-0.78]",0.9125,0.0,"{""boundary"": 0, ""herding"": 76, ""kcenter"": 0, ""kmeans"": 4, ""marc"": 0, ""random"": 0}"
repeat5_0.25,representative4|herding_first|lcb=0|fb=herding|gap=0.02,80,0.7068836519505932,0.6956923364770675,herding,0.7059333595529326,0.0009502923976606459,-0.01569050719496142,"[-2.48,-0.78]",0.9125,1.1102230246251565e-16,"{""boundary"": 0, ""herding"": 76, ""kcenter"": 0, ""kmeans"": 4, ""marc"": 0, ""random"": 0}"
repeat5_0.25,centroid3|herding_first|lcb=0|fb=herding|gap=0.02,80,0.7068836519505932,0.6956923364770675,herding,0.7059333595529326,0.0009502923976606459,-0.01569050719496142,"[-2.48,-0.78]",0.9125,0.0,"{""boundary"": 0, ""herding"": 76, ""kcenter"": 0, ""kmeans"": 4, ""marc"": 0, ""random"": 0}"
repeat5_0.25,representative4|marc_first|lcb=0.25|fb=herding|gap=0.02,80,0.7068836519505932,0.6956923364770675,herding,0.7059333595529326,0.0009502923976606459,-0.01569050719496142,"[-2.48,-0.78]",0.8875,0.00022322525624312445,"{""boundary"": 0, ""herding"": 76, ""kcenter"": 0, ""kmeans"": 4, ""marc"": 0, ""random"": 0}"
repeat5_0.25,centroid3|default|lcb=0.25|fb=herding|gap=0.02,80,0.7068836519505932,0.6956923364770675,herding,0.7059333595529326,0.0009502923976606459,-0.01569050719496142,"[-2.48,-0.78]",0.8875,0.00014727513656985491,"{""boundary"": 0, ""herding"": 76, ""kcenter"": 0, ""kmeans"": 4, ""marc"": 0, ""random"": 0}"
repeat5_0.25,centroid3|herding_first|lcb=0.25|fb=herding|gap=0.02,80,0.7068836519505932,0.6956923364770675,herding,0.7059333595529326,0.0009502923976606459,-0.01569050719496142,"[-2.48,-0.78]",0.8875,0.00014727513656985491,"{""boundary"": 0, ""herding"": 76, ""kcenter"": 0, ""kmeans"": 4, ""marc"": 0, ""random"": 0}"
repeat5_0.25,representative4|default|lcb=0.25|fb=herding|gap=0.02,80,0.7068836519505932,0.6956923364770675,herding,0.7059333595529326,0.0009502923976606459,-0.01569050719496142,"[-2.48,-0.78]",0.8875,0.00022322525624312445,"{""boundary"": 0, ""herding"": 76, ""kcenter"": 0, ""kmeans"": 4, ""marc"": 0, ""random"": 0}"
repeat5_0.25,representative4|kmeans_first|lcb=0.25|fb=herding|gap=0.02,80,0.7068836519505932,0.6956923364770675,herding,0.7059333595529326,0.0009502923976606459,-0.01569050719496142,"[-2.48,-0.78]",0.8875,0.00022322525624312445,"{""boundary"": 0, ""herding"": 76, ""kcenter"": 0, ""kmeans"": 4, ""marc"": 0, ""random"": 0}"
repeat5_0.25,centroid3|kmeans_first|lcb=0.25|fb=herding|gap=0.02,80,0.7068836519505932,0.6956923364770675,herding,0.7059333595529326,0.0009502923976606459,-0.01569050719496142,"[-2.48,-0.78]",0.8875,0.00014727513656985491,"{""boundary"": 0, ""herding"": 76, ""kcenter"": 0, ""kmeans"": 4, ""marc"": 0, ""random"": 0}"
repeat5_0.25,representative4|kmeans_first|lcb=0|fb=herding|gap=0.02,80,0.7068836519505932,0.6956923364770675,herding,0.7059333595529326,0.0009502923976606459,-0.01569050719496142,"[-2.48,-0.78]",0.9125,1.1102230246251565e-16,"{""boundary"": 0, ""herding"": 76, ""kcenter"": 0, ""kmeans"": 4, ""marc"": 0, ""random"": 0}"
repeat5_0.25,centroid3|marc_first|lcb=0.25|fb=herding|gap=0.02,80,0.7068836519505932,0.6956923364770675,herding,0.7059333595529326,0.0009502923976606459,-0.01569050719496142,"[-2.48,-0.78]",0.8875,0.00014727513656985491,"{""boundary"": 0, ""herding"": 76, ""kcenter"": 0, ""kmeans"": 4, ""marc"": 0, ""random"": 0}"
repeat5_0.25,representative4|marc_first|lcb=0|fb=herding|gap=0.02,80,0.7068836519505932,0.6956923364770675,herding,0.7059333595529326,0.0009502923976606459,-0.01569050719496142,"[-2.48,-0.78]",0.9125,1.1102230246251565e-16,"{""boundary"": 0, ""herding"": 76, ""kcenter"": 0, ""kmeans"": 4, ""marc"": 0, ""random"": 0}"
repeat5_0.25,representative4|default|lcb=0|fb=herding|gap=0.02,80,0.7068836519505932,0.6956923364770675,herding,0.7059333595529326,0.0009502923976606459,-0.01569050719496142,"[-2.48,-0.78]",0.9125,1.1102230246251565e-16,"{""boundary"": 0, ""herding"": 76, ""kcenter"": 0, ""kmeans"": 4, ""marc"": 0, ""random"": 0}"
repeat5_0.25,centroid3|kmeans_first|lcb=0|fb=herding|gap=0.02,80,0.7068836519505932,0.6956923364770675,herding,0.7059333595529326,0.0009502923976606459,-0.01569050719496142,"[-2.48,-0.78]",0.9125,0.0,"{""boundary"": 0, ""herding"": 76, ""kcenter"": 0, ""kmeans"": 4, ""marc"": 0, ""random"": 0}"
repeat5_0.25,representative4|herding_first|lcb=0.25|fb=herding|gap=0.02,80,0.7068836519505932,0.6956923364770675,herding,0.7059333595529326,0.0009502923976606459,-0.01569050719496142,"[-2.48,-0.78]",0.8875,0.00022322525624312445,"{""boundary"": 0, ""herding"": 76, ""kcenter"": 0, ""kmeans"": 4, ""marc"": 0, ""random"": 0}"
repeat5_0.25,representative4|kmeans_first|lcb=1|fb=herding|gap=0.01,80,0.70683248235995,0.6956801610970551,herding,0.7059333595529326,0.0008991228070174273,-0.015741676785604702,"[-2.49,-0.77]",0.775,0.0001679704602696036,"{""boundary"": 0, ""herding"": 70, ""kcenter"": 0, ""kmeans"": 9, ""marc"": 1, ""random"": 0}"
repeat5_0.25,centroid3|kmeans_first|lcb=1|fb=herding|gap=0.01,80,0.70683248235995,0.6956801610970551,herding,0.7059333595529326,0.0008991228070174273,-0.015741676785604702,"[-2.49,-0.77]",0.775,5.199400772134752e-05,"{""boundary"": 0, ""herding"": 70, ""kcenter"": 0, ""kmeans"": 9, ""marc"": 1, ""random"": 0}"
repeat5_0.25,representative4|marc_first|lcb=1|fb=herding|gap=0.01,80,0.70683248235995,0.6956801610970551,herding,0.7059333595529326,0.0008991228070174273,-0.015741676785604702,"[-2.49,-0.77]",0.775,0.0001679704602696036,"{""boundary"": 0, ""herding"": 70, ""kcenter"": 0, ""kmeans"": 9, ""marc"": 1, ""random"": 0}"
repeat5_0.25,centroid3|herding_first|lcb=1|fb=herding|gap=0.01,80,0.70683248235995,0.6956801610970551,herding,0.7059333595529326,0.0008991228070174273,-0.015741676785604702,"[-2.49,-0.77]",0.775,5.199400772134752e-05,"{""boundary"": 0, ""herding"": 70, ""kcenter"": 0, ""kmeans"": 9, ""marc"": 1, ""random"": 0}"
repeat5_0.25,centroid3|default|lcb=1|fb=herding|gap=0.01,80,0.70683248235995,0.6956801610970551,herding,0.7059333595529326,0.0008991228070174273,-0.015741676785604702,"[-2.49,-0.77]",0.775,5.199400772134752e-05,"{""boundary"": 0, ""herding"": 70, ""kcenter"": 0, ""kmeans"": 9, ""marc"": 1, ""random"": 0}"
repeat5_0.25,representative4|herding_first|lcb=1|fb=herding|gap=0.01,80,0.70683248235995,0.6956801610970551,herding,0.7059333595529326,0.0008991228070174273,-0.015741676785604702,"[-2.49,-0.77]",0.775,0.0001679704602696036,"{""boundary"": 0, ""herding"": 70, ""kcenter"": 0, ""kmeans"": 9, ""marc"": 1, ""random"": 0}"
repeat5_0.25,representative4|default|lcb=1|fb=herding|gap=0.01,80,0.70683248235995,0.6956801610970551,herding,0.7059333595529326,0.0008991228070174273,-0.015741676785604702,"[-2.49,-0.77]",0.775,0.0001679704602696036,"{""boundary"": 0, ""herding"": 70, ""kcenter"": 0, ""kmeans"": 9, ""marc"": 1, ""random"": 0}"
repeat5_0.25,centroid3|marc_first|lcb=1|fb=herding|gap=0.01,80,0.70683248235995,0.6956801610970551,herding,0.7059333595529326,0.0008991228070174273,-0.015741676785604702,"[-2.49,-0.77]",0.775,5.199400772134752e-05,"{""boundary"": 0, ""herding"": 70, ""kcenter"": 0, ""kmeans"": 9, ""marc"": 1, ""random"": 0}"
repeat5_0.25,representative4|default|lcb=1|fb=kmeans|gap=0.02,80,0.7068183029179087,0.6956351788103898,herding,0.7059333595529326,0.0008849433649761318,-0.015755856227646112,"[-2.51,-0.75]",0.8625,0.0001679704602696036,"{""boundary"": 0, ""herding"": 6, ""kcenter"": 0, ""kmeans"": 74, ""marc"": 0, ""random"": 0}"
repeat5_0.25,representative4|marc_first|lcb=1|fb=kmeans|gap=0.02,80,0.7068183029179087,0.6956351788103898,herding,0.7059333595529326,0.0008849433649761318,-0.015755856227646112,"[-2.51,-0.75]",0.8625,0.0001679704602696036,"{""boundary"": 0, ""herding"": 6, ""kcenter"": 0, ""kmeans"": 74, ""marc"": 0, ""random"": 0}"
repeat5_0.25,centroid3|kmeans_first|lcb=1|fb=kmeans|gap=0.02,80,0.7068183029179087,0.6956351788103898,herding,0.7059333595529326,0.0008849433649761318,-0.015755856227646112,"[-2.51,-0.75]",0.8625,5.199400772134752e-05,"{""boundary"": 0, ""herding"": 6, ""kcenter"": 0, ""kmeans"": 74, ""marc"": 0, ""random"": 0}"
repeat5_0.25,representative4|kmeans_first|lcb=1|fb=kmeans|gap=0.02,80,0.7068183029179087,0.6956351788103898,herding,0.7059333595529326,0.0008849433649761318,-0.015755856227646112,"[-2.51,-0.75]",0.8625,0.0001679704602696036,"{""boundary"": 0, ""herding"": 6, ""kcenter"": 0, ""kmeans"": 74, ""marc"": 0, ""random"": 0}"
repeat5_0.25,centroid3|default|lcb=1|fb=kmeans|gap=0.02,80,0.7068183029179087,0.6956351788103898,herding,0.7059333595529326,0.0008849433649761318,-0.015755856227646112,"[-2.51,-0.75]",0.8625,5.199400772134752e-05,"{""boundary"": 0, ""herding"": 6, ""kcenter"": 0, ""kmeans"": 74, ""marc"": 0, ""random"": 0}"
repeat5_0.25,centroid3|herding_first|lcb=1|fb=kmeans|gap=0.02,80,0.7068183029179087,0.6956351788103898,herding,0.7059333595529326,0.0008849433649761318,-0.015755856227646112,"[-2.51,-0.75]",0.8625,5.199400772134752e-05,"{""boundary"": 0, ""herding"": 6, ""kcenter"": 0, ""kmeans"": 74, ""marc"": 0, ""random"": 0}"
repeat5_0.25,centroid3|marc_first|lcb=1|fb=kmeans|gap=0.02,80,0.7068183029179087,0.6956351788103898,herding,0.7059333595529326,0.0008849433649761318,-0.015755856227646112,"[-2.51,-0.75]",0.8625,5.199400772134752e-05,"{""boundary"": 0, ""herding"": 6, ""kcenter"": 0, ""kmeans"": 74, ""marc"": 0, ""random"": 0}"
repeat5_0.25,representative4|herding_first|lcb=1|fb=kmeans|gap=0.02,80,0.7068183029179087,0.6956351788103898,herding,0.7059333595529326,0.0008849433649761318,-0.015755856227646112,"[-2.51,-0.75]",0.8625,0.0001679704602696036,"{""boundary"": 0, ""herding"": 6, ""kcenter"": 0, ""kmeans"": 74, ""marc"": 0, ""random"": 0}"
repeat5_0.25,representative4|herding_first|lcb=1|fb=herding|gap=0,80,0.7067804568829809,0.6958266281617556,herding,0.7059333595529326,0.0008470973300482854,-0.01579370226257386,"[-2.50,-0.78]",0.4375,0.0001679704602696036,"{""boundary"": 0, ""herding"": 54, ""kcenter"": 4, ""kmeans"": 17, ""marc"": 5, ""random"": 0}"
repeat5_0.25,representative4|default|lcb=1|fb=none|gap=0,80,0.7067804568829809,0.6958266281617556,herding,0.7059333595529326,0.0008470973300482854,-0.01579370226257386,"[-2.50,-0.78]",0.0,0.0001679704602696036,"{""boundary"": 0, ""herding"": 53, ""kcenter"": 5, ""kmeans"": 17, ""marc"": 5, ""random"": 0}"
repeat5_0.25,representative4|kmeans_first|lcb=1|fb=herding|gap=0,80,0.7067804568829809,0.6958266281617556,herding,0.7059333595529326,0.0008470973300482854,-0.01579370226257386,"[-2.50,-0.78]",0.4375,0.0001679704602696036,"{""boundary"": 0, ""herding"": 54, ""kcenter"": 4, ""kmeans"": 17, ""marc"": 5, ""random"": 0}"
repeat5_0.25,representative4|herding_first|lcb=1|fb=none|gap=0,80,0.7067804568829809,0.6958266281617556,herding,0.7059333595529326,0.0008470973300482854,-0.01579370226257386,"[-2.50,-0.78]",0.0,0.0001679704602696036,"{""boundary"": 0, ""herding"": 53, ""kcenter"": 4, ""kmeans"": 18, ""marc"": 5, ""random"": 0}"
repeat5_0.25,representative4|default|lcb=1|fb=herding|gap=0,80,0.7067804568829809,0.6958266281617556,herding,0.7059333595529326,0.0008470973300482854,-0.01579370226257386,"[-2.50,-0.78]",0.4375,0.0001679704602696036,"{""boundary"": 0, ""herding"": 54, ""kcenter"": 4, ""kmeans"": 17, ""marc"": 5, ""random"": 0}"
repeat5_0.25,representative4|marc_first|lcb=1|fb=herding|gap=0,80,0.7067804568829809,0.6958266281617556,herding,0.7059333595529326,0.0008470973300482854,-0.01579370226257386,"[-2.50,-0.78]",0.4375,0.0001679704602696036,"{""boundary"": 0, ""herding"": 54, ""kcenter"": 4, ""kmeans"": 17, ""marc"": 5, ""random"": 0}"
repeat5_0.25,centroid3|default|lcb=1|fb=none|gap=0,80,0.7067782460587857,0.6958136258841268,herding,0.7059333595529326,0.0008448865058531263,-0.01579591308676912,"[-2.50,-0.78]",0.0,5.199400772134752e-05,"{""boundary"": 0, ""herding"": 53, ""kcenter"": 0, ""kmeans"": 19, ""marc"": 8, ""random"": 0}"
repeat5_0.25,centroid3|herding_first|lcb=1|fb=none|gap=0,80,0.7067782460587857,0.6958136258841268,herding,0.7059333595529326,0.0008448865058531263,-0.01579591308676912,"[-2.50,-0.78]",0.0,5.199400772134752e-05,"{""boundary"": 0, ""herding"": 53, ""kcenter"": 0, ""kmeans"": 19, ""marc"": 8, ""random"": 0}"
repeat5_0.25,representative4|marc_first|lcb=1|fb=none|gap=0,80,0.7067760352345904,0.6958262288961556,herding,0.7059333595529326,0.0008426756816578562,-0.015798123910964378,"[-2.50,-0.78]",0.0,0.0001679704602696036,"{""boundary"": 0, ""herding"": 20, ""kcenter"": 4, ""kmeans"": 17, ""marc"": 39, ""random"": 0}"
repeat5_0.25,representative4|kmeans_first|lcb=1|fb=none|gap=0,80,0.7067760352345904,0.6958262288961556,herding,0.7059333595529326,0.0008426756816578562,-0.015798123910964378,"[-2.50,-0.78]",0.0,0.0001679704602696036,"{""boundary"": 0, ""herding"": 20, ""kcenter"": 4, ""kmeans"": 51, ""marc"": 5, ""random"": 0}"
repeat5_0.25,centroid3|kmeans_first|lcb=1|fb=herding|gap=0,80,0.7067738244103952,0.695804894526064,herding,0.7059333595529326,0.0008404648574625861,-0.015800334735159637,"[-2.50,-0.78]",0.45,5.199400772134752e-05,"{""boundary"": 0, ""herding"": 55, ""kcenter"": 0, ""kmeans"": 17, ""marc"": 8, ""random"": 0}"
repeat5_0.25,centroid3|marc_first|lcb=1|fb=herding|gap=0,80,0.7067738244103952,0.695804894526064,herding,0.7059333595529326,0.0008404648574625861,-0.015800334735159637,"[-2.50,-0.78]",0.45,5.199400772134752e-05,"{""boundary"": 0, ""herding"": 55, ""kcenter"": 0, ""kmeans"": 17, ""marc"": 8, ""random"": 0}"
repeat5_0.25,centroid3|kmeans_first|lcb=1|fb=none|gap=0,80,0.7067738244103952,0.6958132266185268,herding,0.7059333595529326,0.0008404648574625861,-0.015800334735159637,"[-2.50,-0.78]",0.0,5.199400772134752e-05,"{""boundary"": 0, ""herding"": 20, ""kcenter"": 0, ""kmeans"": 52, ""marc"": 8, ""random"": 0}"
repeat5_0.25,centroid3|default|lcb=1|fb=herding|gap=0,80,0.7067738244103952,0.695804894526064,herding,0.7059333595529326,0.0008404648574625861,-0.015800334735159637,"[-2.50,-0.78]",0.45,5.199400772134752e-05,"{""boundary"": 0, ""herding"": 55, ""kcenter"": 0, ""kmeans"": 17, ""marc"": 8, ""random"": 0}"
repeat5_0.25,centroid3|herding_first|lcb=1|fb=herding|gap=0,80,0.7067738244103952,0.695804894526064,herding,0.7059333595529326,0.0008404648574625861,-0.015800334735159637,"[-2.50,-0.78]",0.45,5.199400772134752e-05,"{""boundary"": 0, ""herding"": 55, ""kcenter"": 0, ""kmeans"": 17, ""marc"": 8, ""random"": 0}"
repeat5_0.25,centroid3|marc_first|lcb=1|fb=none|gap=0,80,0.7067738244103952,0.6958132266185268,herding,0.7059333595529326,0.0008404648574625861,-0.015800334735159637,"[-2.50,-0.78]",0.0,5.199400772134752e-05,"{""boundary"": 0, ""herding"": 20, ""kcenter"": 0, ""kmeans"": 18, ""marc"": 42, ""random"": 0}"
repeat5_0.25,coverage3|default|lcb=1|fb=kmeans|gap=0.01,80,0.7067488584734642,0.6956014476696082,herding,0.7059333595529326,0.0008154989205316765,-0.015825300672090554,"[-2.51,-0.75]",0.7,0.00021874827813180356,"{""boundary"": 0, ""herding"": 9, ""kcenter"": 0, ""kmeans"": 71, ""marc"": 0, ""random"": 0}"
repeat5_0.25,coverage3|marc_first|lcb=0.5|fb=kmeans|gap=0.01,80,0.7067488584734642,0.6956014476696082,herding,0.7059333595529326,0.0008154989205316765,-0.015825300672090554,"[-2.51,-0.75]",0.725,0.00032720301861965256,"{""boundary"": 0, ""herding"": 9, ""kcenter"": 0, ""kmeans"": 71, ""marc"": 0, ""random"": 0}"
repeat5_0.25,coverage3|herding_first|lcb=1|fb=kmeans|gap=0.01,80,0.7067488584734642,0.6956014476696082,herding,0.7059333595529326,0.0008154989205316765,-0.015825300672090554,"[-2.51,-0.75]",0.7,0.00021874827813180356,"{""boundary"": 0, ""herding"": 9, ""kcenter"": 0, ""kmeans"": 71, ""marc"": 0, ""random"": 0}"
repeat5_0.25,coverage3|default|lcb=0.5|fb=kmeans|gap=0.01,80,0.7067488584734642,0.6956014476696082,herding,0.7059333595529326,0.0008154989205316765,-0.015825300672090554,"[-2.51,-0.75]",0.725,0.00032720301861965256,"{""boundary"": 0, ""herding"": 9, ""kcenter"": 0, ""kmeans"": 71, ""marc"": 0, ""random"": 0}"
repeat5_0.25,coverage3|kmeans_first|lcb=0.5|fb=kmeans|gap=0.01,80,0.7067488584734642,0.6956014476696082,herding,0.7059333595529326,0.0008154989205316765,-0.015825300672090554,"[-2.51,-0.75]",0.725,0.00032720301861965256,"{""boundary"": 0, ""herding"": 9, ""kcenter"": 0, ""kmeans"": 71, ""marc"": 0, ""random"": 0}"
repeat5_0.25,coverage3|kmeans_first|lcb=1|fb=kmeans|gap=0.01,80,0.7067488584734642,0.6956014476696082,herding,0.7059333595529326,0.0008154989205316765,-0.015825300672090554,"[-2.51,-0.75]",0.7,0.00021874827813180356,"{""boundary"": 0, ""herding"": 9, ""kcenter"": 0, ""kmeans"": 71, ""marc"": 0, ""random"": 0}"
repeat5_0.25,coverage3|herding_first|lcb=0.5|fb=kmeans|gap=0.01,80,0.7067488584734642,0.6956014476696082,herding,0.7059333595529326,0.0008154989205316765,-0.015825300672090554,"[-2.51,-0.75]",0.725,0.00032720301861965256,"{""boundary"": 0, ""herding"": 9, ""kcenter"": 0, ""kmeans"": 71, ""marc"": 0, ""random"": 0}"
repeat5_0.25,coverage3|marc_first|lcb=1|fb=kmeans|gap=0.01,80,0.7067488584734642,0.6956014476696082,herding,0.7059333595529326,0.0008154989205316765,-0.015825300672090554,"[-2.51,-0.75]",0.7,0.00021874827813180356,"{""boundary"": 0, ""herding"": 9, ""kcenter"": 0, ""kmeans"": 71, ""marc"": 0, ""random"": 0}"
repeat5_0.25,centroid3|kmeans_first|lcb=0.5|fb=herding|gap=0.005,80,0.706708213354102,0.6954312643813237,herding,0.7059333595529326,0.0007748538011694839,-0.015865945791452653,"[-2.50,-0.78]",0.7,0.00011262183166000153,"{""boundary"": 0, ""herding"": 65, ""kcenter"": 0, ""kmeans"": 13, ""marc"": 2, ""random"": 0}"
repeat5_0.25,centroid3|herding_first|lcb=1|fb=herding|gap=0.005,80,0.706708213354102,0.6954312643813237,herding,0.7059333595529326,0.0007748538011694839,-0.015865945791452653,"[-2.50,-0.78]",0.6875,5.199400772134752e-05,"{""boundary"": 0, ""herding"": 65, ""kcenter"": 0, ""kmeans"": 13, ""marc"": 2, ""random"": 0}"
repeat5_0.25,representative4|kmeans_first|lcb=1|fb=herding|gap=0.005,80,0.706708213354102,0.6954312643813237,herding,0.7059333595529326,0.0007748538011694839,-0.015865945791452653,"[-2.50,-0.78]",0.6875,0.0001679704602696036,"{""boundary"": 0, ""herding"": 65, ""kcenter"": 0, ""kmeans"": 13, ""marc"": 2, ""random"": 0}"
repeat5_0.25,centroid3|herding_first|lcb=0.5|fb=herding|gap=0.005,80,0.706708213354102,0.6954312643813237,herding,0.7059333595529326,0.0007748538011694839,-0.015865945791452653,"[-2.50,-0.78]",0.7,0.00011262183166000153,"{""boundary"": 0, ""herding"": 65, ""kcenter"": 0, ""kmeans"": 13, ""marc"": 2, ""random"": 0}"
repeat5_0.25,representative4|default|lcb=1|fb=herding|gap=0.005,80,0.706708213354102,0.6954312643813237,herding,0.7059333595529326,0.0007748538011694839,-0.015865945791452653,"[-2.50,-0.78]",0.6875,0.0001679704602696036,"{""boundary"": 0, ""herding"": 65, ""kcenter"": 0, ""kmeans"": 13, ""marc"": 2, ""random"": 0}"
repeat5_0.25,representative4|default|lcb=0.5|fb=herding|gap=0.005,80,0.706708213354102,0.6954312643813237,herding,0.7059333595529326,0.0007748538011694839,-0.015865945791452653,"[-2.50,-0.78]",0.7,0.0001735578502666986,"{""boundary"": 0, ""herding"": 65, ""kcenter"": 0, ""kmeans"": 13, ""marc"": 2, ""random"": 0}"
repeat5_0.25,centroid3|default|lcb=1|fb=herding|gap=0.005,80,0.706708213354102,0.6954312643813237,herding,0.7059333595529326,0.0007748538011694839,-0.015865945791452653,"[-2.50,-0.78]",0.6875,5.199400772134752e-05,"{""boundary"": 0, ""herding"": 65, ""kcenter"": 0, ""kmeans"": 13, ""marc"": 2, ""random"": 0}"
repeat5_0.25,centroid3|marc_first|lcb=0.5|fb=herding|gap=0.005,80,0.706708213354102,0.6954312643813237,herding,0.7059333595529326,0.0007748538011694839,-0.015865945791452653,"[-2.50,-0.78]",0.7,0.00011262183166000153,"{""boundary"": 0, ""herding"": 65, ""kcenter"": 0, ""kmeans"": 13, ""marc"": 2, ""random"": 0}"
repeat5_0.25,representative4|marc_first|lcb=0.5|fb=herding|gap=0.005,80,0.706708213354102,0.6954312643813237,herding,0.7059333595529326,0.0007748538011694839,-0.015865945791452653,"[-2.50,-0.78]",0.7,0.0001735578502666986,"{""boundary"": 0, ""herding"": 65, ""kcenter"": 0, ""kmeans"": 13, ""marc"": 2, ""random"": 0}"
repeat5_0.25,representative4|herding_first|lcb=0.5|fb=herding|gap=0.005,80,0.706708213354102,0.6954312643813237,herding,0.7059333595529326,0.0007748538011694839,-0.015865945791452653,"[-2.50,-0.78]",0.7,0.0001735578502666986,"{""boundary"": 0, ""herding"": 65, ""kcenter"": 0, ""kmeans"": 13, ""marc"": 2, ""random"": 0}"
repeat5_0.25,representative4|marc_first|lcb=1|fb=herding|gap=0.005,80,0.706708213354102,0.6954312643813237,herding,0.7059333595529326,0.0007748538011694839,-0.015865945791452653,"[-2.50,-0.78]",0.6875,0.0001679704602696036,"{""boundary"": 0, ""herding"": 65, ""kcenter"": 0, ""kmeans"": 13, ""marc"": 2, ""random"": 0}"
repeat5_0.25,representative4|herding_first|lcb=1|fb=herding|gap=0.005,80,0.706708213354102,0.6954312643813237,herding,0.7059333595529326,0.0007748538011694839,-0.015865945791452653,"[-2.50,-0.78]",0.6875,0.0001679704602696036,"{""boundary"": 0, ""herding"": 65, ""kcenter"": 0, ""kmeans"": 13, ""marc"": 2, ""random"": 0}"
repeat5_0.25,representative4|kmeans_first|lcb=0.5|fb=herding|gap=0.005,80,0.706708213354102,0.6954312643813237,herding,0.7059333595529326,0.0007748538011694839,-0.015865945791452653,"[-2.50,-0.78]",0.7,0.0001735578502666986,"{""boundary"": 0, ""herding"": 65, ""kcenter"": 0, ""kmeans"": 13, ""marc"": 2, ""random"": 0}"
repeat5_0.25,centroid3|marc_first|lcb=1|fb=herding|gap=0.005,80,0.706708213354102,0.6954312643813237,herding,0.7059333595529326,0.0007748538011694839,-0.015865945791452653,"[-2.50,-0.78]",0.6875,5.199400772134752e-05,"{""boundary"": 0, ""herding"": 65, ""kcenter"": 0, ""kmeans"": 13, ""marc"": 2, ""random"": 0}"
repeat5_0.25,centroid3|kmeans_first|lcb=1|fb=herding|gap=0.005,80,0.706708213354102,0.6954312643813237,herding,0.7059333595529326,0.0007748538011694839,-0.015865945791452653,"[-2.50,-0.78]",0.6875,5.199400772134752e-05,"{""boundary"": 0, ""herding"": 65, ""kcenter"": 0, ""kmeans"": 13, ""marc"": 2, ""random"": 0}"
repeat5_0.25,centroid3|default|lcb=0.5|fb=herding|gap=0.005,80,0.706708213354102,0.6954312643813237,herding,0.7059333595529326,0.0007748538011694839,-0.015865945791452653,"[-2.50,-0.78]",0.7,0.00011262183166000153,"{""boundary"": 0, ""herding"": 65, ""kcenter"": 0, ""kmeans"": 13, ""marc"": 2, ""random"": 0}"
repeat5_0.25,coverage3|kmeans_first|lcb=0.5|fb=herding|gap=0.005,80,0.7067033400597552,0.6954366627946467,herding,0.7059333595529326,0.0007699805068226429,-0.015870819085799633,"[-2.51,-0.78]",0.6375,0.00032720301861965256,"{""boundary"": 0, ""herding"": 61, ""kcenter"": 0, ""kmeans"": 19, ""marc"": 0, ""random"": 0}"
repeat5_0.25,coverage3|herding_first|lcb=0.5|fb=herding|gap=0.005,80,0.7067033400597552,0.6954366627946467,herding,0.7059333595529326,0.0007699805068226429,-0.015870819085799633,"[-2.51,-0.78]",0.6375,0.00032720301861965256,"{""boundary"": 0, ""herding"": 61, ""kcenter"": 0, ""kmeans"": 19, ""marc"": 0, ""random"": 0}"
repeat5_0.25,coverage3|marc_first|lcb=0.5|fb=herding|gap=0.005,80,0.7067033400597552,0.6954366627946467,herding,0.7059333595529326,0.0007699805068226429,-0.015870819085799633,"[-2.51,-0.78]",0.6375,0.00032720301861965256,"{""boundary"": 0, ""herding"": 61, ""kcenter"": 0, ""kmeans"": 19, ""marc"": 0, ""random"": 0}"
repeat5_0.25,coverage3|default|lcb=0.5|fb=herding|gap=0.005,80,0.7067033400597552,0.6954366627946467,herding,0.7059333595529326,0.0007699805068226429,-0.015870819085799633,"[-2.51,-0.78]",0.6375,0.00032720301861965256,"{""boundary"": 0, ""herding"": 61, ""kcenter"": 0, ""kmeans"": 19, ""marc"": 0, ""random"": 0}"
repeat5_0.25,coverage3|default|lcb=0|fb=herding|gap=0,80,0.7067011292355598,0.6956798436035458,herding,0.7059333595529326,0.0007677696826272618,-0.01587302990999489,"[-2.50,-0.78]",0.4625,0.00018192844147970136,"{""boundary"": 0, ""herding"": 56, ""kcenter"": 5, ""kmeans"": 19, ""marc"": 0, ""random"": 0}"
repeat5_0.25,coverage3|default|lcb=0.25|fb=herding|gap=0,80,0.7067011292355598,0.6956798436035458,herding,0.7059333595529326,0.0007677696826272618,-0.01587302990999489,"[-2.50,-0.78]",0.45,0.00034340934227256384,"{""boundary"": 0, ""herding"": 56, ""kcenter"": 5, ""kmeans"": 19, ""marc"": 0, ""random"": 0}"
repeat5_0.25,coverage3|herding_first|lcb=0.5|fb=herding|gap=0,80,0.7067011292355598,0.6956798436035458,herding,0.7059333595529326,0.0007677696826272618,-0.01587302990999489,"[-2.50,-0.78]",0.45,0.00032720301861965256,"{""boundary"": 0, ""herding"": 56, ""kcenter"": 5, ""kmeans"": 19, ""marc"": 0, ""random"": 0}"
repeat5_0.25,coverage3|kmeans_first|lcb=0.5|fb=herding|gap=0,80,0.7067011292355598,0.6956798436035458,herding,0.7059333595529326,0.0007677696826272618,-0.01587302990999489,"[-2.50,-0.78]",0.45,0.00032720301861965256,"{""boundary"": 0, ""herding"": 56, ""kcenter"": 5, ""kmeans"": 19, ""marc"": 0, ""random"": 0}"
repeat5_0.25,coverage3|kmeans_first|lcb=0|fb=herding|gap=0,80,0.7067011292355598,0.6956798436035458,herding,0.7059333595529326,0.0007677696826272618,-0.01587302990999489,"[-2.50,-0.78]",0.4625,0.00018192844147970136,"{""boundary"": 0, ""herding"": 56, ""kcenter"": 5, ""kmeans"": 19, ""marc"": 0, ""random"": 0}"
repeat5_0.25,coverage3|herding_first|lcb=0.25|fb=herding|gap=0,80,0.7067011292355598,0.6956798436035458,herding,0.7059333595529326,0.0007677696826272618,-0.01587302990999489,"[-2.50,-0.78]",0.45,0.00034340934227256384,"{""boundary"": 0, ""herding"": 56, ""kcenter"": 5, ""kmeans"": 19, ""marc"": 0, ""random"": 0}"
repeat5_0.25,coverage3|marc_first|lcb=0.5|fb=herding|gap=0,80,0.7067011292355598,0.6956798436035458,herding,0.7059333595529326,0.0007677696826272618,-0.01587302990999489,"[-2.50,-0.78]",0.45,0.00032720301861965256,"{""boundary"": 0, ""herding"": 56, ""kcenter"": 5, ""kmeans"": 19, ""marc"": 0, ""random"": 0}"
repeat5_0.25,coverage3|marc_first|lcb=0|fb=herding|gap=0,80,0.7067011292355598,0.6956798436035458,herding,0.7059333595529326,0.0007677696826272618,-0.01587302990999489,"[-2.50,-0.78]",0.4625,0.00018192844147970136,"{""boundary"": 0, ""herding"": 56, ""kcenter"": 5, ""kmeans"": 19, ""marc"": 0, ""random"": 0}"
repeat5_0.25,coverage3|marc_first|lcb=0.25|fb=herding|gap=0,80,0.7067011292355598,0.6956798436035458,herding,0.7059333595529326,0.0007677696826272618,-0.01587302990999489,"[-2.50,-0.78]",0.45,0.00034340934227256384,"{""boundary"": 0, ""herding"": 56, ""kcenter"": 5, ""kmeans"": 19, ""marc"": 0, ""random"": 0}"
repeat5_0.25,coverage3|default|lcb=0.5|fb=herding|gap=0,80,0.7067011292355598,0.6956798436035458,herding,0.7059333595529326,0.0007677696826272618,-0.01587302990999489,"[-2.50,-0.78]",0.45,0.00032720301861965256,"{""boundary"": 0, ""herding"": 56, ""kcenter"": 5, ""kmeans"": 19, ""marc"": 0, ""random"": 0}"
repeat5_0.25,coverage3|kmeans_first|lcb=0.25|fb=herding|gap=0,80,0.7067011292355598,0.6956798436035458,herding,0.7059333595529326,0.0007677696826272618,-0.01587302990999489,"[-2.50,-0.78]",0.45,0.00034340934227256384,"{""boundary"": 0, ""herding"": 56, ""kcenter"": 5, ""kmeans"": 19, ""marc"": 0, ""random"": 0}"
repeat5_0.25,coverage3|herding_first|lcb=0|fb=herding|gap=0,80,0.7067011292355598,0.6956798436035458,herding,0.7059333595529326,0.0007677696826272618,-0.01587302990999489,"[-2.50,-0.78]",0.4625,0.00018192844147970136,"{""boundary"": 0, ""herding"": 56, ""kcenter"": 5, ""kmeans"": 19, ""marc"": 0, ""random"": 0}"
repeat5_0.25,coverage3|default|lcb=0.5|fb=none|gap=0,80,0.7066989184113647,0.6956796439371942,herding,0.7059333595529326,0.0007655588584321027,-0.01587524073419015,"[-2.50,-0.78]",0.0,0.00032720301861965256,"{""boundary"": 0, ""herding"": 54, ""kcenter"": 7, ""kmeans"": 19, ""marc"": 0, ""random"": 0}"
repeat5_0.25,coverage3|default|lcb=0.25|fb=none|gap=0,80,0.7066989184113647,0.6956796439371942,herding,0.7059333595529326,0.0007655588584321027,-0.01587524073419015,"[-2.50,-0.78]",0.0,0.00034340934227256384,"{""boundary"": 0, ""herding"": 54, ""kcenter"": 7, ""kmeans"": 19, ""marc"": 0, ""random"": 0}"
repeat5_0.25,coverage3|herding_first|lcb=0.25|fb=none|gap=0,80,0.7066989184113647,0.6956796439371942,herding,0.7059333595529326,0.0007655588584321027,-0.01587524073419015,"[-2.50,-0.78]",0.0,0.00034340934227256384,"{""boundary"": 0, ""herding"": 54, ""kcenter"": 5, ""kmeans"": 21, ""marc"": 0, ""random"": 0}"
repeat5_0.25,coverage3|herding_first|lcb=0.5|fb=none|gap=0,80,0.7066989184113647,0.6956796439371942,herding,0.7059333595529326,0.0007655588584321027,-0.01587524073419015,"[-2.50,-0.78]",0.0,0.00032720301861965256,"{""boundary"": 0, ""herding"": 54, ""kcenter"": 5, ""kmeans"": 21, ""marc"": 0, ""random"": 0}"
repeat5_0.25,coverage3|kmeans_first|lcb=0.25|fb=none|gap=0,80,0.7066944967629741,0.6956792446715943,herding,0.7059333595529326,0.0007611372100415625,-0.01587966238258067,"[-2.51,-0.78]",0.0,0.00034340934227256384,"{""boundary"": 0, ""herding"": 21, ""kcenter"": 5, ""kmeans"": 54, ""marc"": 0, ""random"": 0}"
repeat5_0.25,coverage3|kmeans_first|lcb=0.5|fb=none|gap=0,80,0.7066944967629741,0.6956792446715943,herding,0.7059333595529326,0.0007611372100415625,-0.01587966238258067,"[-2.51,-0.78]",0.0,0.00032720301861965256,"{""boundary"": 0, ""herding"": 21, ""kcenter"": 5, ""kmeans"": 54, ""marc"": 0, ""random"": 0}"
repeat5_0.25,coverage3|marc_first|lcb=0.5|fb=none|gap=0,80,0.7066944967629741,0.6956792446715943,herding,0.7059333595529326,0.0007611372100415625,-0.01587966238258067,"[-2.51,-0.78]",0.0,0.00032720301861965256,"{""boundary"": 0, ""herding"": 21, ""kcenter"": 5, ""kmeans"": 54, ""marc"": 0, ""random"": 0}"
repeat5_0.25,coverage3|marc_first|lcb=0.25|fb=none|gap=0,80,0.7066944967629741,0.6956792446715943,herding,0.7059333595529326,0.0007611372100415625,-0.01587966238258067,"[-2.51,-0.78]",0.0,0.00034340934227256384,"{""boundary"": 0, ""herding"": 21, ""kcenter"": 5, ""kmeans"": 54, ""marc"": 0, ""random"": 0}"
repeat5_0.25,coverage3|default|lcb=0.5|fb=kmeans|gap=0.005,80,0.7066331177327235,0.6954608888592522,herding,0.7059333595529326,0.0006997581797909547,-0.015941041412831296,"[-2.53,-0.77]",0.6375,0.00032720301861965256,"{""boundary"": 0, ""herding"": 10, ""kcenter"": 0, ""kmeans"": 70, ""marc"": 0, ""random"": 0}"
repeat5_0.25,coverage3|herding_first|lcb=0.5|fb=kmeans|gap=0.005,80,0.7066331177327235,0.6954608888592522,herding,0.7059333595529326,0.0006997581797909547,-0.015941041412831296,"[-2.53,-0.77]",0.6375,0.00032720301861965256,"{""boundary"": 0, ""herding"": 10, ""kcenter"": 0, ""kmeans"": 70, ""marc"": 0, ""random"": 0}"
repeat5_0.25,coverage3|kmeans_first|lcb=0.5|fb=kmeans|gap=0.005,80,0.7066331177327235,0.6954608888592522,herding,0.7059333595529326,0.0006997581797909547,-0.015941041412831296,"[-2.53,-0.77]",0.6375,0.00032720301861965256,"{""boundary"": 0, ""herding"": 10, ""kcenter"": 0, ""kmeans"": 70, ""marc"": 0, ""random"": 0}"
repeat5_0.25,coverage3|marc_first|lcb=0.5|fb=kmeans|gap=0.005,80,0.7066331177327235,0.6954608888592522,herding,0.7059333595529326,0.0006997581797909547,-0.015941041412831296,"[-2.53,-0.77]",0.6375,0.00032720301861965256,"{""boundary"": 0, ""herding"": 10, ""kcenter"": 0, ""kmeans"": 70, ""marc"": 0, ""random"": 0}"
repeat5_0.25,centroid3|marc_first|lcb=0|fb=herding|gap=0.01,80,0.7065547045821723,0.6952274625896286,herding,0.7059333595529326,0.0006213450292397171,-0.016019454563382475,"[-2.52,-0.80]",0.8125,0.0,"{""boundary"": 0, ""herding"": 71, ""kcenter"": 0, ""kmeans"": 9, ""marc"": 0, ""random"": 0}"
repeat5_0.25,centroid3|kmeans_first|lcb=0.25|fb=herding|gap=0.01,80,0.7065547045821723,0.6952274625896286,herding,0.7059333595529326,0.0006213450292397171,-0.016019454563382475,"[-2.52,-0.80]",0.8125,0.00014727513656985491,"{""boundary"": 0, ""herding"": 71, ""kcenter"": 0, ""kmeans"": 9, ""marc"": 0, ""random"": 0}"
repeat5_0.25,centroid3|herding_first|lcb=0.25|fb=herding|gap=0.01,80,0.7065547045821723,0.6952274625896286,herding,0.7059333595529326,0.0006213450292397171,-0.016019454563382475,"[-2.52,-0.80]",0.8125,0.00014727513656985491,"{""boundary"": 0, ""herding"": 71, ""kcenter"": 0, ""kmeans"": 9, ""marc"": 0, ""random"": 0}"
repeat5_0.25,representative4|kmeans_first|lcb=0|fb=herding|gap=0.01,80,0.7065547045821723,0.6952274625896286,herding,0.7059333595529326,0.0006213450292397171,-0.016019454563382475,"[-2.52,-0.80]",0.8125,1.1102230246251565e-16,"{""boundary"": 0, ""herding"": 71, ""kcenter"": 0, ""kmeans"": 9, ""marc"": 0, ""random"": 0}"
repeat5_0.25,centroid3|default|lcb=0.25|fb=herding|gap=0.01,80,0.7065547045821723,0.6952274625896286,herding,0.7059333595529326,0.0006213450292397171,-0.016019454563382475,"[-2.52,-0.80]",0.8125,0.00014727513656985491,"{""boundary"": 0, ""herding"": 71, ""kcenter"": 0, ""kmeans"": 9, ""marc"": 0, ""random"": 0}"
repeat5_0.25,representative4|kmeans_first|lcb=0.25|fb=herding|gap=0.01,80,0.7065547045821723,0.6952274625896286,herding,0.7059333595529326,0.0006213450292397171,-0.016019454563382475,"[-2.52,-0.80]",0.8125,0.00022322525624312445,"{""boundary"": 0, ""herding"": 71, ""kcenter"": 0, ""kmeans"": 9, ""marc"": 0, ""random"": 0}"
repeat5_0.25,representative4|default|lcb=0|fb=herding|gap=0.01,80,0.7065547045821723,0.6952274625896286,herding,0.7059333595529326,0.0006213450292397171,-0.016019454563382475,"[-2.52,-0.80]",0.8125,1.1102230246251565e-16,"{""boundary"": 0, ""herding"": 71, ""kcenter"": 0, ""kmeans"": 9, ""marc"": 0, ""random"": 0}"
repeat5_0.25,representative4|herding_first|lcb=0|fb=herding|gap=0.01,80,0.7065547045821723,0.6952274625896286,herding,0.7059333595529326,0.0006213450292397171,-0.016019454563382475,"[-2.52,-0.80]",0.8125,1.1102230246251565e-16,"{""boundary"": 0, ""herding"": 71, ""kcenter"": 0, ""kmeans"": 9, ""marc"": 0, ""random"": 0}"
repeat5_0.25,centroid3|kmeans_first|lcb=0|fb=herding|gap=0.01,80,0.7065547045821723,0.6952274625896286,herding,0.7059333595529326,0.0006213450292397171,-0.016019454563382475,"[-2.52,-0.80]",0.8125,0.0,"{""boundary"": 0, ""herding"": 71, ""kcenter"": 0, ""kmeans"": 9, ""marc"": 0, ""random"": 0}"
repeat5_0.25,representative4|marc_first|lcb=0.25|fb=herding|gap=0.01,80,0.7065547045821723,0.6952274625896286,herding,0.7059333595529326,0.0006213450292397171,-0.016019454563382475,"[-2.52,-0.80]",0.8125,0.00022322525624312445,"{""boundary"": 0, ""herding"": 71, ""kcenter"": 0, ""kmeans"": 9, ""marc"": 0, ""random"": 0}"
repeat5_0.25,centroid3|herding_first|lcb=0|fb=herding|gap=0.01,80,0.7065547045821723,0.6952274625896286,herding,0.7059333595529326,0.0006213450292397171,-0.016019454563382475,"[-2.52,-0.80]",0.8125,0.0,"{""boundary"": 0, ""herding"": 71, ""kcenter"": 0, ""kmeans"": 9, ""marc"": 0, ""random"": 0}"
repeat5_0.25,centroid3|default|lcb=0|fb=herding|gap=0.01,80,0.7065547045821723,0.6952274625896286,herding,0.7059333595529326,0.0006213450292397171,-0.016019454563382475,"[-2.52,-0.80]",0.8125,0.0,"{""boundary"": 0, ""herding"": 71, ""kcenter"": 0, ""kmeans"": 9, ""marc"": 0, ""random"": 0}"
repeat5_0.25,representative4|marc_first|lcb=0|fb=herding|gap=0.01,80,0.7065547045821723,0.6952274625896286,herding,0.7059333595529326,0.0006213450292397171,-0.016019454563382475,"[-2.52,-0.80]",0.8125,1.1102230246251565e-16,"{""boundary"": 0, ""herding"": 71, ""kcenter"": 0, ""kmeans"": 9, ""marc"": 0, ""random"": 0}"
repeat5_0.25,centroid3|marc_first|lcb=0.25|fb=herding|gap=0.01,80,0.7065547045821723,0.6952274625896286,herding,0.7059333595529326,0.0006213450292397171,-0.016019454563382475,"[-2.52,-0.80]",0.8125,0.00014727513656985491,"{""boundary"": 0, ""herding"": 71, ""kcenter"": 0, ""kmeans"": 9, ""marc"": 0, ""random"": 0}"
repeat5_0.25,representative4|default|lcb=0.25|fb=herding|gap=0.01,80,0.7065547045821723,0.6952274625896286,herding,0.7059333595529326,0.0006213450292397171,-0.016019454563382475,"[-2.52,-0.80]",0.8125,0.00022322525624312445,"{""boundary"": 0, ""herding"": 71, ""kcenter"": 0, ""kmeans"": 9, ""marc"": 0, ""random"": 0}"
repeat5_0.25,representative4|herding_first|lcb=0.25|fb=herding|gap=0.01,80,0.7065547045821723,0.6952274625896286,herding,0.7059333595529326,0.0006213450292397171,-0.016019454563382475,"[-2.52,-0.80]",0.8125,0.00022322525624312445,"{""boundary"": 0, ""herding"": 71, ""kcenter"": 0, ""kmeans"": 9, ""marc"": 0, ""random"": 0}"
repeat5_0.25,coverage3|kmeans_first|lcb=1|fb=herding|gap=0.02,80,0.7064279989291509,0.6952064290307385,herding,0.7059333595529326,0.0004946393762182977,-0.016146160216403922,"[-2.53,-0.81]",0.775,0.00021874827813180356,"{""boundary"": 0, ""herding"": 70, ""kcenter"": 0, ""kmeans"": 10, ""marc"": 0, ""random"": 0}"
repeat5_0.25,coverage3|herding_first|lcb=1|fb=herding|gap=0.02,80,0.7064279989291509,0.6952064290307385,herding,0.7059333595529326,0.0004946393762182977,-0.016146160216403922,"[-2.53,-0.81]",0.775,0.00021874827813180356,"{""boundary"": 0, ""herding"": 70, ""kcenter"": 0, ""kmeans"": 10, ""marc"": 0, ""random"": 0}"
repeat5_0.25,coverage3|marc_first|lcb=1|fb=herding|gap=0.02,80,0.7064279989291509,0.6952064290307385,herding,0.7059333595529326,0.0004946393762182977,-0.016146160216403922,"[-2.53,-0.81]",0.775,0.00021874827813180356,"{""boundary"": 0, ""herding"": 70, ""kcenter"": 0, ""kmeans"": 10, ""marc"": 0, ""random"": 0}"
repeat5_0.25,coverage3|default|lcb=1|fb=herding|gap=0.02,80,0.7064279989291509,0.6952064290307385,herding,0.7059333595529326,0.0004946393762182977,-0.016146160216403922,"[-2.53,-0.81]",0.775,0.00021874827813180356,"{""boundary"": 0, ""herding"": 70, ""kcenter"": 0, ""kmeans"": 10, ""marc"": 0, ""random"": 0}"
repeat5_0.25,coverage3|marc_first|lcb=0.25|fb=herding|gap=0.005,80,0.7064109423989364,0.6951134477503451,herding,0.7059333595529326,0.0004775828460038545,-0.016163216746618348,"[-2.54,-0.81]",0.6375,0.00034340934227256384,"{""boundary"": 0, ""herding"": 62, ""kcenter"": 0, ""kmeans"": 18, ""marc"": 0, ""random"": 0}"
repeat5_0.25,coverage3|herding_first|lcb=0.25|fb=herding|gap=0.005,80,0.7064109423989364,0.6951134477503451,herding,0.7059333595529326,0.0004775828460038545,-0.016163216746618348,"[-2.54,-0.81]",0.6375,0.00034340934227256384,"{""boundary"": 0, ""herding"": 62, ""kcenter"": 0, ""kmeans"": 18, ""marc"": 0, ""random"": 0}"
repeat5_0.25,coverage3|default|lcb=0.25|fb=herding|gap=0.005,80,0.7064109423989364,0.6951134477503451,herding,0.7059333595529326,0.0004775828460038545,-0.016163216746618348,"[-2.54,-0.81]",0.6375,0.00034340934227256384,"{""boundary"": 0, ""herding"": 62, ""kcenter"": 0, ""kmeans"": 18, ""marc"": 0, ""random"": 0}"
repeat5_0.25,coverage3|kmeans_first|lcb=0.25|fb=herding|gap=0.005,80,0.7064109423989364,0.6951134477503451,herding,0.7059333595529326,0.0004775828460038545,-0.016163216746618348,"[-2.54,-0.81]",0.6375,0.00034340934227256384,"{""boundary"": 0, ""herding"": 62, ""kcenter"": 0, ""kmeans"": 18, ""marc"": 0, ""random"": 0}"
repeat5_0.25,no_boundary|kmeans_first|lcb=0.5|fb=kmeans|gap=0.05,80,0.7063975421323618,0.6960917507806721,herding,0.7059333595529326,0.000464182579429262,-0.016176617013192892,"[-2.54,-0.79]",0.925,0.004438194082210467,"{""boundary"": 0, ""herding"": 1, ""kcenter"": 0, ""kmeans"": 75, ""marc"": 0, ""random"": 4}"
repeat5_0.25,no_boundary|default|lcb=0.5|fb=kmeans|gap=0.05,80,0.7063975421323618,0.6960917507806721,herding,0.7059333595529326,0.000464182579429262,-0.016176617013192892,"[-2.54,-0.79]",0.925,0.004438194082210467,"{""boundary"": 0, ""herding"": 1, ""kcenter"": 0, ""kmeans"": 75, ""marc"": 0, ""random"": 4}"
repeat5_0.25,no_boundary|marc_first|lcb=0.5|fb=kmeans|gap=0.05,80,0.7063975421323618,0.6960917507806721,herding,0.7059333595529326,0.000464182579429262,-0.016176617013192892,"[-2.54,-0.79]",0.925,0.004438194082210467,"{""boundary"": 0, ""herding"": 1, ""kcenter"": 0, ""kmeans"": 75, ""marc"": 0, ""random"": 4}"
repeat5_0.25,all6|marc_first|lcb=0.25|fb=kmeans|gap=0.05,80,0.7063975421323618,0.6960917507806721,herding,0.7059333595529326,0.000464182579429262,-0.016176617013192892,"[-2.54,-0.79]",0.9375,0.004106554529003492,"{""boundary"": 0, ""herding"": 1, ""kcenter"": 0, ""kmeans"": 75, ""marc"": 0, ""random"": 4}"
repeat5_0.25,all6|kmeans_first|lcb=0.25|fb=kmeans|gap=0.05,80,0.7063975421323618,0.6960917507806721,herding,0.7059333595529326,0.000464182579429262,-0.016176617013192892,"[-2.54,-0.79]",0.9375,0.004106554529003492,"{""boundary"": 0, ""herding"": 1, ""kcenter"": 0, ""kmeans"": 75, ""marc"": 0, ""random"": 4}"
repeat5_0.25,no_boundary|herding_first|lcb=0.5|fb=kmeans|gap=0.05,80,0.7063975421323618,0.6960917507806721,herding,0.7059333595529326,0.000464182579429262,-0.016176617013192892,"[-2.54,-0.79]",0.925,0.004438194082210467,"{""boundary"": 0, ""herding"": 1, ""kcenter"": 0, ""kmeans"": 75, ""marc"": 0, ""random"": 4}"
repeat5_0.25,all6|default|lcb=0.25|fb=kmeans|gap=0.05,80,0.7063975421323618,0.6960917507806721,herding,0.7059333595529326,0.000464182579429262,-0.016176617013192892,"[-2.54,-0.79]",0.9375,0.004106554529003492,"{""boundary"": 0, ""herding"": 1, ""kcenter"": 0, ""kmeans"": 75, ""marc"": 0, ""random"": 4}"
repeat5_0.25,all6|herding_first|lcb=0.25|fb=kmeans|gap=0.05,80,0.7063975421323618,0.6960917507806721,herding,0.7059333595529326,0.000464182579429262,-0.016176617013192892,"[-2.54,-0.79]",0.9375,0.004106554529003492,"{""boundary"": 0, ""herding"": 1, ""kcenter"": 0, ""kmeans"": 75, ""marc"": 0, ""random"": 4}"
repeat5_0.25,centroid3|marc_first|lcb=0.25|fb=herding|gap=0.005,80,0.7063695193969871,0.6950497328032194,herding,0.7059333595529326,0.00043615984405454,-0.016204639748567666,"[-2.53,-0.82]",0.7125,0.00014727513656985491,"{""boundary"": 0, ""herding"": 66, ""kcenter"": 0, ""kmeans"": 12, ""marc"": 2, ""random"": 0}"
repeat5_0.25,representative4|kmeans_first|lcb=0.25|fb=herding|gap=0.005,80,0.7063695193969871,0.6950497328032194,herding,0.7059333595529326,0.00043615984405454,-0.016204639748567666,"[-2.53,-0.82]",0.7125,0.00022322525624312445,"{""boundary"": 0, ""herding"": 66, ""kcenter"": 0, ""kmeans"": 12, ""marc"": 2, ""random"": 0}"
repeat5_0.25,representative4|default|lcb=0.25|fb=herding|gap=0.005,80,0.7063695193969871,0.6950497328032194,herding,0.7059333595529326,0.00043615984405454,-0.016204639748567666,"[-2.53,-0.82]",0.7125,0.00022322525624312445,"{""boundary"": 0, ""herding"": 66, ""kcenter"": 0, ""kmeans"": 12, ""marc"": 2, ""random"": 0}"
repeat5_0.25,centroid3|kmeans_first|lcb=0.25|fb=herding|gap=0.005,80,0.7063695193969871,0.6950497328032194,herding,0.7059333595529326,0.00043615984405454,-0.016204639748567666,"[-2.53,-0.82]",0.7125,0.00014727513656985491,"{""boundary"": 0, ""herding"": 66, ""kcenter"": 0, ""kmeans"": 12, ""marc"": 2, ""random"": 0}"
repeat5_0.25,centroid3|default|lcb=0.25|fb=herding|gap=0.005,80,0.7063695193969871,0.6950497328032194,herding,0.7059333595529326,0.00043615984405454,-0.016204639748567666,"[-2.53,-0.82]",0.7125,0.00014727513656985491,"{""boundary"": 0, ""herding"": 66, ""kcenter"": 0, ""kmeans"": 12, ""marc"": 2, ""random"": 0}"
repeat5_0.25,representative4|marc_first|lcb=0.25|fb=herding|gap=0.005,80,0.7063695193969871,0.6950497328032194,herding,0.7059333595529326,0.00043615984405454,-0.016204639748567666,"[-2.53,-0.82]",0.7125,0.00022322525624312445,"{""boundary"": 0, ""herding"": 66, ""kcenter"": 0, ""kmeans"": 12, ""marc"": 2, ""random"": 0}"
repeat5_0.25,representative4|herding_first|lcb=0.25|fb=herding|gap=0.005,80,0.7063695193969871,0.6950497328032194,herding,0.7059333595529326,0.00043615984405454,-0.016204639748567666,"[-2.53,-0.82]",0.7125,0.00022322525624312445,"{""boundary"": 0, ""herding"": 66, ""kcenter"": 0, ""kmeans"": 12, ""marc"": 2, ""random"": 0}"
repeat5_0.25,centroid3|herding_first|lcb=0.25|fb=herding|gap=0.005,80,0.7063695193969871,0.6950497328032194,herding,0.7059333595529326,0.00043615984405454,-0.016204639748567666,"[-2.53,-0.82]",0.7125,0.00014727513656985491,"{""boundary"": 0, ""herding"": 66, ""kcenter"": 0, ""kmeans"": 12, ""marc"": 2, ""random"": 0}"
repeat5_0.25,centroid3|kmeans_first|lcb=0.5|fb=herding|gap=0.02,80,0.7063280963950378,0.6950487780479487,herding,0.7059333595529326,0.00039473684210522553,-0.01624606275051698,"[-2.54,-0.83]",0.875,0.00011262183166000153,"{""boundary"": 0, ""herding"": 75, ""kcenter"": 0, ""kmeans"": 5, ""marc"": 0, ""random"": 0}"
repeat5_0.25,representative4|kmeans_first|lcb=0.5|fb=herding|gap=0.02,80,0.7063280963950378,0.6950487780479487,herding,0.7059333595529326,0.00039473684210522553,-0.01624606275051698,"[-2.54,-0.83]",0.875,0.0001735578502666986,"{""boundary"": 0, ""herding"": 75, ""kcenter"": 0, ""kmeans"": 5, ""marc"": 0, ""random"": 0}"
repeat5_0.25,representative4|default|lcb=0.5|fb=herding|gap=0.02,80,0.7063280963950378,0.6950487780479487,herding,0.7059333595529326,0.00039473684210522553,-0.01624606275051698,"[-2.54,-0.83]",0.875,0.0001735578502666986,"{""boundary"": 0, ""herding"": 75, ""kcenter"": 0, ""kmeans"": 5, ""marc"": 0, ""random"": 0}"
repeat5_0.25,representative4|herding_first|lcb=0.5|fb=herding|gap=0.02,80,0.7063280963950378,0.6950487780479487,herding,0.7059333595529326,0.00039473684210522553,-0.01624606275051698,"[-2.54,-0.83]",0.875,0.0001735578502666986,"{""boundary"": 0, ""herding"": 75, ""kcenter"": 0, ""kmeans"": 5, ""marc"": 0, ""random"": 0}"
repeat5_0.25,centroid3|default|lcb=0.5|fb=herding|gap=0.02,80,0.7063280963950378,0.6950487780479487,herding,0.7059333595529326,0.00039473684210522553,-0.01624606275051698,"[-2.54,-0.83]",0.875,0.00011262183166000153,"{""boundary"": 0, ""herding"": 75, ""kcenter"": 0, ""kmeans"": 5, ""marc"": 0, ""random"": 0}"
repeat5_0.25,representative4|marc_first|lcb=0.5|fb=herding|gap=0.02,80,0.7063280963950378,0.6950487780479487,herding,0.7059333595529326,0.00039473684210522553,-0.01624606275051698,"[-2.54,-0.83]",0.875,0.0001735578502666986,"{""boundary"": 0, ""herding"": 75, ""kcenter"": 0, ""kmeans"": 5, ""marc"": 0, ""random"": 0}"
repeat5_0.25,centroid3|marc_first|lcb=0.5|fb=herding|gap=0.02,80,0.7063280963950378,0.6950487780479487,herding,0.7059333595529326,0.00039473684210522553,-0.01624606275051698,"[-2.54,-0.83]",0.875,0.00011262183166000153,"{""boundary"": 0, ""herding"": 75, ""kcenter"": 0, ""kmeans"": 5, ""marc"": 0, ""random"": 0}"
repeat5_0.25,centroid3|herding_first|lcb=0.5|fb=herding|gap=0.02,80,0.7063280963950378,0.6950487780479487,herding,0.7059333595529326,0.00039473684210522553,-0.01624606275051698,"[-2.54,-0.83]",0.875,0.00011262183166000153,"{""boundary"": 0, ""herding"": 75, ""kcenter"": 0, ""kmeans"": 5, ""marc"": 0, ""random"": 0}"
repeat5_0.25,coverage3|marc_first|lcb=0.25|fb=herding|gap=0.02,80,0.7062818000987414,0.6950461037973265,herding,0.7059333595529326,0.000348440545808848,-0.016292359046813275,"[-2.54,-0.83]",0.8,0.00034340934227256384,"{""boundary"": 0, ""herding"": 72, ""kcenter"": 0, ""kmeans"": 8, ""marc"": 0, ""random"": 0}"
repeat5_0.25,coverage3|herding_first|lcb=0.5|fb=herding|gap=0.02,80,0.7062818000987414,0.6950461037973265,herding,0.7059333595529326,0.000348440545808848,-0.016292359046813275,"[-2.54,-0.83]",0.8,0.00032720301861965256,"{""boundary"": 0, ""herding"": 72, ""kcenter"": 0, ""kmeans"": 8, ""marc"": 0, ""random"": 0}"
repeat5_0.25,coverage3|herding_first|lcb=0|fb=herding|gap=0.02,80,0.7062818000987414,0.6951205845821963,herding,0.7059333595529326,0.000348440545808848,-0.016292359046813275,"[-2.54,-0.83]",0.8375,0.00018192844147970136,"{""boundary"": 0, ""herding"": 73, ""kcenter"": 0, ""kmeans"": 7, ""marc"": 0, ""random"": 0}"
repeat5_0.25,coverage3|herding_first|lcb=0.25|fb=herding|gap=0.02,80,0.7062818000987414,0.6950461037973265,herding,0.7059333595529326,0.000348440545808848,-0.016292359046813275,"[-2.54,-0.83]",0.8,0.00034340934227256384,"{""boundary"": 0, ""herding"": 72, ""kcenter"": 0, ""kmeans"": 8, ""marc"": 0, ""random"": 0}"
repeat5_0.25,coverage3|marc_first|lcb=0.5|fb=herding|gap=0.02,80,0.7062818000987414,0.6950461037973265,herding,0.7059333595529326,0.000348440545808848,-0.016292359046813275,"[-2.54,-0.83]",0.8,0.00032720301861965256,"{""boundary"": 0, ""herding"": 72, ""kcenter"": 0, ""kmeans"": 8, ""marc"": 0, ""random"": 0}"
repeat5_0.25,coverage3|marc_first|lcb=0|fb=herding|gap=0.02,80,0.7062818000987414,0.6951205845821963,herding,0.7059333595529326,0.000348440545808848,-0.016292359046813275,"[-2.54,-0.83]",0.8375,0.00018192844147970136,"{""boundary"": 0, ""herding"": 73, ""kcenter"": 0, ""kmeans"": 7, ""marc"": 0, ""random"": 0}"
repeat5_0.25,coverage3|default|lcb=0|fb=herding|gap=0.02,80,0.7062818000987414,0.6951205845821963,herding,0.7059333595529326,0.000348440545808848,-0.016292359046813275,"[-2.54,-0.83]",0.8375,0.00018192844147970136,"{""boundary"": 0, ""herding"": 73, ""kcenter"": 0, ""kmeans"": 7, ""marc"": 0, ""random"": 0}"
repeat5_0.25,coverage3|default|lcb=0.25|fb=herding|gap=0.02,80,0.7062818000987414,0.6950461037973265,herding,0.7059333595529326,0.000348440545808848,-0.016292359046813275,"[-2.54,-0.83]",0.8,0.00034340934227256384,"{""boundary"": 0, ""herding"": 72, ""kcenter"": 0, ""kmeans"": 8, ""marc"": 0, ""random"": 0}"
repeat5_0.25,coverage3|kmeans_first|lcb=0|fb=herding|gap=0.02,80,0.7062818000987414,0.6951205845821963,herding,0.7059333595529326,0.000348440545808848,-0.016292359046813275,"[-2.54,-0.83]",0.8375,0.00018192844147970136,"{""boundary"": 0, ""herding"": 73, ""kcenter"": 0, ""kmeans"": 7, ""marc"": 0, ""random"": 0}"
repeat5_0.25,coverage3|default|lcb=0.5|fb=herding|gap=0.02,80,0.7062818000987414,0.6950461037973265,herding,0.7059333595529326,0.000348440545808848,-0.016292359046813275,"[-2.54,-0.83]",0.8,0.00032720301861965256,"{""boundary"": 0, ""herding"": 72, ""kcenter"": 0, ""kmeans"": 8, ""marc"": 0, ""random"": 0}"
repeat5_0.25,coverage3|kmeans_first|lcb=0.25|fb=herding|gap=0.02,80,0.7062818000987414,0.6950461037973265,herding,0.7059333595529326,0.000348440545808848,-0.016292359046813275,"[-2.54,-0.83]",0.8,0.00034340934227256384,"{""boundary"": 0, ""herding"": 72, ""kcenter"": 0, ""kmeans"": 8, ""marc"": 0, ""random"": 0}"
repeat5_0.25,coverage3|kmeans_first|lcb=0.5|fb=herding|gap=0.02,80,0.7062818000987414,0.6950461037973265,herding,0.7059333595529326,0.000348440545808848,-0.016292359046813275,"[-2.54,-0.83]",0.8,0.00032720301861965256,"{""boundary"": 0, ""herding"": 72, ""kcenter"": 0, ""kmeans"": 8, ""marc"": 0, ""random"": 0}"
repeat5_0.25,coverage3|default|lcb=0|fb=none|gap=0,80,0.7062359554484017,0.6952073142828792,herding,0.7059333595529326,0.00030259589546910437,-0.016338203697153112,"[-2.56,-0.82]",0.0,0.00018192844147970136,"{""boundary"": 0, ""herding"": 53, ""kcenter"": 7, ""kmeans"": 20, ""marc"": 0, ""random"": 0}"
repeat5_0.25,coverage3|herding_first|lcb=0|fb=none|gap=0,80,0.7062359554484017,0.6952073142828792,herding,0.7059333595529326,0.00030259589546910437,-0.016338203697153112,"[-2.56,-0.82]",0.0,0.00018192844147970136,"{""boundary"": 0, ""herding"": 53, ""kcenter"": 5, ""kmeans"": 22, ""marc"": 0, ""random"": 0}"
repeat5_0.25,coverage3|kmeans_first|lcb=0|fb=none|gap=0,80,0.7062315338000111,0.6952069150172793,herding,0.7059333595529326,0.0002981742470785642,-0.01634262534554363,"[-2.56,-0.82]",0.0,0.00018192844147970136,"{""boundary"": 0, ""herding"": 20, ""kcenter"": 5, ""kmeans"": 55, ""marc"": 0, ""random"": 0}"
repeat5_0.25,coverage3|marc_first|lcb=0|fb=none|gap=0,80,0.7062315338000111,0.6952069150172793,herding,0.7059333595529326,0.0002981742470785642,-0.01634262534554363,"[-2.56,-0.82]",0.0,0.00018192844147970136,"{""boundary"": 0, ""herding"": 20, ""kcenter"": 5, ""kmeans"": 55, ""marc"": 0, ""random"": 0}"
repeat5_0.25,all6|default|lcb=1|fb=herding|gap=0.05,80,0.7062257572137512,0.6949775317424005,herding,0.7059333595529326,0.00029239766081867735,-0.01634840193180353,"[-2.54,-0.84]",0.9625,0.0036774117582820676,"{""boundary"": 0, ""herding"": 79, ""kcenter"": 0, ""kmeans"": 1, ""marc"": 0, ""random"": 0}"
repeat5_0.25,no_random|kmeans_first|lcb=0.5|fb=herding|gap=0.05,80,0.7062257572137512,0.6949775317424005,herding,0.7059333595529326,0.00029239766081867735,-0.01634840193180353,"[-2.54,-0.84]",0.975,0.005347755101500373,"{""boundary"": 0, ""herding"": 79, ""kcenter"": 0, ""kmeans"": 1, ""marc"": 0, ""random"": 0}"
repeat5_0.25,coverage3|default|lcb=0.5|fb=herding|gap=0.05,80,0.7062257572137512,0.6949775317424005,herding,0.7059333595529326,0.00029239766081867735,-0.01634840193180353,"[-2.54,-0.84]",0.9375,0.00032720301861965256,"{""boundary"": 0, ""herding"": 79, ""kcenter"": 0, ""kmeans"": 1, ""marc"": 0, ""random"": 0}"
repeat5_0.25,no_random|kmeans_first|lcb=1|fb=herding|gap=0.05,80,0.7062257572137512,0.6949775317424005,herding,0.7059333595529326,0.00029239766081867735,-0.01634840193180353,"[-2.54,-0.84]",0.9625,0.00687146966882074,"{""boundary"": 0, ""herding"": 79, ""kcenter"": 0, ""kmeans"": 1, ""marc"": 0, ""random"": 0}"
repeat5_0.25,all6|marc_first|lcb=1|fb=herding|gap=0.05,80,0.7062257572137512,0.6949775317424005,herding,0.7059333595529326,0.00029239766081867735,-0.01634840193180353,"[-2.54,-0.84]",0.9625,0.0036774117582820676,"{""boundary"": 0, ""herding"": 79, ""kcenter"": 0, ""kmeans"": 1, ""marc"": 0, ""random"": 0}"
repeat5_0.25,coverage3|herding_first|lcb=0|fb=herding|gap=0.05,80,0.7062257572137512,0.6949775317424005,herding,0.7059333595529326,0.00029239766081867735,-0.01634840193180353,"[-2.54,-0.84]",0.95,0.00018192844147970136,"{""boundary"": 0, ""herding"": 79, ""kcenter"": 0, ""kmeans"": 1, ""marc"": 0, ""random"": 0}"
repeat5_0.25,centroid3|default|lcb=1|fb=herding|gap=0.05,80,0.7062257572137512,0.6949775317424005,herding,0.7059333595529326,0.00029239766081867735,-0.01634840193180353,"[-2.54,-0.84]",0.9625,5.199400772134752e-05,"{""boundary"": 0, ""herding"": 79, ""kcenter"": 0, ""kmeans"": 1, ""marc"": 0, ""random"": 0}"
repeat5_0.25,centroid3|herding_first|lcb=0.5|fb=herding|gap=0.05,80,0.7062257572137512,0.6949775317424005,herding,0.7059333595529326,0.00029239766081867735,-0.01634840193180353,"[-2.54,-0.84]",0.975,0.00011262183166000153,"{""boundary"": 0, ""herding"": 79, ""kcenter"": 0, ""kmeans"": 1, ""marc"": 0, ""random"": 0}"
repeat5_0.25,no_random|marc_first|lcb=0.5|fb=herding|gap=0.05,80,0.7062257572137512,0.6949775317424005,herding,0.7059333595529326,0.00029239766081867735,-0.01634840193180353,"[-2.54,-0.84]",0.975,0.005347755101500373,"{""boundary"": 0, ""herding"": 79, ""kcenter"": 0, ""kmeans"": 1, ""marc"": 0, ""random"": 0}"
repeat5_0.25,representative4|default|lcb=0.5|fb=herding|gap=0.05,80,0.7062257572137512,0.6949775317424005,herding,0.7059333595529326,0.00029239766081867735,-0.01634840193180353,"[-2.54,-0.84]",0.975,0.0001735578502666986,"{""boundary"": 0, ""herding"": 79, ""kcenter"": 0, ""kmeans"": 1, ""marc"": 0, ""random"": 0}"
repeat5_0.25,coverage3|default|lcb=0|fb=herding|gap=0.05,80,0.7062257572137512,0.6949775317424005,herding,0.7059333595529326,0.00029239766081867735,-0.01634840193180353,"[-2.54,-0.84]",0.95,0.00018192844147970136,"{""boundary"": 0, ""herding"": 79, ""kcenter"": 0, ""kmeans"": 1, ""marc"": 0, ""random"": 0}"
repeat5_0.25,coverage3|herding_first|lcb=0.5|fb=herding|gap=0.05,80,0.7062257572137512,0.6949775317424005,herding,0.7059333595529326,0.00029239766081867735,-0.01634840193180353,"[-2.54,-0.84]",0.9375,0.00032720301861965256,"{""boundary"": 0, ""herding"": 79, ""kcenter"": 0, ""kmeans"": 1, ""marc"": 0, ""random"": 0}"
repeat5_0.25,representative4|herding_first|lcb=0.5|fb=herding|gap=0.05,80,0.7062257572137512,0.6949775317424005,herding,0.7059333595529326,0.00029239766081867735,-0.01634840193180353,"[-2.54,-0.84]",0.975,0.0001735578502666986,"{""boundary"": 0, ""herding"": 79, ""kcenter"": 0, ""kmeans"": 1, ""marc"": 0, ""random"": 0}"
repeat5_0.25,no_random|herding_first|lcb=1|fb=herding|gap=0.05,80,0.7062257572137512,0.6949775317424005,herding,0.7059333595529326,0.00029239766081867735,-0.01634840193180353,"[-2.54,-0.84]",0.9625,0.00687146966882074,"{""boundary"": 0, ""herding"": 79, ""kcenter"": 0, ""kmeans"": 1, ""marc"": 0, ""random"": 0}"
repeat5_0.25,coverage3|default|lcb=0.25|fb=herding|gap=0.05,80,0.7062257572137512,0.6949775317424005,herding,0.7059333595529326,0.00029239766081867735,-0.01634840193180353,"[-2.54,-0.84]",0.9375,0.00034340934227256384,"{""boundary"": 0, ""herding"": 79, ""kcenter"": 0, ""kmeans"": 1, ""marc"": 0, ""random"": 0}"
repeat5_0.25,no_random|marc_first|lcb=1|fb=herding|gap=0.05,80,0.7062257572137512,0.6949775317424005,herding,0.7059333595529326,0.00029239766081867735,-0.01634840193180353,"[-2.54,-0.84]",0.9625,0.00687146966882074,"{""boundary"": 0, ""herding"": 79, ""kcenter"": 0, ""kmeans"": 1, ""marc"": 0, ""random"": 0}"
repeat5_0.25,representative4|kmeans_first|lcb=1|fb=herding|gap=0.05,80,0.7062257572137512,0.6949775317424005,herding,0.7059333595529326,0.00029239766081867735,-0.01634840193180353,"[-2.54,-0.84]",0.9625,0.0001679704602696036,"{""boundary"": 0, ""herding"": 79, ""kcenter"": 0, ""kmeans"": 1, ""marc"": 0, ""random"": 0}"
repeat5_0.25,coverage3|kmeans_first|lcb=0.25|fb=herding|gap=0.05,80,0.7062257572137512,0.6949775317424005,herding,0.7059333595529326,0.00029239766081867735,-0.01634840193180353,"[-2.54,-0.84]",0.9375,0.00034340934227256384,"{""boundary"": 0, ""herding"": 79, ""kcenter"": 0, ""kmeans"": 1, ""marc"": 0, ""random"": 0}"
repeat5_0.25,coverage3|kmeans_first|lcb=0.5|fb=herding|gap=0.05,80,0.7062257572137512,0.6949775317424005,herding,0.7059333595529326,0.00029239766081867735,-0.01634840193180353,"[-2.54,-0.84]",0.9375,0.00032720301861965256,"{""boundary"": 0, ""herding"": 79, ""kcenter"": 0, ""kmeans"": 1, ""marc"": 0, ""random"": 0}"
repeat5_0.25,coverage3|herding_first|lcb=0.25|fb=herding|gap=0.05,80,0.7062257572137512,0.6949775317424005,herding,0.7059333595529326,0.00029239766081867735,-0.01634840193180353,"[-2.54,-0.84]",0.9375,0.00034340934227256384,"{""boundary"": 0, ""herding"": 79, ""kcenter"": 0, ""kmeans"": 1, ""marc"": 0, ""random"": 0}"
repeat5_0.25,representative4|herding_first|lcb=1|fb=herding|gap=0.05,80,0.7062257572137512,0.6949775317424005,herding,0.7059333595529326,0.00029239766081867735,-0.01634840193180353,"[-2.54,-0.84]",0.9625,0.0001679704602696036,"{""boundary"": 0, ""herding"": 79, ""kcenter"": 0, ""kmeans"": 1, ""marc"": 0, ""random"": 0}"
repeat5_0.25,representative4|default|lcb=1|fb=herding|gap=0.05,80,0.7062257572137512,0.6949775317424005,herding,0.7059333595529326,0.00029239766081867735,-0.01634840193180353,"[-2.54,-0.84]",0.9625,0.0001679704602696036,"{""boundary"": 0, ""herding"": 79, ""kcenter"": 0, ""kmeans"": 1, ""marc"": 0, ""random"": 0}"
repeat5_0.25,centroid3|default|lcb=0.5|fb=herding|gap=0.05,80,0.7062257572137512,0.6949775317424005,herding,0.7059333595529326,0.00029239766081867735,-0.01634840193180353,"[-2.54,-0.84]",0.975,0.00011262183166000153,"{""boundary"": 0, ""herding"": 79, ""kcenter"": 0, ""kmeans"": 1, ""marc"": 0, ""random"": 0}"
repeat5_0.25,coverage3|marc_first|lcb=0|fb=herding|gap=0.05,80,0.7062257572137512,0.6949775317424005,herding,0.7059333595529326,0.00029239766081867735,-0.01634840193180353,"[-2.54,-0.84]",0.95,0.00018192844147970136,"{""boundary"": 0, ""herding"": 79, ""kcenter"": 0, ""kmeans"": 1, ""marc"": 0, ""random"": 0}"
repeat5_0.25,centroid3|marc_first|lcb=1|fb=herding|gap=0.05,80,0.7062257572137512,0.6949775317424005,herding,0.7059333595529326,0.00029239766081867735,-0.01634840193180353,"[-2.54,-0.84]",0.9625,5.199400772134752e-05,"{""boundary"": 0, ""herding"": 79, ""kcenter"": 0, ""kmeans"": 1, ""marc"": 0, ""random"": 0}"
repeat5_0.25,no_random|default|lcb=0.5|fb=herding|gap=0.05,80,0.7062257572137512,0.6949775317424005,herding,0.7059333595529326,0.00029239766081867735,-0.01634840193180353,"[-2.54,-0.84]",0.975,0.005347755101500373,"{""boundary"": 0, ""herding"": 79, ""kcenter"": 0, ""kmeans"": 1, ""marc"": 0, ""random"": 0}"
repeat5_0.25,no_random|herding_first|lcb=0.5|fb=herding|gap=0.05,80,0.7062257572137512,0.6949775317424005,herding,0.7059333595529326,0.00029239766081867735,-0.01634840193180353,"[-2.54,-0.84]",0.975,0.005347755101500373,"{""boundary"": 0, ""herding"": 79, ""kcenter"": 0, ""kmeans"": 1, ""marc"": 0, ""random"": 0}"
repeat5_0.25,centroid3|herding_first|lcb=1|fb=herding|gap=0.05,80,0.7062257572137512,0.6949775317424005,herding,0.7059333595529326,0.00029239766081867735,-0.01634840193180353,"[-2.54,-0.84]",0.9625,5.199400772134752e-05,"{""boundary"": 0, ""herding"": 79, ""kcenter"": 0, ""kmeans"": 1, ""marc"": 0, ""random"": 0}"
repeat5_0.25,no_random|default|lcb=1|fb=herding|gap=0.05,80,0.7062257572137512,0.6949775317424005,herding,0.7059333595529326,0.00029239766081867735,-0.01634840193180353,"[-2.54,-0.84]",0.9625,0.00687146966882074,"{""boundary"": 0, ""herding"": 79, ""kcenter"": 0, ""kmeans"": 1, ""marc"": 0, ""random"": 0}"
repeat5_0.25,coverage3|kmeans_first|lcb=0|fb=herding|gap=0.05,80,0.7062257572137512,0.6949775317424005,herding,0.7059333595529326,0.00029239766081867735,-0.01634840193180353,"[-2.54,-0.84]",0.95,0.00018192844147970136,"{""boundary"": 0, ""herding"": 79, ""kcenter"": 0, ""kmeans"": 1, ""marc"": 0, ""random"": 0}"
repeat5_0.25,all6|herding_first|lcb=1|fb=herding|gap=0.05,80,0.7062257572137512,0.6949775317424005,herding,0.7059333595529326,0.00029239766081867735,-0.01634840193180353,"[-2.54,-0.84]",0.9625,0.0036774117582820676,"{""boundary"": 0, ""herding"": 79, ""kcenter"": 0, ""kmeans"": 1, ""marc"": 0, ""random"": 0}"
repeat5_0.25,representative4|marc_first|lcb=1|fb=herding|gap=0.05,80,0.7062257572137512,0.6949775317424005,herding,0.7059333595529326,0.00029239766081867735,-0.01634840193180353,"[-2.54,-0.84]",0.9625,0.0001679704602696036,"{""boundary"": 0, ""herding"": 79, ""kcenter"": 0, ""kmeans"": 1, ""marc"": 0, ""random"": 0}"
repeat5_0.25,centroid3|marc_first|lcb=0.5|fb=herding|gap=0.05,80,0.7062257572137512,0.6949775317424005,herding,0.7059333595529326,0.00029239766081867735,-0.01634840193180353,"[-2.54,-0.84]",0.975,0.00011262183166000153,"{""boundary"": 0, ""herding"": 79, ""kcenter"": 0, ""kmeans"": 1, ""marc"": 0, ""random"": 0}"
repeat5_0.25,representative4|marc_first|lcb=0.5|fb=herding|gap=0.05,80,0.7062257572137512,0.6949775317424005,herding,0.7059333595529326,0.00029239766081867735,-0.01634840193180353,"[-2.54,-0.84]",0.975,0.0001735578502666986,"{""boundary"": 0, ""herding"": 79, ""kcenter"": 0, ""kmeans"": 1, ""marc"": 0, ""random"": 0}"
repeat5_0.25,coverage3|marc_first|lcb=0.25|fb=herding|gap=0.05,80,0.7062257572137512,0.6949775317424005,herding,0.7059333595529326,0.00029239766081867735,-0.01634840193180353,"[-2.54,-0.84]",0.9375,0.00034340934227256384,"{""boundary"": 0, ""herding"": 79, ""kcenter"": 0, ""kmeans"": 1, ""marc"": 0, ""random"": 0}"
repeat5_0.25,representative4|kmeans_first|lcb=0.5|fb=herding|gap=0.05,80,0.7062257572137512,0.6949775317424005,herding,0.7059333595529326,0.00029239766081867735,-0.01634840193180353,"[-2.54,-0.84]",0.975,0.0001735578502666986,"{""boundary"": 0, ""herding"": 79, ""kcenter"": 0, ""kmeans"": 1, ""marc"": 0, ""random"": 0}"
repeat5_0.25,all6|kmeans_first|lcb=1|fb=herding|gap=0.05,80,0.7062257572137512,0.6949775317424005,herding,0.7059333595529326,0.00029239766081867735,-0.01634840193180353,"[-2.54,-0.84]",0.9625,0.0036774117582820676,"{""boundary"": 0, ""herding"": 79, ""kcenter"": 0, ""kmeans"": 1, ""marc"": 0, ""random"": 0}"
repeat5_0.25,centroid3|kmeans_first|lcb=1|fb=herding|gap=0.05,80,0.7062257572137512,0.6949775317424005,herding,0.7059333595529326,0.00029239766081867735,-0.01634840193180353,"[-2.54,-0.84]",0.9625,5.199400772134752e-05,"{""boundary"": 0, ""herding"": 79, ""kcenter"": 0, ""kmeans"": 1, ""marc"": 0, ""random"": 0}"
repeat5_0.25,coverage3|marc_first|lcb=0.5|fb=herding|gap=0.05,80,0.7062257572137512,0.6949775317424005,herding,0.7059333595529326,0.00029239766081867735,-0.01634840193180353,"[-2.54,-0.84]",0.9375,0.00032720301861965256,"{""boundary"": 0, ""herding"": 79, ""kcenter"": 0, ""kmeans"": 1, ""marc"": 0, ""random"": 0}"
repeat5_0.25,centroid3|kmeans_first|lcb=0.5|fb=herding|gap=0.05,80,0.7062257572137512,0.6949775317424005,herding,0.7059333595529326,0.00029239766081867735,-0.01634840193180353,"[-2.54,-0.84]",0.975,0.00011262183166000153,"{""boundary"": 0, ""herding"": 79, ""kcenter"": 0, ""kmeans"": 1, ""marc"": 0, ""random"": 0}"
repeat5_0.25,centroid3|kmeans_first|lcb=1|fb=herding|gap=0.02,80,0.7061818975646283,0.6948895816085242,herding,0.7059333595529326,0.00024853801169577583,-0.01639226158092634,"[-2.56,-0.84]",0.8625,5.199400772134752e-05,"{""boundary"": 0, ""herding"": 75, ""kcenter"": 0, ""kmeans"": 5, ""marc"": 0, ""random"": 0}"
repeat5_0.25,centroid3|default|lcb=1|fb=herding|gap=0.02,80,0.7061818975646283,0.6948895816085242,herding,0.7059333595529326,0.00024853801169577583,-0.01639226158092634,"[-2.56,-0.84]",0.8625,5.199400772134752e-05,"{""boundary"": 0, ""herding"": 75, ""kcenter"": 0, ""kmeans"": 5, ""marc"": 0, ""random"": 0}"
repeat5_0.25,representative4|herding_first|lcb=1|fb=herding|gap=0.02,80,0.7061818975646283,0.6948895816085242,herding,0.7059333595529326,0.00024853801169577583,-0.01639226158092634,"[-2.56,-0.84]",0.8625,0.0001679704602696036,"{""boundary"": 0, ""herding"": 75, ""kcenter"": 0, ""kmeans"": 5, ""marc"": 0, ""random"": 0}"
repeat5_0.25,representative4|marc_first|lcb=1|fb=herding|gap=0.02,80,0.7061818975646283,0.6948895816085242,herding,0.7059333595529326,0.00024853801169577583,-0.01639226158092634,"[-2.56,-0.84]",0.8625,0.0001679704602696036,"{""boundary"": 0, ""herding"": 75, ""kcenter"": 0, ""kmeans"": 5, ""marc"": 0, ""random"": 0}"
repeat5_0.25,representative4|kmeans_first|lcb=1|fb=herding|gap=0.02,80,0.7061818975646283,0.6948895816085242,herding,0.7059333595529326,0.00024853801169577583,-0.01639226158092634,"[-2.56,-0.84]",0.8625,0.0001679704602696036,"{""boundary"": 0, ""herding"": 75, ""kcenter"": 0, ""kmeans"": 5, ""marc"": 0, ""random"": 0}"
repeat5_0.25,centroid3|marc_first|lcb=1|fb=herding|gap=0.02,80,0.7061818975646283,0.6948895816085242,herding,0.7059333595529326,0.00024853801169577583,-0.01639226158092634,"[-2.56,-0.84]",0.8625,5.199400772134752e-05,"{""boundary"": 0, ""herding"": 75, ""kcenter"": 0, ""kmeans"": 5, ""marc"": 0, ""random"": 0}"
repeat5_0.25,centroid3|herding_first|lcb=1|fb=herding|gap=0.02,80,0.7061818975646283,0.6948895816085242,herding,0.7059333595529326,0.00024853801169577583,-0.01639226158092634,"[-2.56,-0.84]",0.8625,5.199400772134752e-05,"{""boundary"": 0, ""herding"": 75, ""kcenter"": 0, ""kmeans"": 5, ""marc"": 0, ""random"": 0}"
repeat5_0.25,representative4|default|lcb=1|fb=herding|gap=0.02,80,0.7061818975646283,0.6948895816085242,herding,0.7059333595529326,0.00024853801169577583,-0.01639226158092634,"[-2.56,-0.84]",0.8625,0.0001679704602696036,"{""boundary"": 0, ""herding"": 75, ""kcenter"": 0, ""kmeans"": 5, ""marc"": 0, ""random"": 0}"
repeat5_0.25,coverage3|default|lcb=1|fb=herding|gap=0.01,80,0.7061794609174549,0.6948567472520425,herding,0.7059333595529326,0.0002461013645222998,-0.016394698228099823,"[-2.56,-0.83]",0.7,0.00021874827813180356,"{""boundary"": 0, ""herding"": 65, ""kcenter"": 0, ""kmeans"": 15, ""marc"": 0, ""random"": 0}"
repeat5_0.25,coverage3|herding_first|lcb=1|fb=herding|gap=0.01,80,0.7061794609174549,0.6948567472520425,herding,0.7059333595529326,0.0002461013645222998,-0.016394698228099823,"[-2.56,-0.83]",0.7,0.00021874827813180356,"{""boundary"": 0, ""herding"": 65, ""kcenter"": 0, ""kmeans"": 15, ""marc"": 0, ""random"": 0}"
repeat5_0.25,coverage3|kmeans_first|lcb=1|fb=herding|gap=0.01,80,0.7061794609174549,0.6948567472520425,herding,0.7059333595529326,0.0002461013645222998,-0.016394698228099823,"[-2.56,-0.83]",0.7,0.00021874827813180356,"{""boundary"": 0, ""herding"": 65, ""kcenter"": 0, ""kmeans"": 15, ""marc"": 0, ""random"": 0}"
repeat5_0.25,coverage3|marc_first|lcb=1|fb=herding|gap=0.01,80,0.7061794609174549,0.6948567472520425,herding,0.7059333595529326,0.0002461013645222998,-0.016394698228099823,"[-2.56,-0.83]",0.7,0.00021874827813180356,"{""boundary"": 0, ""herding"": 65, ""kcenter"": 0, ""kmeans"": 15, ""marc"": 0, ""random"": 0}"
repeat5_0.25,coverage3|default|lcb=1|fb=herding|gap=0.005,80,0.7061477845041996,0.6949029609261282,herding,0.7059333595529326,0.00021442495126700045,-0.016426374641355188,"[-2.57,-0.83]",0.625,0.00021874827813180356,"{""boundary"": 0, ""herding"": 61, ""kcenter"": 0, ""kmeans"": 19, ""marc"": 0, ""random"": 0}"
repeat5_0.25,coverage3|marc_first|lcb=1|fb=herding|gap=0.005,80,0.7061477845041996,0.6949029609261282,herding,0.7059333595529326,0.00021442495126700045,-0.016426374641355188,"[-2.57,-0.83]",0.625,0.00021874827813180356,"{""boundary"": 0, ""herding"": 61, ""kcenter"": 0, ""kmeans"": 19, ""marc"": 0, ""random"": 0}"
repeat5_0.25,coverage3|herding_first|lcb=1|fb=herding|gap=0.005,80,0.7061477845041996,0.6949029609261282,herding,0.7059333595529326,0.00021442495126700045,-0.016426374641355188,"[-2.57,-0.83]",0.625,0.00021874827813180356,"{""boundary"": 0, ""herding"": 61, ""kcenter"": 0, ""kmeans"": 19, ""marc"": 0, ""random"": 0}"
repeat5_0.25,coverage3|kmeans_first|lcb=1|fb=herding|gap=0.005,80,0.7061477845041996,0.6949029609261282,herding,0.7059333595529326,0.00021442495126700045,-0.016426374641355188,"[-2.57,-0.83]",0.625,0.00021874827813180356,"{""boundary"": 0, ""herding"": 61, ""kcenter"": 0, ""kmeans"": 19, ""marc"": 0, ""random"": 0}"
repeat5_0.25,coverage3|default|lcb=1|fb=herding|gap=0,80,0.7061455736800044,0.6951461417350275,herding,0.7059333595529326,0.0002122141270718414,-0.016428585465550448,"[-2.57,-0.84]",0.4375,0.00021874827813180356,"{""boundary"": 0, ""herding"": 56, ""kcenter"": 5, ""kmeans"": 19, ""marc"": 0, ""random"": 0}"
repeat5_0.25,coverage3|herding_first|lcb=1|fb=none|gap=0,80,0.7061455736800044,0.6951461417350275,herding,0.7059333595529326,0.0002122141270718414,-0.016428585465550448,"[-2.57,-0.84]",0.0,0.00021874827813180356,"{""boundary"": 0, ""herding"": 55, ""kcenter"": 5, ""kmeans"": 20, ""marc"": 0, ""random"": 0}"
repeat5_0.25,coverage3|kmeans_first|lcb=1|fb=herding|gap=0,80,0.7061455736800044,0.6951461417350275,herding,0.7059333595529326,0.0002122141270718414,-0.016428585465550448,"[-2.57,-0.84]",0.4375,0.00021874827813180356,"{""boundary"": 0, ""herding"": 56, ""kcenter"": 5, ""kmeans"": 19, ""marc"": 0, ""random"": 0}"
repeat5_0.25,coverage3|herding_first|lcb=1|fb=herding|gap=0,80,0.7061455736800044,0.6951461417350275,herding,0.7059333595529326,0.0002122141270718414,-0.016428585465550448,"[-2.57,-0.84]",0.4375,0.00021874827813180356,"{""boundary"": 0, ""herding"": 56, ""kcenter"": 5, ""kmeans"": 19, ""marc"": 0, ""random"": 0}"
repeat5_0.25,coverage3|marc_first|lcb=1|fb=herding|gap=0,80,0.7061455736800044,0.6951461417350275,herding,0.7059333595529326,0.0002122141270718414,-0.016428585465550448,"[-2.57,-0.84]",0.4375,0.00021874827813180356,"{""boundary"": 0, ""herding"": 56, ""kcenter"": 5, ""kmeans"": 19, ""marc"": 0, ""random"": 0}"
repeat5_0.25,coverage3|default|lcb=1|fb=none|gap=0,80,0.7061455736800044,0.6951461417350275,herding,0.7059333595529326,0.0002122141270718414,-0.016428585465550448,"[-2.57,-0.84]",0.0,0.00021874827813180356,"{""boundary"": 0, ""herding"": 55, ""kcenter"": 6, ""kmeans"": 19, ""marc"": 0, ""random"": 0}"
repeat5_0.25,coverage3|marc_first|lcb=1|fb=none|gap=0,80,0.7061411520316139,0.6951457424694276,herding,0.7059333595529326,0.00020779247868130124,-0.016433007113940967,"[-2.57,-0.84]",0.0,0.00021874827813180356,"{""boundary"": 0, ""herding"": 22, ""kcenter"": 5, ""kmeans"": 53, ""marc"": 0, ""random"": 0}"
repeat5_0.25,coverage3|kmeans_first|lcb=1|fb=none|gap=0,80,0.7061411520316139,0.6951457424694276,herding,0.7059333595529326,0.00020779247868130124,-0.016433007113940967,"[-2.57,-0.84]",0.0,0.00021874827813180356,"{""boundary"": 0, ""herding"": 22, ""kcenter"": 5, ""kmeans"": 53, ""marc"": 0, ""random"": 0}"
repeat5_0.25,representative4|marc_first|lcb=0|fb=herding|gap=0,80,0.7060092580525715,0.6949687794268005,herding,0.7059333595529326,7.589849963896e-05,-0.016564901092983215,"[-2.57,-0.86]",0.5,1.1102230246251565e-16,"{""boundary"": 0, ""herding"": 57, ""kcenter"": 4, ""kmeans"": 14, ""marc"": 5, ""random"": 0}"
repeat5_0.25,representative4|herding_first|lcb=0|fb=herding|gap=0,80,0.7060092580525715,0.6949687794268005,herding,0.7059333595529326,7.589849963896e-05,-0.016564901092983215,"[-2.57,-0.86]",0.5,1.1102230246251565e-16,"{""boundary"": 0, ""herding"": 57, ""kcenter"": 4, ""kmeans"": 14, ""marc"": 5, ""random"": 0}"
repeat5_0.25,representative4|kmeans_first|lcb=0|fb=herding|gap=0,80,0.7060092580525715,0.6949687794268005,herding,0.7059333595529326,7.589849963896e-05,-0.016564901092983215,"[-2.57,-0.86]",0.5,1.1102230246251565e-16,"{""boundary"": 0, ""herding"": 57, ""kcenter"": 4, ""kmeans"": 14, ""marc"": 5, ""random"": 0}"
repeat5_0.25,representative4|default|lcb=0|fb=herding|gap=0,80,0.7060092580525715,0.6949687794268005,herding,0.7059333595529326,7.589849963896e-05,-0.016564901092983215,"[-2.57,-0.86]",0.5,1.1102230246251565e-16,"{""boundary"": 0, ""herding"": 57, ""kcenter"": 4, ""kmeans"": 14, ""marc"": 5, ""random"": 0}"
repeat5_0.25,centroid3|marc_first|lcb=0|fb=herding|gap=0,80,0.7059827281622285,0.6949008629517974,herding,0.7059333595529326,4.936860929594111e-05,-0.016591430983326334,"[-2.57,-0.86]",0.525,0.0,"{""boundary"": 0, ""herding"": 59, ""kcenter"": 0, ""kmeans"": 14, ""marc"": 7, ""random"": 0}"
repeat5_0.25,centroid3|herding_first|lcb=0|fb=herding|gap=0,80,0.7059827281622285,0.6949008629517974,herding,0.7059333595529326,4.936860929594111e-05,-0.016591430983326334,"[-2.57,-0.86]",0.525,0.0,"{""boundary"": 0, ""herding"": 59, ""kcenter"": 0, ""kmeans"": 14, ""marc"": 7, ""random"": 0}"
repeat5_0.25,centroid3|kmeans_first|lcb=0|fb=herding|gap=0,80,0.7059827281622285,0.6949008629517974,herding,0.7059333595529326,4.936860929594111e-05,-0.016591430983326334,"[-2.57,-0.86]",0.525,0.0,"{""boundary"": 0, ""herding"": 59, ""kcenter"": 0, ""kmeans"": 14, ""marc"": 7, ""random"": 0}"
repeat5_0.25,centroid3|default|lcb=0|fb=herding|gap=0,80,0.7059827281622285,0.6949008629517974,herding,0.7059333595529326,4.936860929594111e-05,-0.016591430983326334,"[-2.57,-0.86]",0.525,0.0,"{""boundary"": 0, ""herding"": 59, ""kcenter"": 0, ""kmeans"": 14, ""marc"": 7, ""random"": 0}"
repeat5_0.25,centroid3|herding_first|lcb=0|fb=herding|gap=0.005,80,0.7059528527303205,0.6945043019732375,herding,0.7059333595529326,1.9493177387919225e-05,-0.01662130641523433,"[-2.57,-0.86]",0.7625,0.0,"{""boundary"": 0, ""herding"": 69, ""kcenter"": 0, ""kmeans"": 10, ""marc"": 1, ""random"": 0}"
repeat5_0.25,representative4|herding_first|lcb=0|fb=herding|gap=0.005,80,0.7059528527303205,0.6945043019732375,herding,0.7059333595529326,1.9493177387919225e-05,-0.01662130641523433,"[-2.57,-0.86]",0.7625,1.1102230246251565e-16,"{""boundary"": 0, ""herding"": 69, ""kcenter"": 0, ""kmeans"": 10, ""marc"": 1, ""random"": 0}"
repeat5_0.25,centroid3|kmeans_first|lcb=0|fb=herding|gap=0.005,80,0.7059528527303205,0.6945043019732375,herding,0.7059333595529326,1.9493177387919225e-05,-0.01662130641523433,"[-2.57,-0.86]",0.7625,0.0,"{""boundary"": 0, ""herding"": 69, ""kcenter"": 0, ""kmeans"": 10, ""marc"": 1, ""random"": 0}"
repeat5_0.25,representative4|marc_first|lcb=0|fb=herding|gap=0.005,80,0.7059528527303205,0.6945043019732375,herding,0.7059333595529326,1.9493177387919225e-05,-0.01662130641523433,"[-2.57,-0.86]",0.7625,1.1102230246251565e-16,"{""boundary"": 0, ""herding"": 69, ""kcenter"": 0, ""kmeans"": 10, ""marc"": 1, ""random"": 0}"
repeat5_0.25,centroid3|marc_first|lcb=0|fb=herding|gap=0.005,80,0.7059528527303205,0.6945043019732375,herding,0.7059333595529326,1.9493177387919225e-05,-0.01662130641523433,"[-2.57,-0.86]",0.7625,0.0,"{""boundary"": 0, ""herding"": 69, ""kcenter"": 0, ""kmeans"": 10, ""marc"": 1, ""random"": 0}"
repeat5_0.25,representative4|default|lcb=0|fb=herding|gap=0.005,80,0.7059528527303205,0.6945043019732375,herding,0.7059333595529326,1.9493177387919225e-05,-0.01662130641523433,"[-2.57,-0.86]",0.7625,1.1102230246251565e-16,"{""boundary"": 0, ""herding"": 69, ""kcenter"": 0, ""kmeans"": 10, ""marc"": 1, ""random"": 0}"
repeat5_0.25,centroid3|default|lcb=0|fb=herding|gap=0.005,80,0.7059528527303205,0.6945043019732375,herding,0.7059333595529326,1.9493177387919225e-05,-0.01662130641523433,"[-2.57,-0.86]",0.7625,0.0,"{""boundary"": 0, ""herding"": 69, ""kcenter"": 0, ""kmeans"": 10, ""marc"": 1, ""random"": 0}"
repeat5_0.25,representative4|kmeans_first|lcb=0|fb=herding|gap=0.005,80,0.7059528527303205,0.6945043019732375,herding,0.7059333595529326,1.9493177387919225e-05,-0.01662130641523433,"[-2.57,-0.86]",0.7625,1.1102230246251565e-16,"{""boundary"": 0, ""herding"": 69, ""kcenter"": 0, ""kmeans"": 10, ""marc"": 1, ""random"": 0}"
repeat5_0.25,no_random|herding_first|lcb=0.25|fb=herding|gap=0.05,80,0.7059333595529326,0.6946654647941779,herding,0.7059333595529326,0.0,-0.01664079959262224,"[-2.57,-0.87]",0.9875,0.004612211204875871,"{""boundary"": 0, ""herding"": 80, ""kcenter"": 0, ""kmeans"": 0, ""marc"": 0, ""random"": 0}"
repeat5_0.25,no_random|herding_first|lcb=0|fb=herding|gap=0.05,80,0.7059333595529326,0.6946654647941779,herding,0.7059333595529326,0.0,-0.01664079959262224,"[-2.57,-0.87]",1.0,0.0019523809523809832,"{""boundary"": 0, ""herding"": 80, ""kcenter"": 0, ""kmeans"": 0, ""marc"": 0, ""random"": 0}"
repeat5_0.25,centroid3|kmeans_first|lcb=0.25|fb=herding|gap=0.05,80,0.7059333595529326,0.6946654647941779,herding,0.7059333595529326,0.0,-0.01664079959262224,"[-2.57,-0.87]",0.9875,0.00014727513656985491,"{""boundary"": 0, ""herding"": 80, ""kcenter"": 0, ""kmeans"": 0, ""marc"": 0, ""random"": 0}"
repeat5_0.25,no_random|kmeans_first|lcb=0.25|fb=herding|gap=0.05,80,0.7059333595529326,0.6946654647941779,herding,0.7059333595529326,0.0,-0.01664079959262224,"[-2.57,-0.87]",0.9875,0.004612211204875871,"{""boundary"": 0, ""herding"": 80, ""kcenter"": 0, ""kmeans"": 0, ""marc"": 0, ""random"": 0}"
repeat5_0.25,centroid3|marc_first|lcb=0|fb=herding|gap=0.05,80,0.7059333595529326,0.6946654647941779,herding,0.7059333595529326,0.0,-0.01664079959262224,"[-2.57,-0.87]",1.0,0.0,"{""boundary"": 0, ""herding"": 80, ""kcenter"": 0, ""kmeans"": 0, ""marc"": 0, ""random"": 0}"
repeat5_0.25,centroid3|default|lcb=0|fb=herding|gap=0.05,80,0.7059333595529326,0.6946654647941779,herding,0.7059333595529326,0.0,-0.01664079959262224,"[-2.57,-0.87]",1.0,0.0,"{""boundary"": 0, ""herding"": 80, ""kcenter"": 0, ""kmeans"": 0, ""marc"": 0, ""random"": 0}"
repeat5_0.25,centroid3|kmeans_first|lcb=0|fb=herding|gap=0.05,80,0.7059333595529326,0.6946654647941779,herding,0.7059333595529326,0.0,-0.01664079959262224,"[-2.57,-0.87]",1.0,0.0,"{""boundary"": 0, ""herding"": 80, ""kcenter"": 0, ""kmeans"": 0, ""marc"": 0, ""random"": 0}"
repeat5_0.25,centroid3|herding_first|lcb=0|fb=herding|gap=0.05,80,0.7059333595529326,0.6946654647941779,herding,0.7059333595529326,0.0,-0.01664079959262224,"[-2.57,-0.87]",1.0,0.0,"{""boundary"": 0, ""herding"": 80, ""kcenter"": 0, ""kmeans"": 0, ""marc"": 0, ""random"": 0}"
repeat5_0.25,no_random|default|lcb=0|fb=herding|gap=0.05,80,0.7059333595529326,0.6946654647941779,herding,0.7059333595529326,0.0,-0.01664079959262224,"[-2.57,-0.87]",1.0,0.0019523809523809832,"{""boundary"": 0, ""herding"": 80, ""kcenter"": 0, ""kmeans"": 0, ""marc"": 0, ""random"": 0}"
repeat5_0.25,no_random|kmeans_first|lcb=0|fb=herding|gap=0.05,80,0.7059333595529326,0.6946654647941779,herding,0.7059333595529326,0.0,-0.01664079959262224,"[-2.57,-0.87]",1.0,0.0019523809523809832,"{""boundary"": 0, ""herding"": 80, ""kcenter"": 0, ""kmeans"": 0, ""marc"": 0, ""random"": 0}"
repeat5_0.25,no_random|marc_first|lcb=0.25|fb=herding|gap=0.05,80,0.7059333595529326,0.6946654647941779,herding,0.7059333595529326,0.0,-0.01664079959262224,"[-2.57,-0.87]",0.9875,0.004612211204875871,"{""boundary"": 0, ""herding"": 80, ""kcenter"": 0, ""kmeans"": 0, ""marc"": 0, ""random"": 0}"
repeat5_0.25,centroid3|herding_first|lcb=0.25|fb=herding|gap=0.05,80,0.7059333595529326,0.6946654647941779,herding,0.7059333595529326,0.0,-0.01664079959262224,"[-2.57,-0.87]",0.9875,0.00014727513656985491,"{""boundary"": 0, ""herding"": 80, ""kcenter"": 0, ""kmeans"": 0, ""marc"": 0, ""random"": 0}"
repeat5_0.25,representative4|default|lcb=0.25|fb=herding|gap=0.05,80,0.7059333595529326,0.6946654647941779,herding,0.7059333595529326,0.0,-0.01664079959262224,"[-2.57,-0.87]",0.9875,0.00022322525624312445,"{""boundary"": 0, ""herding"": 80, ""kcenter"": 0, ""kmeans"": 0, ""marc"": 0, ""random"": 0}"
repeat5_0.25,representative4|kmeans_first|lcb=0|fb=herding|gap=0.05,80,0.7059333595529326,0.6946654647941779,herding,0.7059333595529326,0.0,-0.01664079959262224,"[-2.57,-0.87]",1.0,1.1102230246251565e-16,"{""boundary"": 0, ""herding"": 80, ""kcenter"": 0, ""kmeans"": 0, ""marc"": 0, ""random"": 0}"
repeat5_0.25,no_random|default|lcb=0.25|fb=herding|gap=0.05,80,0.7059333595529326,0.6946654647941779,herding,0.7059333595529326,0.0,-0.01664079959262224,"[-2.57,-0.87]",0.9875,0.004612211204875871,"{""boundary"": 0, ""herding"": 80, ""kcenter"": 0, ""kmeans"": 0, ""marc"": 0, ""random"": 0}"
repeat5_0.25,representative4|herding_first|lcb=0.25|fb=herding|gap=0.05,80,0.7059333595529326,0.6946654647941779,herding,0.7059333595529326,0.0,-0.01664079959262224,"[-2.57,-0.87]",0.9875,0.00022322525624312445,"{""boundary"": 0, ""herding"": 80, ""kcenter"": 0, ""kmeans"": 0, ""marc"": 0, ""random"": 0}"
repeat5_0.25,representative4|marc_first|lcb=0|fb=herding|gap=0.05,80,0.7059333595529326,0.6946654647941779,herding,0.7059333595529326,0.0,-0.01664079959262224,"[-2.57,-0.87]",1.0,1.1102230246251565e-16,"{""boundary"": 0, ""herding"": 80, ""kcenter"": 0, ""kmeans"": 0, ""marc"": 0, ""random"": 0}"
repeat5_0.25,representative4|marc_first|lcb=0.25|fb=herding|gap=0.05,80,0.7059333595529326,0.6946654647941779,herding,0.7059333595529326,0.0,-0.01664079959262224,"[-2.57,-0.87]",0.9875,0.00022322525624312445,"{""boundary"": 0, ""herding"": 80, ""kcenter"": 0, ""kmeans"": 0, ""marc"": 0, ""random"": 0}"
repeat5_0.25,no_random|marc_first|lcb=0|fb=herding|gap=0.05,80,0.7059333595529326,0.6946654647941779,herding,0.7059333595529326,0.0,-0.01664079959262224,"[-2.57,-0.87]",1.0,0.0019523809523809832,"{""boundary"": 0, ""herding"": 80, ""kcenter"": 0, ""kmeans"": 0, ""marc"": 0, ""random"": 0}"
repeat5_0.25,representative4|default|lcb=0|fb=herding|gap=0.05,80,0.7059333595529326,0.6946654647941779,herding,0.7059333595529326,0.0,-0.01664079959262224,"[-2.57,-0.87]",1.0,1.1102230246251565e-16,"{""boundary"": 0, ""herding"": 80, ""kcenter"": 0, ""kmeans"": 0, ""marc"": 0, ""random"": 0}"
repeat5_0.25,centroid3|marc_first|lcb=0.25|fb=herding|gap=0.05,80,0.7059333595529326,0.6946654647941779,herding,0.7059333595529326,0.0,-0.01664079959262224,"[-2.57,-0.87]",0.9875,0.00014727513656985491,"{""boundary"": 0, ""herding"": 80, ""kcenter"": 0, ""kmeans"": 0, ""marc"": 0, ""random"": 0}"
repeat5_0.25,representative4|kmeans_first|lcb=0.25|fb=herding|gap=0.05,80,0.7059333595529326,0.6946654647941779,herding,0.7059333595529326,0.0,-0.01664079959262224,"[-2.57,-0.87]",0.9875,0.00022322525624312445,"{""boundary"": 0, ""herding"": 80, ""kcenter"": 0, ""kmeans"": 0, ""marc"": 0, ""random"": 0}"
repeat5_0.25,representative4|herding_first|lcb=0|fb=herding|gap=0.05,80,0.7059333595529326,0.6946654647941779,herding,0.7059333595529326,0.0,-0.01664079959262224,"[-2.57,-0.87]",1.0,1.1102230246251565e-16,"{""boundary"": 0, ""herding"": 80, ""kcenter"": 0, ""kmeans"": 0, ""marc"": 0, ""random"": 0}"
repeat5_0.25,centroid3|default|lcb=0.25|fb=herding|gap=0.05,80,0.7059333595529326,0.6946654647941779,herding,0.7059333595529326,0.0,-0.01664079959262224,"[-2.57,-0.87]",0.9875,0.00014727513656985491,"{""boundary"": 0, ""herding"": 80, ""kcenter"": 0, ""kmeans"": 0, ""marc"": 0, ""random"": 0}"
repeat5_0.25,centroid3|herding_first|lcb=0|fb=kmeans|gap=0.005,80,0.7058692288438346,0.6946712850119985,herding,0.7059333595529326,-6.41307090979426e-05,-0.016704930301720183,"[-2.61,-0.84]",0.7625,0.0,"{""boundary"": 0, ""herding"": 8, ""kcenter"": 0, ""kmeans"": 71, ""marc"": 1, ""random"": 0}"
repeat5_0.25,representative4|marc_first|lcb=0|fb=kmeans|gap=0.005,80,0.7058692288438346,0.6946712850119985,herding,0.7059333595529326,-6.41307090979426e-05,-0.016704930301720183,"[-2.61,-0.84]",0.7625,1.1102230246251565e-16,"{""boundary"": 0, ""herding"": 8, ""kcenter"": 0, ""kmeans"": 71, ""marc"": 1, ""random"": 0}"
repeat5_0.25,representative4|herding_first|lcb=0|fb=kmeans|gap=0.005,80,0.7058692288438346,0.6946712850119985,herding,0.7059333595529326,-6.41307090979426e-05,-0.016704930301720183,"[-2.61,-0.84]",0.7625,1.1102230246251565e-16,"{""boundary"": 0, ""herding"": 8, ""kcenter"": 0, ""kmeans"": 71, ""marc"": 1, ""random"": 0}"
repeat5_0.25,centroid3|kmeans_first|lcb=0|fb=kmeans|gap=0.005,80,0.7058692288438346,0.6946712850119985,herding,0.7059333595529326,-6.41307090979426e-05,-0.016704930301720183,"[-2.61,-0.84]",0.7625,0.0,"{""boundary"": 0, ""herding"": 8, ""kcenter"": 0, ""kmeans"": 71, ""marc"": 1, ""random"": 0}"
repeat5_0.25,representative4|default|lcb=0|fb=kmeans|gap=0.005,80,0.7058692288438346,0.6946712850119985,herding,0.7059333595529326,-6.41307090979426e-05,-0.016704930301720183,"[-2.61,-0.84]",0.7625,1.1102230246251565e-16,"{""boundary"": 0, ""herding"": 8, ""kcenter"": 0, ""kmeans"": 71, ""marc"": 1, ""random"": 0}"
repeat5_0.25,representative4|kmeans_first|lcb=0|fb=kmeans|gap=0.005,80,0.7058692288438346,0.6946712850119985,herding,0.7059333595529326,-6.41307090979426e-05,-0.016704930301720183,"[-2.61,-0.84]",0.7625,1.1102230246251565e-16,"{""boundary"": 0, ""herding"": 8, ""kcenter"": 0, ""kmeans"": 71, ""marc"": 1, ""random"": 0}"
repeat5_0.25,centroid3|default|lcb=0|fb=kmeans|gap=0.005,80,0.7058692288438346,0.6946712850119985,herding,0.7059333595529326,-6.41307090979426e-05,-0.016704930301720183,"[-2.61,-0.84]",0.7625,0.0,"{""boundary"": 0, ""herding"": 8, ""kcenter"": 0, ""kmeans"": 71, ""marc"": 1, ""random"": 0}"
repeat5_0.25,centroid3|marc_first|lcb=0|fb=kmeans|gap=0.005,80,0.7058692288438346,0.6946712850119985,herding,0.7059333595529326,-6.41307090979426e-05,-0.016704930301720183,"[-2.61,-0.84]",0.7625,0.0,"{""boundary"": 0, ""herding"": 8, ""kcenter"": 0, ""kmeans"": 71, ""marc"": 1, ""random"": 0}"
repeat5_0.25,representative4|herding_first|lcb=0|fb=none|gap=0,80,0.7058218620431911,0.6947893597742436,herding,0.7059333595529326,-0.0001114975097414872,-0.016752297102363662,"[-2.59,-0.87]",0.0,1.1102230246251565e-16,"{""boundary"": 0, ""herding"": 51, ""kcenter"": 4, ""kmeans"": 17, ""marc"": 8, ""random"": 0}"
repeat5_0.25,representative4|default|lcb=0|fb=none|gap=0,80,0.7058218620431911,0.6947893597742436,herding,0.7059333595529326,-0.0001114975097414872,-0.016752297102363662,"[-2.59,-0.87]",0.0,1.1102230246251565e-16,"{""boundary"": 0, ""herding"": 51, ""kcenter"": 6, ""kmeans"": 15, ""marc"": 8, ""random"": 0}"
repeat5_0.25,centroid3|herding_first|lcb=0|fb=none|gap=0,80,0.7058196512189958,0.6947763574966148,herding,0.7059333595529326,-0.00011370833393675728,-0.01675450792655892,"[-2.59,-0.87]",0.0,0.0,"{""boundary"": 0, ""herding"": 51, ""kcenter"": 0, ""kmeans"": 19, ""marc"": 10, ""random"": 0}"
repeat5_0.25,centroid3|default|lcb=0|fb=none|gap=0,80,0.7058196512189958,0.6947763574966148,herding,0.7059333595529326,-0.00011370833393675728,-0.01675450792655892,"[-2.59,-0.87]",0.0,0.0,"{""boundary"": 0, ""herding"": 51, ""kcenter"": 0, ""kmeans"": 19, ""marc"": 10, ""random"": 0}"
repeat5_0.25,representative4|marc_first|lcb=0|fb=kmeans|gap=0,80,0.7058174403948005,0.6947062885509717,herding,0.7059333595529326,-0.00011591915813202736,-0.016756718750754178,"[-2.62,-0.85]",0.5,1.1102230246251565e-16,"{""boundary"": 0, ""herding"": 17, ""kcenter"": 4, ""kmeans"": 54, ""marc"": 5, ""random"": 0}"
repeat5_0.25,representative4|marc_first|lcb=0|fb=none|gap=0,80,0.7058174403948005,0.6947889605086436,herding,0.7059333595529326,-0.00011591915813202736,-0.016756718750754178,"[-2.59,-0.87]",0.0,1.1102230246251565e-16,"{""boundary"": 0, ""herding"": 18, ""kcenter"": 4, ""kmeans"": 15, ""marc"": 43, ""random"": 0}"
repeat5_0.25,representative4|kmeans_first|lcb=0|fb=kmeans|gap=0,80,0.7058174403948005,0.6947062885509717,herding,0.7059333595529326,-0.00011591915813202736,-0.016756718750754178,"[-2.62,-0.85]",0.5,1.1102230246251565e-16,"{""boundary"": 0, ""herding"": 17, ""kcenter"": 4, ""kmeans"": 54, ""marc"": 5, ""random"": 0}"
repeat5_0.25,representative4|kmeans_first|lcb=0|fb=none|gap=0,80,0.7058174403948005,0.6947889605086436,herding,0.7059333595529326,-0.00011591915813202736,-0.016756718750754178,"[-2.59,-0.87]",0.0,1.1102230246251565e-16,"{""boundary"": 0, ""herding"": 18, ""kcenter"": 4, ""kmeans"": 50, ""marc"": 8, ""random"": 0}"
repeat5_0.25,representative4|default|lcb=0|fb=kmeans|gap=0,80,0.7058174403948005,0.6947062885509717,herding,0.7059333595529326,-0.00011591915813202736,-0.016756718750754178,"[-2.62,-0.85]",0.5,1.1102230246251565e-16,"{""boundary"": 0, ""herding"": 17, ""kcenter"": 4, ""kmeans"": 54, ""marc"": 5, ""random"": 0}"
repeat5_0.25,representative4|herding_first|lcb=0|fb=kmeans|gap=0,80,0.7058174403948005,0.6947062885509717,herding,0.7059333595529326,-0.00011591915813202736,-0.016756718750754178,"[-2.62,-0.85]",0.5,1.1102230246251565e-16,"{""boundary"": 0, ""herding"": 17, ""kcenter"": 4, ""kmeans"": 54, ""marc"": 5, ""random"": 0}"
repeat5_0.25,coverage3|kmeans_first|lcb=1|fb=herding|gap=0.05,80,0.7058164004886051,0.694492788894739,herding,0.7059333595529326,-0.00011695906432751535,-0.01675775865694973,"[-2.59,-0.87]",0.8875,0.00021874827813180356,"{""boundary"": 0, ""herding"": 77, ""kcenter"": 0, ""kmeans"": 3, ""marc"": 0, ""random"": 0}"
repeat5_0.25,coverage3|herding_first|lcb=1|fb=herding|gap=0.05,80,0.7058164004886051,0.694492788894739,herding,0.7059333595529326,-0.00011695906432751535,-0.01675775865694973,"[-2.59,-0.87]",0.8875,0.00021874827813180356,"{""boundary"": 0, ""herding"": 77, ""kcenter"": 0, ""kmeans"": 3, ""marc"": 0, ""random"": 0}"
repeat5_0.25,coverage3|default|lcb=1|fb=herding|gap=0.05,80,0.7058164004886051,0.694492788894739,herding,0.7059333595529326,-0.00011695906432751535,-0.01675775865694973,"[-2.59,-0.87]",0.8875,0.00021874827813180356,"{""boundary"": 0, ""herding"": 77, ""kcenter"": 0, ""kmeans"": 3, ""marc"": 0, ""random"": 0}"
repeat5_0.25,coverage3|marc_first|lcb=1|fb=herding|gap=0.05,80,0.7058164004886051,0.694492788894739,herding,0.7059333595529326,-0.00011695906432751535,-0.01675775865694973,"[-2.59,-0.87]",0.8875,0.00021874827813180356,"{""boundary"": 0, ""herding"": 77, ""kcenter"": 0, ""kmeans"": 3, ""marc"": 0, ""random"": 0}"
repeat5_0.25,centroid3|marc_first|lcb=0|fb=kmeans|gap=0,80,0.7058152295706053,0.694693286273343,herding,0.7059333595529326,-0.00011812998232729743,-0.01675892957494944,"[-2.62,-0.85]",0.525,0.0,"{""boundary"": 0, ""herding"": 17, ""kcenter"": 0, ""kmeans"": 56, ""marc"": 7, ""random"": 0}"
repeat5_0.25,centroid3|kmeans_first|lcb=0|fb=none|gap=0,80,0.7058152295706053,0.6947759582310149,herding,0.7059333595529326,-0.00011812998232729743,-0.01675892957494944,"[-2.59,-0.87]",0.0,0.0,"{""boundary"": 0, ""herding"": 18, ""kcenter"": 0, ""kmeans"": 52, ""marc"": 10, ""random"": 0}"
repeat5_0.25,centroid3|default|lcb=0|fb=kmeans|gap=0,80,0.7058152295706053,0.694693286273343,herding,0.7059333595529326,-0.00011812998232729743,-0.01675892957494944,"[-2.62,-0.85]",0.525,0.0,"{""boundary"": 0, ""herding"": 17, ""kcenter"": 0, ""kmeans"": 56, ""marc"": 7, ""random"": 0}"
repeat5_0.25,centroid3|kmeans_first|lcb=0|fb=kmeans|gap=0,80,0.7058152295706053,0.694693286273343,herding,0.7059333595529326,-0.00011812998232729743,-0.01675892957494944,"[-2.62,-0.85]",0.525,0.0,"{""boundary"": 0, ""herding"": 17, ""kcenter"": 0, ""kmeans"": 56, ""marc"": 7, ""random"": 0}"
repeat5_0.25,centroid3|marc_first|lcb=0|fb=none|gap=0,80,0.7058152295706053,0.6947759582310149,herding,0.7059333595529326,-0.00011812998232729743,-0.01675892957494944,"[-2.59,-0.87]",0.0,0.0,"{""boundary"": 0, ""herding"": 18, ""kcenter"": 0, ""kmeans"": 17, ""marc"": 45, ""random"": 0}"
repeat5_0.25,centroid3|herding_first|lcb=0|fb=kmeans|gap=0,80,0.7058152295706053,0.694693286273343,herding,0.7059333595529326,-0.00011812998232729743,-0.01675892957494944,"[-2.62,-0.85]",0.525,0.0,"{""boundary"": 0, ""herding"": 17, ""kcenter"": 0, ""kmeans"": 56, ""marc"": 7, ""random"": 0}"
repeat5_0.25,coverage3|marc_first|lcb=0.5|fb=herding|gap=0.01,80,0.7056750749525426,0.69431647306843,herding,0.7059333595529326,-0.000258284600390013,-0.016899084193012108,"[-2.61,-0.88]",0.725,0.00032720301861965256,"{""boundary"": 0, ""herding"": 67, ""kcenter"": 0, ""kmeans"": 13, ""marc"": 0, ""random"": 0}"
repeat5_0.25,coverage3|marc_first|lcb=0|fb=herding|gap=0.01,80,0.7056750749525426,0.69431647306843,herding,0.7059333595529326,-0.000258284600390013,-0.016899084193012108,"[-2.61,-0.88]",0.7125,0.00018192844147970136,"{""boundary"": 0, ""herding"": 66, ""kcenter"": 0, ""kmeans"": 14, ""marc"": 0, ""random"": 0}"
repeat5_0.25,coverage3|kmeans_first|lcb=0.25|fb=herding|gap=0.01,80,0.7056750749525426,0.69431647306843,herding,0.7059333595529326,-0.000258284600390013,-0.016899084193012108,"[-2.61,-0.88]",0.725,0.00034340934227256384,"{""boundary"": 0, ""herding"": 66, ""kcenter"": 0, ""kmeans"": 14, ""marc"": 0, ""random"": 0}"
repeat5_0.25,coverage3|kmeans_first|lcb=0|fb=herding|gap=0.01,80,0.7056750749525426,0.69431647306843,herding,0.7059333595529326,-0.000258284600390013,-0.016899084193012108,"[-2.61,-0.88]",0.7125,0.00018192844147970136,"{""boundary"": 0, ""herding"": 66, ""kcenter"": 0, ""kmeans"": 14, ""marc"": 0, ""random"": 0}"
repeat5_0.25,coverage3|marc_first|lcb=0.25|fb=herding|gap=0.01,80,0.7056750749525426,0.69431647306843,herding,0.7059333595529326,-0.000258284600390013,-0.016899084193012108,"[-2.61,-0.88]",0.725,0.00034340934227256384,"{""boundary"": 0, ""herding"": 66, ""kcenter"": 0, ""kmeans"": 14, ""marc"": 0, ""random"": 0}"
repeat5_0.25,coverage3|default|lcb=0|fb=herding|gap=0.01,80,0.7056750749525426,0.69431647306843,herding,0.7059333595529326,-0.000258284600390013,-0.016899084193012108,"[-2.61,-0.88]",0.7125,0.00018192844147970136,"{""boundary"": 0, ""herding"": 66, ""kcenter"": 0, ""kmeans"": 14, ""marc"": 0, ""random"": 0}"
repeat5_0.25,coverage3|herding_first|lcb=0.25|fb=herding|gap=0.01,80,0.7056750749525426,0.69431647306843,herding,0.7059333595529326,-0.000258284600390013,-0.016899084193012108,"[-2.61,-0.88]",0.725,0.00034340934227256384,"{""boundary"": 0, ""herding"": 66, ""kcenter"": 0, ""kmeans"": 14, ""marc"": 0, ""random"": 0}"
repeat5_0.25,coverage3|default|lcb=0.5|fb=herding|gap=0.01,80,0.7056750749525426,0.69431647306843,herding,0.7059333595529326,-0.000258284600390013,-0.016899084193012108,"[-2.61,-0.88]",0.725,0.00032720301861965256,"{""boundary"": 0, ""herding"": 67, ""kcenter"": 0, ""kmeans"": 13, ""marc"": 0, ""random"": 0}"
repeat5_0.25,coverage3|herding_first|lcb=0.5|fb=herding|gap=0.01,80,0.7056750749525426,0.69431647306843,herding,0.7059333595529326,-0.000258284600390013,-0.016899084193012108,"[-2.61,-0.88]",0.725,0.00032720301861965256,"{""boundary"": 0, ""herding"": 67, ""kcenter"": 0, ""kmeans"": 13, ""marc"": 0, ""random"": 0}"
repeat5_0.25,coverage3|herding_first|lcb=0|fb=herding|gap=0.01,80,0.7056750749525426,0.69431647306843,herding,0.7059333595529326,-0.000258284600390013,-0.016899084193012108,"[-2.61,-0.88]",0.7125,0.00018192844147970136,"{""boundary"": 0, ""herding"": 66, ""kcenter"": 0, ""kmeans"": 14, ""marc"": 0, ""random"": 0}"
repeat5_0.25,coverage3|kmeans_first|lcb=0.5|fb=herding|gap=0.01,80,0.7056750749525426,0.69431647306843,herding,0.7059333595529326,-0.000258284600390013,-0.016899084193012108,"[-2.61,-0.88]",0.725,0.00032720301861965256,"{""boundary"": 0, ""herding"": 67, ""kcenter"": 0, ""kmeans"": 13, ""marc"": 0, ""random"": 0}"
repeat5_0.25,coverage3|default|lcb=0.25|fb=herding|gap=0.01,80,0.7056750749525426,0.69431647306843,herding,0.7059333595529326,-0.000258284600390013,-0.016899084193012108,"[-2.61,-0.88]",0.725,0.00034340934227256384,"{""boundary"": 0, ""herding"": 66, ""kcenter"": 0, ""kmeans"": 14, ""marc"": 0, ""random"": 0}"
repeat5_0.25,coverage3|herding_first|lcb=1|fb=kmeans|gap=0.05,80,0.7056608955105013,0.6943945046561127,herding,0.7059333595529326,-0.0002724640424313085,-0.016913263635053518,"[-2.64,-0.85]",0.8875,0.00021874827813180356,"{""boundary"": 0, ""herding"": 6, ""kcenter"": 0, ""kmeans"": 74, ""marc"": 0, ""random"": 0}"
repeat5_0.25,representative4|kmeans_first|lcb=0.5|fb=kmeans|gap=0.02,80,0.7056608955105013,0.6943870641799222,herding,0.7059333595529326,-0.0002724640424313085,-0.016913263635053518,"[-2.64,-0.85]",0.875,0.0001735578502666986,"{""boundary"": 0, ""herding"": 5, ""kcenter"": 0, ""kmeans"": 75, ""marc"": 0, ""random"": 0}"
repeat5_0.25,representative4|marc_first|lcb=0|fb=kmeans|gap=0.01,80,0.7056608955105013,0.6943945046561127,herding,0.7059333595529326,-0.0002724640424313085,-0.016913263635053518,"[-2.64,-0.85]",0.8125,1.1102230246251565e-16,"{""boundary"": 0, ""herding"": 6, ""kcenter"": 0, ""kmeans"": 74, ""marc"": 0, ""random"": 0}"
repeat5_0.25,centroid3|herding_first|lcb=0|fb=kmeans|gap=0.01,80,0.7056608955105013,0.6943945046561127,herding,0.7059333595529326,-0.0002724640424313085,-0.016913263635053518,"[-2.64,-0.85]",0.8125,0.0,"{""boundary"": 0, ""herding"": 6, ""kcenter"": 0, ""kmeans"": 74, ""marc"": 0, ""random"": 0}"
repeat5_0.25,representative4|herding_first|lcb=0.5|fb=kmeans|gap=0.02,80,0.7056608955105013,0.6943870641799222,herding,0.7059333595529326,-0.0002724640424313085,-0.016913263635053518,"[-2.64,-0.85]",0.875,0.0001735578502666986,"{""boundary"": 0, ""herding"": 5, ""kcenter"": 0, ""kmeans"": 75, ""marc"": 0, ""random"": 0}"
repeat5_0.25,centroid3|marc_first|lcb=0.5|fb=kmeans|gap=0.02,80,0.7056608955105013,0.6943870641799222,herding,0.7059333595529326,-0.0002724640424313085,-0.016913263635053518,"[-2.64,-0.85]",0.875,0.00011262183166000153,"{""boundary"": 0, ""herding"": 5, ""kcenter"": 0, ""kmeans"": 75, ""marc"": 0, ""random"": 0}"
repeat5_0.25,centroid3|herding_first|lcb=0.25|fb=kmeans|gap=0.02,80,0.7056608955105013,0.6943870641799222,herding,0.7059333595529326,-0.0002724640424313085,-0.016913263635053518,"[-2.64,-0.85]",0.8875,0.00014727513656985491,"{""boundary"": 0, ""herding"": 5, ""kcenter"": 0, ""kmeans"": 75, ""marc"": 0, ""random"": 0}"
repeat5_0.25,representative4|default|lcb=0|fb=kmeans|gap=0.01,80,0.7056608955105013,0.6943945046561127,herding,0.7059333595529326,-0.0002724640424313085,-0.016913263635053518,"[-2.64,-0.85]",0.8125,1.1102230246251565e-16,"{""boundary"": 0, ""herding"": 6, ""kcenter"": 0, ""kmeans"": 74, ""marc"": 0, ""random"": 0}"
repeat5_0.25,representative4|herding_first|lcb=0.25|fb=kmeans|gap=0.01,80,0.7056608955105013,0.6943945046561127,herding,0.7059333595529326,-0.0002724640424313085,-0.016913263635053518,"[-2.64,-0.85]",0.8125,0.00022322525624312445,"{""boundary"": 0, ""herding"": 6, ""kcenter"": 0, ""kmeans"": 74, ""marc"": 0, ""random"": 0}"
repeat5_0.25,representative4|herding_first|lcb=0.25|fb=kmeans|gap=0.02,80,0.7056608955105013,0.6943870641799222,herding,0.7059333595529326,-0.0002724640424313085,-0.016913263635053518,"[-2.64,-0.85]",0.8875,0.00022322525624312445,"{""boundary"": 0, ""herding"": 5, ""kcenter"": 0, ""kmeans"": 75, ""marc"": 0, ""random"": 0}"
repeat5_0.25,representative4|marc_first|lcb=0.5|fb=kmeans|gap=0.02,80,0.7056608955105013,0.6943870641799222,herding,0.7059333595529326,-0.0002724640424313085,-0.016913263635053518,"[-2.64,-0.85]",0.875,0.0001735578502666986,"{""boundary"": 0, ""herding"": 5, ""kcenter"": 0, ""kmeans"": 75, ""marc"": 0, ""random"": 0}"
repeat5_0.25,centroid3|herding_first|lcb=0.5|fb=kmeans|gap=0.02,80,0.7056608955105013,0.6943870641799222,herding,0.7059333595529326,-0.0002724640424313085,-0.016913263635053518,"[-2.64,-0.85]",0.875,0.00011262183166000153,"{""boundary"": 0, ""herding"": 5, ""kcenter"": 0, ""kmeans"": 75, ""marc"": 0, ""random"": 0}"
repeat5_0.25,centroid3|kmeans_first|lcb=0|fb=kmeans|gap=0.01,80,0.7056608955105013,0.6943945046561127,herding,0.7059333595529326,-0.0002724640424313085,-0.016913263635053518,"[-2.64,-0.85]",0.8125,0.0,"{""boundary"": 0, ""herding"": 6, ""kcenter"": 0, ""kmeans"": 74, ""marc"": 0, ""random"": 0}"
repeat5_0.25,centroid3|kmeans_first|lcb=0.25|fb=kmeans|gap=0.01,80,0.7056608955105013,0.6943945046561127,herding,0.7059333595529326,-0.0002724640424313085,-0.016913263635053518,"[-2.64,-0.85]",0.8125,0.00014727513656985491,"{""boundary"": 0, ""herding"": 6, ""kcenter"": 0, ""kmeans"": 74, ""marc"": 0, ""random"": 0}"
repeat5_0.25,representative4|herding_first|lcb=0|fb=kmeans|gap=0.01,80,0.7056608955105013,0.6943945046561127,herding,0.7059333595529326,-0.0002724640424313085,-0.016913263635053518,"[-2.64,-0.85]",0.8125,1.1102230246251565e-16,"{""boundary"": 0, ""herding"": 6, ""kcenter"": 0, ""kmeans"": 74, ""marc"": 0, ""random"": 0}"
repeat5_0.25,centroid3|default|lcb=0|fb=kmeans|gap=0.01,80,0.7056608955105013,0.6943945046561127,herding,0.7059333595529326,-0.0002724640424313085,-0.016913263635053518,"[-2.64,-0.85]",0.8125,0.0,"{""boundary"": 0, ""herding"": 6, ""kcenter"": 0, ""kmeans"": 74, ""marc"": 0, ""random"": 0}"
repeat5_0.25,centroid3|herding_first|lcb=0.25|fb=kmeans|gap=0.01,80,0.7056608955105013,0.6943945046561127,herding,0.7059333595529326,-0.0002724640424313085,-0.016913263635053518,"[-2.64,-0.85]",0.8125,0.00014727513656985491,"{""boundary"": 0, ""herding"": 6, ""kcenter"": 0, ""kmeans"": 74, ""marc"": 0, ""random"": 0}"
repeat5_0.25,centroid3|default|lcb=0.25|fb=kmeans|gap=0.02,80,0.7056608955105013,0.6943870641799222,herding,0.7059333595529326,-0.0002724640424313085,-0.016913263635053518,"[-2.64,-0.85]",0.8875,0.00014727513656985491,"{""boundary"": 0, ""herding"": 5, ""kcenter"": 0, ""kmeans"": 75, ""marc"": 0, ""random"": 0}"
repeat5_0.25,centroid3|marc_first|lcb=0.25|fb=kmeans|gap=0.02,80,0.7056608955105013,0.6943870641799222,herding,0.7059333595529326,-0.0002724640424313085,-0.016913263635053518,"[-2.64,-0.85]",0.8875,0.00014727513656985491,"{""boundary"": 0, ""herding"": 5, ""kcenter"": 0, ""kmeans"": 75, ""marc"": 0, ""random"": 0}"
repeat5_0.25,representative4|marc_first|lcb=0.25|fb=kmeans|gap=0.01,80,0.7056608955105013,0.6943945046561127,herding,0.7059333595529326,-0.0002724640424313085,-0.016913263635053518,"[-2.64,-0.85]",0.8125,0.00022322525624312445,"{""boundary"": 0, ""herding"": 6, ""kcenter"": 0, ""kmeans"": 74, ""marc"": 0, ""random"": 0}"
repeat5_0.25,centroid3|marc_first|lcb=0|fb=kmeans|gap=0.01,80,0.7056608955105013,0.6943945046561127,herding,0.7059333595529326,-0.0002724640424313085,-0.016913263635053518,"[-2.64,-0.85]",0.8125,0.0,"{""boundary"": 0, ""herding"": 6, ""kcenter"": 0, ""kmeans"": 74, ""marc"": 0, ""random"": 0}"
repeat5_0.25,centroid3|kmeans_first|lcb=0.25|fb=kmeans|gap=0.02,80,0.7056608955105013,0.6943870641799222,herding,0.7059333595529326,-0.0002724640424313085,-0.016913263635053518,"[-2.64,-0.85]",0.8875,0.00014727513656985491,"{""boundary"": 0, ""herding"": 5, ""kcenter"": 0, ""kmeans"": 75, ""marc"": 0, ""random"": 0}"
repeat5_0.25,representative4|kmeans_first|lcb=0.25|fb=kmeans|gap=0.02,80,0.7056608955105013,0.6943870641799222,herding,0.7059333595529326,-0.0002724640424313085,-0.016913263635053518,"[-2.64,-0.85]",0.8875,0.00022322525624312445,"{""boundary"": 0, ""herding"": 5, ""kcenter"": 0, ""kmeans"": 75, ""marc"": 0, ""random"": 0}"
repeat5_0.25,centroid3|default|lcb=0.25|fb=kmeans|gap=0.01,80,0.7056608955105013,0.6943945046561127,herding,0.7059333595529326,-0.0002724640424313085,-0.016913263635053518,"[-2.64,-0.85]",0.8125,0.00014727513656985491,"{""boundary"": 0, ""herding"": 6, ""kcenter"": 0, ""kmeans"": 74, ""marc"": 0, ""random"": 0}"
repeat5_0.25,representative4|marc_first|lcb=0.25|fb=kmeans|gap=0.02,80,0.7056608955105013,0.6943870641799222,herding,0.7059333595529326,-0.0002724640424313085,-0.016913263635053518,"[-2.64,-0.85]",0.8875,0.00022322525624312445,"{""boundary"": 0, ""herding"": 5, ""kcenter"": 0, ""kmeans"": 75, ""marc"": 0, ""random"": 0}"
repeat5_0.25,representative4|kmeans_first|lcb=0|fb=kmeans|gap=0.01,80,0.7056608955105013,0.6943945046561127,herding,0.7059333595529326,-0.0002724640424313085,-0.016913263635053518,"[-2.64,-0.85]",0.8125,1.1102230246251565e-16,"{""boundary"": 0, ""herding"": 6, ""kcenter"": 0, ""kmeans"": 74, ""marc"": 0, ""random"": 0}"
repeat5_0.25,coverage3|default|lcb=1|fb=kmeans|gap=0.05,80,0.7056608955105013,0.6943945046561127,herding,0.7059333595529326,-0.0002724640424313085,-0.016913263635053518,"[-2.64,-0.85]",0.8875,0.00021874827813180356,"{""boundary"": 0, ""herding"": 6, ""kcenter"": 0, ""kmeans"": 74, ""marc"": 0, ""random"": 0}"
repeat5_0.25,representative4|default|lcb=0.25|fb=kmeans|gap=0.01,80,0.7056608955105013,0.6943945046561127,herding,0.7059333595529326,-0.0002724640424313085,-0.016913263635053518,"[-2.64,-0.85]",0.8125,0.00022322525624312445,"{""boundary"": 0, ""herding"": 6, ""kcenter"": 0, ""kmeans"": 74, ""marc"": 0, ""random"": 0}"
repeat5_0.25,centroid3|default|lcb=0.5|fb=kmeans|gap=0.02,80,0.7056608955105013,0.6943870641799222,herding,0.7059333595529326,-0.0002724640424313085,-0.016913263635053518,"[-2.64,-0.85]",0.875,0.00011262183166000153,"{""boundary"": 0, ""herding"": 5, ""kcenter"": 0, ""kmeans"": 75, ""marc"": 0, ""random"": 0}"
repeat5_0.25,coverage3|marc_first|lcb=1|fb=kmeans|gap=0.05,80,0.7056608955105013,0.6943945046561127,herding,0.7059333595529326,-0.0002724640424313085,-0.016913263635053518,"[-2.64,-0.85]",0.8875,0.00021874827813180356,"{""boundary"": 0, ""herding"": 6, ""kcenter"": 0, ""kmeans"": 74, ""marc"": 0, ""random"": 0}"
repeat5_0.25,representative4|kmeans_first|lcb=0.25|fb=kmeans|gap=0.01,80,0.7056608955105013,0.6943945046561127,herding,0.7059333595529326,-0.0002724640424313085,-0.016913263635053518,"[-2.64,-0.85]",0.8125,0.00022322525624312445,"{""boundary"": 0, ""herding"": 6, ""kcenter"": 0, ""kmeans"": 74, ""marc"": 0, ""random"": 0}"
repeat5_0.25,coverage3|kmeans_first|lcb=1|fb=kmeans|gap=0.05,80,0.7056608955105013,0.6943945046561127,herding,0.7059333595529326,-0.0002724640424313085,-0.016913263635053518,"[-2.64,-0.85]",0.8875,0.00021874827813180356,"{""boundary"": 0, ""herding"": 6, ""kcenter"": 0, ""kmeans"": 74, ""marc"": 0, ""random"": 0}"
repeat5_0.25,representative4|default|lcb=0.5|fb=kmeans|gap=0.02,80,0.7056608955105013,0.6943870641799222,herding,0.7059333595529326,-0.0002724640424313085,-0.016913263635053518,"[-2.64,-0.85]",0.875,0.0001735578502666986,"{""boundary"": 0, ""herding"": 5, ""kcenter"": 0, ""kmeans"": 75, ""marc"": 0, ""random"": 0}"
repeat5_0.25,representative4|default|lcb=0.25|fb=kmeans|gap=0.02,80,0.7056608955105013,0.6943870641799222,herding,0.7059333595529326,-0.0002724640424313085,-0.016913263635053518,"[-2.64,-0.85]",0.8875,0.00022322525624312445,"{""boundary"": 0, ""herding"": 5, ""kcenter"": 0, ""kmeans"": 75, ""marc"": 0, ""random"": 0}"
repeat5_0.25,centroid3|kmeans_first|lcb=0.5|fb=kmeans|gap=0.02,80,0.7056608955105013,0.6943870641799222,herding,0.7059333595529326,-0.0002724640424313085,-0.016913263635053518,"[-2.64,-0.85]",0.875,0.00011262183166000153,"{""boundary"": 0, ""herding"": 5, ""kcenter"": 0, ""kmeans"": 75, ""marc"": 0, ""random"": 0}"
repeat5_0.25,centroid3|marc_first|lcb=0.25|fb=kmeans|gap=0.01,80,0.7056608955105013,0.6943945046561127,herding,0.7059333595529326,-0.0002724640424313085,-0.016913263635053518,"[-2.64,-0.85]",0.8125,0.00014727513656985491,"{""boundary"": 0, ""herding"": 6, ""kcenter"": 0, ""kmeans"": 74, ""marc"": 0, ""random"": 0}"
repeat5_0.25,coverage3|herding_first|lcb=0|fb=herding|gap=0.005,80,0.7056287786562463,0.6942581565346272,herding,0.7059333595529326,-0.0003045808966862795,-0.016945380489308402,"[-2.61,-0.89]",0.6875,0.00018192844147970136,"{""boundary"": 0, ""herding"": 65, ""kcenter"": 0, ""kmeans"": 15, ""marc"": 0, ""random"": 0}"
repeat5_0.25,coverage3|default|lcb=0|fb=herding|gap=0.005,80,0.7056287786562463,0.6942581565346272,herding,0.7059333595529326,-0.0003045808966862795,-0.016945380489308402,"[-2.61,-0.89]",0.6875,0.00018192844147970136,"{""boundary"": 0, ""herding"": 65, ""kcenter"": 0, ""kmeans"": 15, ""marc"": 0, ""random"": 0}"
repeat5_0.25,coverage3|kmeans_first|lcb=0|fb=herding|gap=0.005,80,0.7056287786562463,0.6942581565346272,herding,0.7059333595529326,-0.0003045808966862795,-0.016945380489308402,"[-2.61,-0.89]",0.6875,0.00018192844147970136,"{""boundary"": 0, ""herding"": 65, ""kcenter"": 0, ""kmeans"": 15, ""marc"": 0, ""random"": 0}"
repeat5_0.25,coverage3|marc_first|lcb=0|fb=herding|gap=0.005,80,0.7056287786562463,0.6942581565346272,herding,0.7059333595529326,-0.0003045808966862795,-0.016945380489308402,"[-2.61,-0.89]",0.6875,0.00018192844147970136,"{""boundary"": 0, ""herding"": 65, ""kcenter"": 0, ""kmeans"": 15, ""marc"": 0, ""random"": 0}"
repeat5_0.25,no_boundary|herding_first|lcb=1|fb=kmeans|gap=0.05,80,0.7054679314994439,0.6943210270976439,herding,0.7059333595529326,-0.0004654280534887034,-0.017106227646110916,"[-2.66,-0.87]",0.95,0.002204584963417973,"{""boundary"": 0, ""herding"": 2, ""kcenter"": 0, ""kmeans"": 77, ""marc"": 0, ""random"": 1}"
repeat5_0.25,no_boundary|default|lcb=1|fb=kmeans|gap=0.05,80,0.7054679314994439,0.6943210270976439,herding,0.7059333595529326,-0.0004654280534887034,-0.017106227646110916,"[-2.66,-0.87]",0.95,0.002204584963417973,"{""boundary"": 0, ""herding"": 2, ""kcenter"": 0, ""kmeans"": 77, ""marc"": 0, ""random"": 1}"
repeat5_0.25,no_boundary|kmeans_first|lcb=1|fb=kmeans|gap=0.05,80,0.7054679314994439,0.6943210270976439,herding,0.7059333595529326,-0.0004654280534887034,-0.017106227646110916,"[-2.66,-0.87]",0.95,0.002204584963417973,"{""boundary"": 0, ""herding"": 2, ""kcenter"": 0, ""kmeans"": 77, ""marc"": 0, ""random"": 1}"
repeat5_0.25,no_boundary|marc_first|lcb=1|fb=kmeans|gap=0.05,80,0.7054679314994439,0.6943210270976439,herding,0.7059333595529326,-0.0004654280534887034,-0.017106227646110916,"[-2.66,-0.87]",0.95,0.002204584963417973,"{""boundary"": 0, ""herding"": 2, ""kcenter"": 0, ""kmeans"": 77, ""marc"": 0, ""random"": 1}"
repeat5_0.25,coverage3|kmeans_first|lcb=0|fb=kmeans|gap=0.02,80,0.7047349695845753,0.693398430813124,herding,0.7059333595529326,-0.0011983899683573052,-0.017839189560979445,"[-2.74,-0.92]",0.8375,0.00018192844147970136,"{""boundary"": 0, ""herding"": 6, ""kcenter"": 0, ""kmeans"": 74, ""marc"": 0, ""random"": 0}"
repeat5_0.25,coverage3|default|lcb=0|fb=kmeans|gap=0.02,80,0.7047349695845753,0.693398430813124,herding,0.7059333595529326,-0.0011983899683573052,-0.017839189560979445,"[-2.74,-0.92]",0.8375,0.00018192844147970136,"{""boundary"": 0, ""herding"": 6, ""kcenter"": 0, ""kmeans"": 74, ""marc"": 0, ""random"": 0}"
repeat5_0.25,coverage3|marc_first|lcb=0|fb=kmeans|gap=0.02,80,0.7047349695845753,0.693398430813124,herding,0.7059333595529326,-0.0011983899683573052,-0.017839189560979445,"[-2.74,-0.92]",0.8375,0.00018192844147970136,"{""boundary"": 0, ""herding"": 6, ""kcenter"": 0, ""kmeans"": 74, ""marc"": 0, ""random"": 0}"
repeat5_0.25,coverage3|herding_first|lcb=0|fb=kmeans|gap=0.02,80,0.7047349695845753,0.693398430813124,herding,0.7059333595529326,-0.0011983899683573052,-0.017839189560979445,"[-2.74,-0.92]",0.8375,0.00018192844147970136,"{""boundary"": 0, ""herding"": 6, ""kcenter"": 0, ""kmeans"": 74, ""marc"": 0, ""random"": 0}"
repeat5_0.25,coverage3|marc_first|lcb=0.25|fb=kmeans|gap=0.05,80,0.7045034881030938,0.6931458922977178,herding,0.7059333595529326,-0.0014298714498387488,-0.018070671042460927,"[-2.77,-0.94]",0.9375,0.00034340934227256384,"{""boundary"": 0, ""herding"": 4, ""kcenter"": 0, ""kmeans"": 76, ""marc"": 0, ""random"": 0}"
repeat5_0.25,centroid3|default|lcb=0|fb=kmeans|gap=0.02,80,0.7045034881030938,0.6931458922977178,herding,0.7059333595529326,-0.0014298714498387488,-0.018070671042460927,"[-2.77,-0.94]",0.9125,0.0,"{""boundary"": 0, ""herding"": 3, ""kcenter"": 0, ""kmeans"": 77, ""marc"": 0, ""random"": 0}"
repeat5_0.25,centroid3|kmeans_first|lcb=0|fb=kmeans|gap=0.02,80,0.7045034881030938,0.6931458922977178,herding,0.7059333595529326,-0.0014298714498387488,-0.018070671042460927,"[-2.77,-0.94]",0.9125,0.0,"{""boundary"": 0, ""herding"": 3, ""kcenter"": 0, ""kmeans"": 77, ""marc"": 0, ""random"": 0}"
repeat5_0.25,representative4|herding_first|lcb=0|fb=kmeans|gap=0.02,80,0.7045034881030938,0.6931458922977178,herding,0.7059333595529326,-0.0014298714498387488,-0.018070671042460927,"[-2.77,-0.94]",0.9125,1.1102230246251565e-16,"{""boundary"": 0, ""herding"": 3, ""kcenter"": 0, ""kmeans"": 77, ""marc"": 0, ""random"": 0}"
repeat5_0.25,centroid3|marc_first|lcb=0|fb=kmeans|gap=0.02,80,0.7045034881030938,0.6931458922977178,herding,0.7059333595529326,-0.0014298714498387488,-0.018070671042460927,"[-2.77,-0.94]",0.9125,0.0,"{""boundary"": 0, ""herding"": 3, ""kcenter"": 0, ""kmeans"": 77, ""marc"": 0, ""random"": 0}"
repeat5_0.25,coverage3|herding_first|lcb=0.25|fb=kmeans|gap=0.05,80,0.7045034881030938,0.6931458922977178,herding,0.7059333595529326,-0.0014298714498387488,-0.018070671042460927,"[-2.77,-0.94]",0.9375,0.00034340934227256384,"{""boundary"": 0, ""herding"": 4, ""kcenter"": 0, ""kmeans"": 76, ""marc"": 0, ""random"": 0}"
repeat5_0.25,coverage3|default|lcb=0.5|fb=kmeans|gap=0.05,80,0.7045034881030938,0.6931458922977178,herding,0.7059333595529326,-0.0014298714498387488,-0.018070671042460927,"[-2.77,-0.94]",0.9375,0.00032720301861965256,"{""boundary"": 0, ""herding"": 4, ""kcenter"": 0, ""kmeans"": 76, ""marc"": 0, ""random"": 0}"
repeat5_0.25,coverage3|kmeans_first|lcb=0.25|fb=kmeans|gap=0.05,80,0.7045034881030938,0.6931458922977178,herding,0.7059333595529326,-0.0014298714498387488,-0.018070671042460927,"[-2.77,-0.94]",0.9375,0.00034340934227256384,"{""boundary"": 0, ""herding"": 4, ""kcenter"": 0, ""kmeans"": 76, ""marc"": 0, ""random"": 0}"
repeat5_0.25,coverage3|default|lcb=0.25|fb=kmeans|gap=0.05,80,0.7045034881030938,0.6931458922977178,herding,0.7059333595529326,-0.0014298714498387488,-0.018070671042460927,"[-2.77,-0.94]",0.9375,0.00034340934227256384,"{""boundary"": 0, ""herding"": 4, ""kcenter"": 0, ""kmeans"": 76, ""marc"": 0, ""random"": 0}"
repeat5_0.25,coverage3|marc_first|lcb=0.5|fb=kmeans|gap=0.05,80,0.7045034881030938,0.6931458922977178,herding,0.7059333595529326,-0.0014298714498387488,-0.018070671042460927,"[-2.77,-0.94]",0.9375,0.00032720301861965256,"{""boundary"": 0, ""herding"": 4, ""kcenter"": 0, ""kmeans"": 76, ""marc"": 0, ""random"": 0}"
repeat5_0.25,representative4|kmeans_first|lcb=0|fb=kmeans|gap=0.02,80,0.7045034881030938,0.6931458922977178,herding,0.7059333595529326,-0.0014298714498387488,-0.018070671042460927,"[-2.77,-0.94]",0.9125,1.1102230246251565e-16,"{""boundary"": 0, ""herding"": 3, ""kcenter"": 0, ""kmeans"": 77, ""marc"": 0, ""random"": 0}"
repeat5_0.25,representative4|default|lcb=0|fb=kmeans|gap=0.02,80,0.7045034881030938,0.6931458922977178,herding,0.7059333595529326,-0.0014298714498387488,-0.018070671042460927,"[-2.77,-0.94]",0.9125,1.1102230246251565e-16,"{""boundary"": 0, ""herding"": 3, ""kcenter"": 0, ""kmeans"": 77, ""marc"": 0, ""random"": 0}"
repeat5_0.25,coverage3|kmeans_first|lcb=0.5|fb=kmeans|gap=0.05,80,0.7045034881030938,0.6931458922977178,herding,0.7059333595529326,-0.0014298714498387488,-0.018070671042460927,"[-2.77,-0.94]",0.9375,0.00032720301861965256,"{""boundary"": 0, ""herding"": 4, ""kcenter"": 0, ""kmeans"": 76, ""marc"": 0, ""random"": 0}"
repeat5_0.25,coverage3|herding_first|lcb=0.5|fb=kmeans|gap=0.05,80,0.7045034881030938,0.6931458922977178,herding,0.7059333595529326,-0.0014298714498387488,-0.018070671042460927,"[-2.77,-0.94]",0.9375,0.00032720301861965256,"{""boundary"": 0, ""herding"": 4, ""kcenter"": 0, ""kmeans"": 76, ""marc"": 0, ""random"": 0}"
repeat5_0.25,representative4|marc_first|lcb=0|fb=kmeans|gap=0.02,80,0.7045034881030938,0.6931458922977178,herding,0.7059333595529326,-0.0014298714498387488,-0.018070671042460927,"[-2.77,-0.94]",0.9125,1.1102230246251565e-16,"{""boundary"": 0, ""herding"": 3, ""kcenter"": 0, ""kmeans"": 77, ""marc"": 0, ""random"": 0}"
repeat5_0.25,centroid3|herding_first|lcb=0|fb=kmeans|gap=0.02,80,0.7045034881030938,0.6931458922977178,herding,0.7059333595529326,-0.0014298714498387488,-0.018070671042460927,"[-2.77,-0.94]",0.9125,0.0,"{""boundary"": 0, ""herding"": 3, ""kcenter"": 0, ""kmeans"": 77, ""marc"": 0, ""random"": 0}"
repeat5_0.25,no_random|kmeans_first|lcb=1|fb=kmeans|gap=0.05,80,0.7043183029179086,0.6928107202370922,herding,0.7059333595529326,-0.001615056635023926,-0.01825585622764611,"[-2.79,-0.97]",0.9625,0.00687146966882074,"{""boundary"": 0, ""herding"": 2, ""kcenter"": 0, ""kmeans"": 78, ""marc"": 0, ""random"": 0}"
repeat5_0.25,centroid3|herding_first|lcb=1|fb=kmeans|gap=0.05,80,0.7043183029179086,0.6928107202370922,herding,0.7059333595529326,-0.001615056635023926,-0.01825585622764611,"[-2.79,-0.97]",0.9625,5.199400772134752e-05,"{""boundary"": 0, ""herding"": 2, ""kcenter"": 0, ""kmeans"": 78, ""marc"": 0, ""random"": 0}"
repeat5_0.25,centroid3|default|lcb=1|fb=kmeans|gap=0.05,80,0.7043183029179086,0.6928107202370922,herding,0.7059333595529326,-0.001615056635023926,-0.01825585622764611,"[-2.79,-0.97]",0.9625,5.199400772134752e-05,"{""boundary"": 0, ""herding"": 2, ""kcenter"": 0, ""kmeans"": 78, ""marc"": 0, ""random"": 0}"
repeat5_0.25,no_random|herding_first|lcb=1|fb=kmeans|gap=0.05,80,0.7043183029179086,0.6928107202370922,herding,0.7059333595529326,-0.001615056635023926,-0.01825585622764611,"[-2.79,-0.97]",0.9625,0.00687146966882074,"{""boundary"": 0, ""herding"": 2, ""kcenter"": 0, ""kmeans"": 78, ""marc"": 0, ""random"": 0}"
repeat5_0.25,all6|default|lcb=1|fb=kmeans|gap=0.05,80,0.7043183029179086,0.6928107202370922,herding,0.7059333595529326,-0.001615056635023926,-0.01825585622764611,"[-2.79,-0.97]",0.9625,0.0036774117582820676,"{""boundary"": 0, ""herding"": 2, ""kcenter"": 0, ""kmeans"": 78, ""marc"": 0, ""random"": 0}"
repeat5_0.25,all6|kmeans_first|lcb=1|fb=kmeans|gap=0.05,80,0.7043183029179086,0.6928107202370922,herding,0.7059333595529326,-0.001615056635023926,-0.01825585622764611,"[-2.79,-0.97]",0.9625,0.0036774117582820676,"{""boundary"": 0, ""herding"": 2, ""kcenter"": 0, ""kmeans"": 78, ""marc"": 0, ""random"": 0}"
repeat5_0.25,centroid3|marc_first|lcb=1|fb=kmeans|gap=0.05,80,0.7043183029179086,0.6928107202370922,herding,0.7059333595529326,-0.001615056635023926,-0.01825585622764611,"[-2.79,-0.97]",0.9625,5.199400772134752e-05,"{""boundary"": 0, ""herding"": 2, ""kcenter"": 0, ""kmeans"": 78, ""marc"": 0, ""random"": 0}"
repeat5_0.25,representative4|herding_first|lcb=1|fb=kmeans|gap=0.05,80,0.7043183029179086,0.6928107202370922,herding,0.7059333595529326,-0.001615056635023926,-0.01825585622764611,"[-2.79,-0.97]",0.9625,0.0001679704602696036,"{""boundary"": 0, ""herding"": 2, ""kcenter"": 0, ""kmeans"": 78, ""marc"": 0, ""random"": 0}"
repeat5_0.25,no_random|marc_first|lcb=1|fb=kmeans|gap=0.05,80,0.7043183029179086,0.6928107202370922,herding,0.7059333595529326,-0.001615056635023926,-0.01825585622764611,"[-2.79,-0.97]",0.9625,0.00687146966882074,"{""boundary"": 0, ""herding"": 2, ""kcenter"": 0, ""kmeans"": 78, ""marc"": 0, ""random"": 0}"
repeat5_0.25,representative4|default|lcb=1|fb=kmeans|gap=0.05,80,0.7043183029179086,0.6928107202370922,herding,0.7059333595529326,-0.001615056635023926,-0.01825585622764611,"[-2.79,-0.97]",0.9625,0.0001679704602696036,"{""boundary"": 0, ""herding"": 2, ""kcenter"": 0, ""kmeans"": 78, ""marc"": 0, ""random"": 0}"
repeat5_0.25,all6|marc_first|lcb=1|fb=kmeans|gap=0.05,80,0.7043183029179086,0.6928107202370922,herding,0.7059333595529326,-0.001615056635023926,-0.01825585622764611,"[-2.79,-0.97]",0.9625,0.0036774117582820676,"{""boundary"": 0, ""herding"": 2, ""kcenter"": 0, ""kmeans"": 78, ""marc"": 0, ""random"": 0}"
repeat5_0.25,all6|herding_first|lcb=1|fb=kmeans|gap=0.05,80,0.7043183029179086,0.6928107202370922,herding,0.7059333595529326,-0.001615056635023926,-0.01825585622764611,"[-2.79,-0.97]",0.9625,0.0036774117582820676,"{""boundary"": 0, ""herding"": 2, ""kcenter"": 0, ""kmeans"": 78, ""marc"": 0, ""random"": 0}"
repeat5_0.25,representative4|kmeans_first|lcb=1|fb=kmeans|gap=0.05,80,0.7043183029179086,0.6928107202370922,herding,0.7059333595529326,-0.001615056635023926,-0.01825585622764611,"[-2.79,-0.97]",0.9625,0.0001679704602696036,"{""boundary"": 0, ""herding"": 2, ""kcenter"": 0, ""kmeans"": 78, ""marc"": 0, ""random"": 0}"
repeat5_0.25,representative4|marc_first|lcb=1|fb=kmeans|gap=0.05,80,0.7043183029179086,0.6928107202370922,herding,0.7059333595529326,-0.001615056635023926,-0.01825585622764611,"[-2.79,-0.97]",0.9625,0.0001679704602696036,"{""boundary"": 0, ""herding"": 2, ""kcenter"": 0, ""kmeans"": 78, ""marc"": 0, ""random"": 0}"
repeat5_0.25,centroid3|kmeans_first|lcb=1|fb=kmeans|gap=0.05,80,0.7043183029179086,0.6928107202370922,herding,0.7059333595529326,-0.001615056635023926,-0.01825585622764611,"[-2.79,-0.97]",0.9625,5.199400772134752e-05,"{""boundary"": 0, ""herding"": 2, ""kcenter"": 0, ""kmeans"": 78, ""marc"": 0, ""random"": 0}"
repeat5_0.25,no_random|default|lcb=1|fb=kmeans|gap=0.05,80,0.7043183029179086,0.6928107202370922,herding,0.7059333595529326,-0.001615056635023926,-0.01825585622764611,"[-2.79,-0.97]",0.9625,0.00687146966882074,"{""boundary"": 0, ""herding"": 2, ""kcenter"": 0, ""kmeans"": 78, ""marc"": 0, ""random"": 0}"
repeat5_0.25,all6|kmeans_first|lcb=0.5|fb=kmeans|gap=0.05,80,0.7043105240920365,0.6930798552154395,herding,0.7059333595529326,-0.0016228354608960327,-0.018263635053518322,"[-2.79,-0.96]",0.9625,0.0023768785528426872,"{""boundary"": 0, ""herding"": 1, ""kcenter"": 0, ""kmeans"": 78, ""marc"": 0, ""random"": 1}"
repeat5_0.25,all6|default|lcb=0.5|fb=kmeans|gap=0.05,80,0.7043105240920365,0.6930798552154395,herding,0.7059333595529326,-0.0016228354608960327,-0.018263635053518322,"[-2.79,-0.96]",0.9625,0.0023768785528426872,"{""boundary"": 0, ""herding"": 1, ""kcenter"": 0, ""kmeans"": 78, ""marc"": 0, ""random"": 1}"
repeat5_0.25,all6|herding_first|lcb=0.5|fb=kmeans|gap=0.05,80,0.7043105240920365,0.6930798552154395,herding,0.7059333595529326,-0.0016228354608960327,-0.018263635053518322,"[-2.79,-0.96]",0.9625,0.0023768785528426872,"{""boundary"": 0, ""herding"": 1, ""kcenter"": 0, ""kmeans"": 78, ""marc"": 0, ""random"": 1}"
repeat5_0.25,all6|marc_first|lcb=0.5|fb=kmeans|gap=0.05,80,0.7043105240920365,0.6930798552154395,herding,0.7059333595529326,-0.0016228354608960327,-0.018263635053518322,"[-2.79,-0.96]",0.9625,0.0023768785528426872,"{""boundary"": 0, ""herding"": 1, ""kcenter"": 0, ""kmeans"": 78, ""marc"": 0, ""random"": 1}"
repeat5_0.25,coverage3|kmeans_first|lcb=0|fb=kmeans|gap=0.05,80,0.7033923769919828,0.691812386138844,herding,0.7059333595529326,-0.0025409825609498116,-0.01918178215357204,"[-2.89,-1.03]",0.95,0.00018192844147970136,"{""boundary"": 0, ""herding"": 3, ""kcenter"": 0, ""kmeans"": 77, ""marc"": 0, ""random"": 0}"
repeat5_0.25,coverage3|herding_first|lcb=0|fb=kmeans|gap=0.05,80,0.7033923769919828,0.691812386138844,herding,0.7059333595529326,-0.0025409825609498116,-0.01918178215357204,"[-2.89,-1.03]",0.95,0.00018192844147970136,"{""boundary"": 0, ""herding"": 3, ""kcenter"": 0, ""kmeans"": 77, ""marc"": 0, ""random"": 0}"
repeat5_0.25,coverage3|default|lcb=0|fb=kmeans|gap=0.05,80,0.7033923769919828,0.691812386138844,herding,0.7059333595529326,-0.0025409825609498116,-0.01918178215357204,"[-2.89,-1.03]",0.95,0.00018192844147970136,"{""boundary"": 0, ""herding"": 3, ""kcenter"": 0, ""kmeans"": 77, ""marc"": 0, ""random"": 0}"
repeat5_0.25,coverage3|marc_first|lcb=0|fb=kmeans|gap=0.05,80,0.7033923769919828,0.691812386138844,herding,0.7059333595529326,-0.0025409825609498116,-0.01918178215357204,"[-2.89,-1.03]",0.95,0.00018192844147970136,"{""boundary"": 0, ""herding"": 3, ""kcenter"": 0, ""kmeans"": 77, ""marc"": 0, ""random"": 0}"
repeat5_0.25,centroid3|marc_first|lcb=0.25|fb=kmeans|gap=0.05,80,0.7031608955105012,0.6915695483548878,herding,0.7059333595529326,-0.0027724640424313662,-0.01941326363505352,"[-2.91,-1.06]",0.9875,0.00014727513656985491,"{""boundary"": 0, ""herding"": 1, ""kcenter"": 0, ""kmeans"": 79, ""marc"": 0, ""random"": 0}"
repeat5_0.25,centroid3|default|lcb=0.25|fb=kmeans|gap=0.05,80,0.7031608955105012,0.6915695483548878,herding,0.7059333595529326,-0.0027724640424313662,-0.01941326363505352,"[-2.91,-1.06]",0.9875,0.00014727513656985491,"{""boundary"": 0, ""herding"": 1, ""kcenter"": 0, ""kmeans"": 79, ""marc"": 0, ""random"": 0}"
repeat5_0.25,centroid3|marc_first|lcb=0.5|fb=kmeans|gap=0.05,80,0.7031608955105012,0.6915695483548878,herding,0.7059333595529326,-0.0027724640424313662,-0.01941326363505352,"[-2.91,-1.06]",0.975,0.00011262183166000153,"{""boundary"": 0, ""herding"": 1, ""kcenter"": 0, ""kmeans"": 79, ""marc"": 0, ""random"": 0}"
repeat5_0.25,no_random|marc_first|lcb=0.5|fb=kmeans|gap=0.05,80,0.7031608955105012,0.6915695483548878,herding,0.7059333595529326,-0.0027724640424313662,-0.01941326363505352,"[-2.91,-1.06]",0.975,0.005347755101500373,"{""boundary"": 0, ""herding"": 1, ""kcenter"": 0, ""kmeans"": 79, ""marc"": 0, ""random"": 0}"
repeat5_0.25,centroid3|kmeans_first|lcb=0.25|fb=kmeans|gap=0.05,80,0.7031608955105012,0.6915695483548878,herding,0.7059333595529326,-0.0027724640424313662,-0.01941326363505352,"[-2.91,-1.06]",0.9875,0.00014727513656985491,"{""boundary"": 0, ""herding"": 1, ""kcenter"": 0, ""kmeans"": 79, ""marc"": 0, ""random"": 0}"
repeat5_0.25,centroid3|default|lcb=0.5|fb=kmeans|gap=0.05,80,0.7031608955105012,0.6915695483548878,herding,0.7059333595529326,-0.0027724640424313662,-0.01941326363505352,"[-2.91,-1.06]",0.975,0.00011262183166000153,"{""boundary"": 0, ""herding"": 1, ""kcenter"": 0, ""kmeans"": 79, ""marc"": 0, ""random"": 0}"
repeat5_0.25,representative4|kmeans_first|lcb=0.5|fb=kmeans|gap=0.05,80,0.7031608955105012,0.6915695483548878,herding,0.7059333595529326,-0.0027724640424313662,-0.01941326363505352,"[-2.91,-1.06]",0.975,0.0001735578502666986,"{""boundary"": 0, ""herding"": 1, ""kcenter"": 0, ""kmeans"": 79, ""marc"": 0, ""random"": 0}"
repeat5_0.25,centroid3|kmeans_first|lcb=0.5|fb=kmeans|gap=0.05,80,0.7031608955105012,0.6915695483548878,herding,0.7059333595529326,-0.0027724640424313662,-0.01941326363505352,"[-2.91,-1.06]",0.975,0.00011262183166000153,"{""boundary"": 0, ""herding"": 1, ""kcenter"": 0, ""kmeans"": 79, ""marc"": 0, ""random"": 0}"
repeat5_0.25,no_random|default|lcb=0.25|fb=kmeans|gap=0.05,80,0.7031608955105012,0.6915695483548878,herding,0.7059333595529326,-0.0027724640424313662,-0.01941326363505352,"[-2.91,-1.06]",0.9875,0.004612211204875871,"{""boundary"": 0, ""herding"": 1, ""kcenter"": 0, ""kmeans"": 79, ""marc"": 0, ""random"": 0}"
repeat5_0.25,representative4|kmeans_first|lcb=0.25|fb=kmeans|gap=0.05,80,0.7031608955105012,0.6915695483548878,herding,0.7059333595529326,-0.0027724640424313662,-0.01941326363505352,"[-2.91,-1.06]",0.9875,0.00022322525624312445,"{""boundary"": 0, ""herding"": 1, ""kcenter"": 0, ""kmeans"": 79, ""marc"": 0, ""random"": 0}"
repeat5_0.25,no_random|kmeans_first|lcb=0.25|fb=kmeans|gap=0.05,80,0.7031608955105012,0.6915695483548878,herding,0.7059333595529326,-0.0027724640424313662,-0.01941326363505352,"[-2.91,-1.06]",0.9875,0.004612211204875871,"{""boundary"": 0, ""herding"": 1, ""kcenter"": 0, ""kmeans"": 79, ""marc"": 0, ""random"": 0}"
repeat5_0.25,representative4|marc_first|lcb=0.25|fb=kmeans|gap=0.05,80,0.7031608955105012,0.6915695483548878,herding,0.7059333595529326,-0.0027724640424313662,-0.01941326363505352,"[-2.91,-1.06]",0.9875,0.00022322525624312445,"{""boundary"": 0, ""herding"": 1, ""kcenter"": 0, ""kmeans"": 79, ""marc"": 0, ""random"": 0}"
repeat5_0.25,no_random|herding_first|lcb=0.5|fb=kmeans|gap=0.05,80,0.7031608955105012,0.6915695483548878,herding,0.7059333595529326,-0.0027724640424313662,-0.01941326363505352,"[-2.91,-1.06]",0.975,0.005347755101500373,"{""boundary"": 0, ""herding"": 1, ""kcenter"": 0, ""kmeans"": 79, ""marc"": 0, ""random"": 0}"
repeat5_0.25,representative4|herding_first|lcb=0.5|fb=kmeans|gap=0.05,80,0.7031608955105012,0.6915695483548878,herding,0.7059333595529326,-0.0027724640424313662,-0.01941326363505352,"[-2.91,-1.06]",0.975,0.0001735578502666986,"{""boundary"": 0, ""herding"": 1, ""kcenter"": 0, ""kmeans"": 79, ""marc"": 0, ""random"": 0}"
repeat5_0.25,centroid3|herding_first|lcb=0.5|fb=kmeans|gap=0.05,80,0.7031608955105012,0.6915695483548878,herding,0.7059333595529326,-0.0027724640424313662,-0.01941326363505352,"[-2.91,-1.06]",0.975,0.00011262183166000153,"{""boundary"": 0, ""herding"": 1, ""kcenter"": 0, ""kmeans"": 79, ""marc"": 0, ""random"": 0}"
repeat5_0.25,representative4|default|lcb=0.25|fb=kmeans|gap=0.05,80,0.7031608955105012,0.6915695483548878,herding,0.7059333595529326,-0.0027724640424313662,-0.01941326363505352,"[-2.91,-1.06]",0.9875,0.00022322525624312445,"{""boundary"": 0, ""herding"": 1, ""kcenter"": 0, ""kmeans"": 79, ""marc"": 0, ""random"": 0}"
repeat5_0.25,no_random|kmeans_first|lcb=0.5|fb=kmeans|gap=0.05,80,0.7031608955105012,0.6915695483548878,herding,0.7059333595529326,-0.0027724640424313662,-0.01941326363505352,"[-2.91,-1.06]",0.975,0.005347755101500373,"{""boundary"": 0, ""herding"": 1, ""kcenter"": 0, ""kmeans"": 79, ""marc"": 0, ""random"": 0}"
repeat5_0.25,representative4|herding_first|lcb=0.25|fb=kmeans|gap=0.05,80,0.7031608955105012,0.6915695483548878,herding,0.7059333595529326,-0.0027724640424313662,-0.01941326363505352,"[-2.91,-1.06]",0.9875,0.00022322525624312445,"{""boundary"": 0, ""herding"": 1, ""kcenter"": 0, ""kmeans"": 79, ""marc"": 0, ""random"": 0}"
repeat5_0.25,representative4|marc_first|lcb=0.5|fb=kmeans|gap=0.05,80,0.7031608955105012,0.6915695483548878,herding,0.7059333595529326,-0.0027724640424313662,-0.01941326363505352,"[-2.91,-1.06]",0.975,0.0001735578502666986,"{""boundary"": 0, ""herding"": 1, ""kcenter"": 0, ""kmeans"": 79, ""marc"": 0, ""random"": 0}"
repeat5_0.25,centroid3|herding_first|lcb=0.25|fb=kmeans|gap=0.05,80,0.7031608955105012,0.6915695483548878,herding,0.7059333595529326,-0.0027724640424313662,-0.01941326363505352,"[-2.91,-1.06]",0.9875,0.00014727513656985491,"{""boundary"": 0, ""herding"": 1, ""kcenter"": 0, ""kmeans"": 79, ""marc"": 0, ""random"": 0}"
repeat5_0.25,no_random|default|lcb=0.5|fb=kmeans|gap=0.05,80,0.7031608955105012,0.6915695483548878,herding,0.7059333595529326,-0.0027724640424313662,-0.01941326363505352,"[-2.91,-1.06]",0.975,0.005347755101500373,"{""boundary"": 0, ""herding"": 1, ""kcenter"": 0, ""kmeans"": 79, ""marc"": 0, ""random"": 0}"
repeat5_0.25,no_random|herding_first|lcb=0.25|fb=kmeans|gap=0.05,80,0.7031608955105012,0.6915695483548878,herding,0.7059333595529326,-0.0027724640424313662,-0.01941326363505352,"[-2.91,-1.06]",0.9875,0.004612211204875871,"{""boundary"": 0, ""herding"": 1, ""kcenter"": 0, ""kmeans"": 79, ""marc"": 0, ""random"": 0}"
repeat5_0.25,representative4|default|lcb=0.5|fb=kmeans|gap=0.05,80,0.7031608955105012,0.6915695483548878,herding,0.7059333595529326,-0.0027724640424313662,-0.01941326363505352,"[-2.91,-1.06]",0.975,0.0001735578502666986,"{""boundary"": 0, ""herding"": 1, ""kcenter"": 0, ""kmeans"": 79, ""marc"": 0, ""random"": 0}"
repeat5_0.25,no_random|marc_first|lcb=0.25|fb=kmeans|gap=0.05,80,0.7031608955105012,0.6915695483548878,herding,0.7059333595529326,-0.0027724640424313662,-0.01941326363505352,"[-2.91,-1.06]",0.9875,0.004612211204875871,"{""boundary"": 0, ""herding"": 1, ""kcenter"": 0, ""kmeans"": 79, ""marc"": 0, ""random"": 0}"
repeat5_0.25,centroid3|kmeans_first|lcb=0|fb=kmeans|gap=0.05,80,0.7029294140290198,0.6913336735834094,herding,0.7059333595529326,-0.00300394552391281,-0.019644745116535002,"[-2.93,-1.09]",1.0,0.0,"{""boundary"": 0, ""herding"": 0, ""kcenter"": 0, ""kmeans"": 80, ""marc"": 0, ""random"": 0}"
repeat5_0.25,no_random|default|lcb=0|fb=kmeans|gap=0.05,80,0.7029294140290198,0.6913336735834094,herding,0.7059333595529326,-0.00300394552391281,-0.019644745116535002,"[-2.93,-1.09]",1.0,0.0019523809523809832,"{""boundary"": 0, ""herding"": 0, ""kcenter"": 0, ""kmeans"": 80, ""marc"": 0, ""random"": 0}"
repeat5_0.25,no_random|herding_first|lcb=0|fb=kmeans|gap=0.05,80,0.7029294140290198,0.6913336735834094,herding,0.7059333595529326,-0.00300394552391281,-0.019644745116535002,"[-2.93,-1.09]",1.0,0.0019523809523809832,"{""boundary"": 0, ""herding"": 0, ""kcenter"": 0, ""kmeans"": 80, ""marc"": 0, ""random"": 0}"
repeat5_0.25,centroid3|herding_first|lcb=0|fb=kmeans|gap=0.05,80,0.7029294140290198,0.6913336735834094,herding,0.7059333595529326,-0.00300394552391281,-0.019644745116535002,"[-2.93,-1.09]",1.0,0.0,"{""boundary"": 0, ""herding"": 0, ""kcenter"": 0, ""kmeans"": 80, ""marc"": 0, ""random"": 0}"
repeat5_0.25,representative4|herding_first|lcb=0|fb=kmeans|gap=0.05,80,0.7029294140290198,0.6913336735834094,herding,0.7059333595529326,-0.00300394552391281,-0.019644745116535002,"[-2.93,-1.09]",1.0,1.1102230246251565e-16,"{""boundary"": 0, ""herding"": 0, ""kcenter"": 0, ""kmeans"": 80, ""marc"": 0, ""random"": 0}"
repeat5_0.25,representative4|marc_first|lcb=0|fb=kmeans|gap=0.05,80,0.7029294140290198,0.6913336735834094,herding,0.7059333595529326,-0.00300394552391281,-0.019644745116535002,"[-2.93,-1.09]",1.0,1.1102230246251565e-16,"{""boundary"": 0, ""herding"": 0, ""kcenter"": 0, ""kmeans"": 80, ""marc"": 0, ""random"": 0}"
repeat5_0.25,centroid3|marc_first|lcb=0|fb=kmeans|gap=0.05,80,0.7029294140290198,0.6913336735834094,herding,0.7059333595529326,-0.00300394552391281,-0.019644745116535002,"[-2.93,-1.09]",1.0,0.0,"{""boundary"": 0, ""herding"": 0, ""kcenter"": 0, ""kmeans"": 80, ""marc"": 0, ""random"": 0}"
repeat5_0.25,centroid3|default|lcb=0|fb=kmeans|gap=0.05,80,0.7029294140290198,0.6913336735834094,herding,0.7059333595529326,-0.00300394552391281,-0.019644745116535002,"[-2.93,-1.09]",1.0,0.0,"{""boundary"": 0, ""herding"": 0, ""kcenter"": 0, ""kmeans"": 80, ""marc"": 0, ""random"": 0}"
repeat5_0.25,no_random|kmeans_first|lcb=0|fb=kmeans|gap=0.05,80,0.7029294140290198,0.6913336735834094,herding,0.7059333595529326,-0.00300394552391281,-0.019644745116535002,"[-2.93,-1.09]",1.0,0.0019523809523809832,"{""boundary"": 0, ""herding"": 0, ""kcenter"": 0, ""kmeans"": 80, ""marc"": 0, ""random"": 0}"
repeat5_0.25,no_random|marc_first|lcb=0|fb=kmeans|gap=0.05,80,0.7029294140290198,0.6913336735834094,herding,0.7059333595529326,-0.00300394552391281,-0.019644745116535002,"[-2.93,-1.09]",1.0,0.0019523809523809832,"{""boundary"": 0, ""herding"": 0, ""kcenter"": 0, ""kmeans"": 80, ""marc"": 0, ""random"": 0}"
repeat5_0.25,representative4|kmeans_first|lcb=0|fb=kmeans|gap=0.05,80,0.7029294140290198,0.6913336735834094,herding,0.7059333595529326,-0.00300394552391281,-0.019644745116535002,"[-2.93,-1.09]",1.0,1.1102230246251565e-16,"{""boundary"": 0, ""herding"": 0, ""kcenter"": 0, ""kmeans"": 80, ""marc"": 0, ""random"": 0}"
repeat5_0.25,representative4|default|lcb=0|fb=kmeans|gap=0.05,80,0.7029294140290198,0.6913336735834094,herding,0.7059333595529326,-0.00300394552391281,-0.019644745116535002,"[-2.93,-1.09]",1.0,1.1102230246251565e-16,"{""boundary"": 0, ""herding"": 0, ""kcenter"": 0, ""kmeans"": 80, ""marc"": 0, ""random"": 0}"
single_0.10,no_boundary|marc_first|lcb=0|fb=none|gap=0,64,0.6975875210566999,0.6907315460705373,herding,0.7059333595529326,-0.008345838496232716,-0.0038940667641325522,"[-0.73,-0.11]",0.0,0.004725829725829703,"{""boundary"": 0, ""herding"": 8, ""kcenter"": 1, ""kmeans"": 9, ""marc"": 29, ""random"": 17}"
single_0.10,no_boundary|herding_first|lcb=0|fb=none|gap=0,64,0.6970088173529961,0.6901060256725061,herding,0.7059333595529326,-0.008924542199936436,-0.0044727704678362585,"[-0.87,-0.11]",0.0,0.004725829725829703,"{""boundary"": 0, ""herding"": 34, ""kcenter"": 1, ""kmeans"": 10, ""marc"": 2, ""random"": 17}"
single_0.10,no_boundary|default|lcb=0|fb=herding|gap=0,64,0.6965452661297942,0.6890181316686159,herding,0.7059333595529326,-0.0093880934231384,-0.00493632169103831,"[-0.94,-0.15]",0.453125,0.004725829725829703,"{""boundary"": 0, ""herding"": 37, ""kcenter"": 1, ""kmeans"": 8, ""marc"": 2, ""random"": 16}"
single_0.10,no_boundary|marc_first|lcb=0|fb=herding|gap=0,64,0.6965452661297942,0.6890181316686159,herding,0.7059333595529326,-0.0093880934231384,-0.00493632169103831,"[-0.94,-0.15]",0.453125,0.004725829725829703,"{""boundary"": 0, ""herding"": 37, ""kcenter"": 1, ""kmeans"": 8, ""marc"": 2, ""random"": 16}"
single_0.10,no_boundary|kmeans_first|lcb=0|fb=herding|gap=0,64,0.6965452661297942,0.6890181316686159,herding,0.7059333595529326,-0.0093880934231384,-0.00493632169103831,"[-0.94,-0.15]",0.453125,0.004725829725829703,"{""boundary"": 0, ""herding"": 37, ""kcenter"": 1, ""kmeans"": 8, ""marc"": 2, ""random"": 16}"
single_0.10,no_boundary|herding_first|lcb=0|fb=herding|gap=0,64,0.6965452661297942,0.6890181316686159,herding,0.7059333595529326,-0.0093880934231384,-0.00493632169103831,"[-0.94,-0.15]",0.453125,0.004725829725829703,"{""boundary"": 0, ""herding"": 37, ""kcenter"": 1, ""kmeans"": 8, ""marc"": 2, ""random"": 16}"
single_0.10,no_boundary|kmeans_first|lcb=0|fb=none|gap=0,64,0.6953488514660566,0.6883635508429026,herding,0.7059333595529326,-0.010584508086875943,-0.006132736354775828,"[-1.12,-0.19]",0.0,0.004725829725829703,"{""boundary"": 0, ""herding"": 8, ""kcenter"": 1, ""kmeans"": 36, ""marc"": 2, ""random"": 17}"
single_0.10,no_boundary|default|lcb=0|fb=herding|gap=0.005,64,0.6949092562253016,0.686770514428538,herding,0.7059333595529326,-0.01102410332763093,-0.006572331595530706,"[-1.21,-0.22]",0.5,0.004725829725829703,"{""boundary"": 0, ""herding"": 40, ""kcenter"": 1, ""kmeans"": 8, ""marc"": 2, ""random"": 13}"
single_0.10,no_boundary|herding_first|lcb=0|fb=herding|gap=0.005,64,0.6949092562253016,0.686770514428538,herding,0.7059333595529326,-0.01102410332763093,-0.006572331595530706,"[-1.21,-0.22]",0.5,0.004725829725829703,"{""boundary"": 0, ""herding"": 40, ""kcenter"": 1, ""kmeans"": 8, ""marc"": 2, ""random"": 13}"
single_0.10,no_boundary|kmeans_first|lcb=0|fb=herding|gap=0.005,64,0.6949092562253016,0.686770514428538,herding,0.7059333595529326,-0.01102410332763093,-0.006572331595530706,"[-1.21,-0.22]",0.5,0.004725829725829703,"{""boundary"": 0, ""herding"": 40, ""kcenter"": 1, ""kmeans"": 8, ""marc"": 2, ""random"": 13}"
single_0.10,no_boundary|marc_first|lcb=0|fb=herding|gap=0.005,64,0.6949092562253016,0.686770514428538,herding,0.7059333595529326,-0.01102410332763093,-0.006572331595530706,"[-1.21,-0.22]",0.5,0.004725829725829703,"{""boundary"": 0, ""herding"": 40, ""kcenter"": 1, ""kmeans"": 8, ""marc"": 2, ""random"": 13}"
single_0.10,all6|kmeans_first|lcb=0|fb=herding|gap=0,64,0.6949064926950577,0.6913126745921627,herding,0.7059333595529326,-0.011026866857874906,-0.00657509512577478,"[-1.32,-0.11]",0.4375,0.010984848484848451,"{""boundary"": 9, ""herding"": 36, ""kcenter"": 1, ""kmeans"": 8, ""marc"": 2, ""random"": 8}"
single_0.10,all6|marc_first|lcb=0|fb=herding|gap=0,64,0.6949064926950577,0.6913126745921627,herding,0.7059333595529326,-0.011026866857874906,-0.00657509512577478,"[-1.32,-0.11]",0.4375,0.010984848484848451,"{""boundary"": 9, ""herding"": 36, ""kcenter"": 1, ""kmeans"": 8, ""marc"": 2, ""random"": 8}"
single_0.10,all6|default|lcb=0|fb=herding|gap=0,64,0.6949064926950577,0.6913126745921627,herding,0.7059333595529326,-0.011026866857874906,-0.00657509512577478,"[-1.32,-0.11]",0.4375,0.010984848484848451,"{""boundary"": 9, ""herding"": 36, ""kcenter"": 1, ""kmeans"": 8, ""marc"": 2, ""random"": 8}"
single_0.10,all6|herding_first|lcb=0|fb=herding|gap=0,64,0.6949064926950577,0.6913126745921627,herding,0.7059333595529326,-0.011026866857874906,-0.00657509512577478,"[-1.32,-0.11]",0.4375,0.010984848484848451,"{""boundary"": 9, ""herding"": 36, ""kcenter"": 1, ""kmeans"": 8, ""marc"": 2, ""random"": 8}"
single_0.10,no_boundary|default|lcb=0|fb=herding|gap=0.01,64,0.6948926750438372,0.686732470582501,herding,0.7059333595529326,-0.011040684509095344,-0.006588912776995156,"[-1.21,-0.22]",0.53125,0.004725829725829703,"{""boundary"": 0, ""herding"": 41, ""kcenter"": 1, ""kmeans"": 8, ""marc"": 2, ""random"": 12}"
single_0.10,no_boundary|herding_first|lcb=0|fb=herding|gap=0.01,64,0.6948926750438372,0.686732470582501,herding,0.7059333595529326,-0.011040684509095344,-0.006588912776995156,"[-1.21,-0.22]",0.53125,0.004725829725829703,"{""boundary"": 0, ""herding"": 41, ""kcenter"": 1, ""kmeans"": 8, ""marc"": 2, ""random"": 12}"
single_0.10,no_boundary|marc_first|lcb=0|fb=herding|gap=0.01,64,0.6948926750438372,0.686732470582501,herding,0.7059333595529326,-0.011040684509095344,-0.006588912776995156,"[-1.21,-0.22]",0.53125,0.004725829725829703,"{""boundary"": 0, ""herding"": 41, ""kcenter"": 1, ""kmeans"": 8, ""marc"": 2, ""random"": 12}"
single_0.10,no_boundary|kmeans_first|lcb=0|fb=herding|gap=0.01,64,0.6948926750438372,0.686732470582501,herding,0.7059333595529326,-0.011040684509095344,-0.006588912776995156,"[-1.21,-0.22]",0.53125,0.004725829725829703,"{""boundary"": 0, ""herding"": 41, ""kcenter"": 1, ""kmeans"": 8, ""marc"": 2, ""random"": 12}"
single_0.25,no_boundary|herding_first|lcb=0|fb=none|gap=0,64,0.694506920159855,0.6869262840245483,herding,0.7059333595529326,-0.011426439393077525,-0.006974667660977316,"[-1.34,-0.23]",0.0,0.00030321406913279975,"{""boundary"": 0, ""herding"": 31, ""kcenter"": 2, ""kmeans"": 9, ""marc"": 8, ""random"": 14}"
single_0.10,all6|marc_first|lcb=0|fb=none|gap=0,64,0.6944039342155255,0.6907681353873878,herding,0.7059333595529326,-0.011529425337407084,-0.007077653605306942,"[-1.39,-0.14]",0.0,0.010984848484848451,"{""boundary"": 9, ""herding"": 8, ""kcenter"": 1, ""kmeans"": 9, ""marc"": 29, ""random"": 8}"
single_0.10,no_boundary|default|lcb=0|fb=none|gap=0,64,0.6942219021483178,0.6873130117159368,herding,0.7059333595529326,-0.011711457404614767,-0.007259685672514619,"[-1.28,-0.25]",0.0,0.004725829725829703,"{""boundary"": 0, ""herding"": 31, ""kcenter"": 1, ""kmeans"": 9, ""marc"": 2, ""random"": 21}"
single_0.25,no_boundary|default|lcb=0|fb=none|gap=0,64,0.6942175683080032,0.6866065623816093,herding,0.7059333595529326,-0.011715791244929386,-0.0072640195128291654,"[-1.36,-0.26]",0.0,0.00030321406913279975,"{""boundary"": 0, ""herding"": 31, ""kcenter"": 3, ""kmeans"": 8, ""marc"": 8, ""random"": 14}"
single_0.10,all6|marc_first|lcb=0|fb=herding|gap=0.005,64,0.694179684240866,0.6891040276246649,herding,0.7059333595529326,-0.011753675312066614,-0.007301903579966502,"[-1.47,-0.14]",0.46875,0.010984848484848451,"{""boundary"": 7, ""herding"": 38, ""kcenter"": 1, ""kmeans"": 8, ""marc"": 2, ""random"": 8}"
single_0.10,all6|kmeans_first|lcb=0|fb=herding|gap=0.005,64,0.694179684240866,0.6891040276246649,herding,0.7059333595529326,-0.011753675312066614,-0.007301903579966502,"[-1.47,-0.14]",0.46875,0.010984848484848451,"{""boundary"": 7, ""herding"": 38, ""kcenter"": 1, ""kmeans"": 8, ""marc"": 2, ""random"": 8}"
single_0.10,all6|herding_first|lcb=0|fb=herding|gap=0.005,64,0.694179684240866,0.6891040276246649,herding,0.7059333595529326,-0.011753675312066614,-0.007301903579966502,"[-1.47,-0.14]",0.46875,0.010984848484848451,"{""boundary"": 7, ""herding"": 38, ""kcenter"": 1, ""kmeans"": 8, ""marc"": 2, ""random"": 8}"
single_0.10,all6|default|lcb=0|fb=herding|gap=0.005,64,0.694179684240866,0.6891040276246649,herding,0.7059333595529326,-0.011753675312066614,-0.007301903579966502,"[-1.47,-0.14]",0.46875,0.010984848484848451,"{""boundary"": 7, ""herding"": 38, ""kcenter"": 1, ""kmeans"": 8, ""marc"": 2, ""random"": 8}"
single_0.10,all6|default|lcb=0|fb=herding|gap=0.01,64,0.6939116218071907,0.6886037641973723,herding,0.7059333595529326,-0.01202173774574189,-0.007569966013641775,"[-1.49,-0.17]",0.5,0.010984848484848451,"{""boundary"": 7, ""herding"": 39, ""kcenter"": 1, ""kmeans"": 8, ""marc"": 2, ""random"": 7}"
single_0.10,all6|herding_first|lcb=0|fb=herding|gap=0.01,64,0.6939116218071907,0.6886037641973723,herding,0.7059333595529326,-0.01202173774574189,-0.007569966013641775,"[-1.49,-0.17]",0.5,0.010984848484848451,"{""boundary"": 7, ""herding"": 39, ""kcenter"": 1, ""kmeans"": 8, ""marc"": 2, ""random"": 7}"
single_0.10,all6|kmeans_first|lcb=0|fb=herding|gap=0.01,64,0.6939116218071907,0.6886037641973723,herding,0.7059333595529326,-0.01202173774574189,-0.007569966013641775,"[-1.49,-0.17]",0.5,0.010984848484848451,"{""boundary"": 7, ""herding"": 39, ""kcenter"": 1, ""kmeans"": 8, ""marc"": 2, ""random"": 7}"
single_0.10,all6|marc_first|lcb=0|fb=herding|gap=0.01,64,0.6939116218071907,0.6886037641973723,herding,0.7059333595529326,-0.01202173774574189,-0.007569966013641775,"[-1.49,-0.17]",0.5,0.010984848484848451,"{""boundary"": 7, ""herding"": 39, ""kcenter"": 1, ""kmeans"": 8, ""marc"": 2, ""random"": 7}"
single_0.25,no_boundary|kmeans_first|lcb=0|fb=herding|gap=0,64,0.6938455858244539,0.6862409849552435,herding,0.7059333595529326,-0.01208777372847869,-0.007636001996378564,"[-1.40,-0.29]",0.484375,0.00030321406913279975,"{""boundary"": 0, ""herding"": 36, ""kcenter"": 1, ""kmeans"": 6, ""marc"": 7, ""random"": 14}"
single_0.25,no_boundary|herding_first|lcb=0|fb=herding|gap=0,64,0.6938455858244539,0.6862409849552435,herding,0.7059333595529326,-0.01208777372847869,-0.007636001996378564,"[-1.40,-0.29]",0.484375,0.00030321406913279975,"{""boundary"": 0, ""herding"": 36, ""kcenter"": 1, ""kmeans"": 6, ""marc"": 7, ""random"": 14}"
single_0.25,no_boundary|marc_first|lcb=0|fb=herding|gap=0,64,0.6938455858244539,0.6862409849552435,herding,0.7059333595529326,-0.01208777372847869,-0.007636001996378564,"[-1.40,-0.29]",0.484375,0.00030321406913279975,"{""boundary"": 0, ""herding"": 36, ""kcenter"": 1, ""kmeans"": 6, ""marc"": 7, ""random"": 14}"
single_0.25,no_boundary|default|lcb=0|fb=herding|gap=0,64,0.6938455858244539,0.6862409849552435,herding,0.7059333595529326,-0.01208777372847869,-0.007636001996378564,"[-1.40,-0.29]",0.484375,0.00030321406913279975,"{""boundary"": 0, ""herding"": 36, ""kcenter"": 1, ""kmeans"": 6, ""marc"": 7, ""random"": 14}"
single_0.10,all6|herding_first|lcb=0|fb=none|gap=0,64,0.6938252305118218,0.6901426149893566,herding,0.7059333595529326,-0.012108129041110804,-0.007656357309010649,"[-1.48,-0.16]",0.0,0.010984848484848451,"{""boundary"": 9, ""herding"": 34, ""kcenter"": 1, ""kmeans"": 10, ""marc"": 2, ""random"": 8}"
single_0.10,no_boundary|marc_first|lcb=0|fb=kmeans|gap=0,64,0.6937985109991305,0.6861050981542063,herding,0.7059333595529326,-0.012134848553802091,-0.007683076821701898,"[-1.37,-0.28]",0.453125,0.004725829725829703,"{""boundary"": 0, ""herding"": 8, ""kcenter"": 1, ""kmeans"": 37, ""marc"": 2, ""random"": 16}"
single_0.10,no_boundary|kmeans_first|lcb=0|fb=kmeans|gap=0,64,0.6937985109991305,0.6861050981542063,herding,0.7059333595529326,-0.012134848553802091,-0.007683076821701898,"[-1.37,-0.28]",0.453125,0.004725829725829703,"{""boundary"": 0, ""herding"": 8, ""kcenter"": 1, ""kmeans"": 37, ""marc"": 2, ""random"": 16}"
single_0.10,no_boundary|default|lcb=0|fb=kmeans|gap=0,64,0.6937985109991305,0.6861050981542063,herding,0.7059333595529326,-0.012134848553802091,-0.007683076821701898,"[-1.37,-0.28]",0.453125,0.004725829725829703,"{""boundary"": 0, ""herding"": 8, ""kcenter"": 1, ""kmeans"": 37, ""marc"": 2, ""random"": 16}"
single_0.10,no_boundary|herding_first|lcb=0|fb=kmeans|gap=0,64,0.6937985109991305,0.6861050981542063,herding,0.7059333595529326,-0.012134848553802091,-0.007683076821701898,"[-1.37,-0.28]",0.453125,0.004725829725829703,"{""boundary"": 0, ""herding"": 8, ""kcenter"": 1, ""kmeans"": 37, ""marc"": 2, ""random"": 16}"
single_0.25,no_boundary|marc_first|lcb=0|fb=none|gap=0,64,0.6935070339763599,0.6856942904078975,herding,0.7059333595529326,-0.012426325576572639,-0.00797455384447245,"[-1.46,-0.27]",0.0,0.00030321406913279975,"{""boundary"": 0, ""herding"": 5, ""kcenter"": 2, ""kmeans"": 9, ""marc"": 34, ""random"": 14}"
single_0.25,no_boundary|marc_first|lcb=0|fb=kmeans|gap=0,64,0.6933962557386617,0.6855991652411622,herding,0.7059333595529326,-0.012537103814270867,-0.008085332082170611,"[-1.47,-0.30]",0.484375,0.00030321406913279975,"{""boundary"": 0, ""herding"": 5, ""kcenter"": 1, ""kmeans"": 37, ""marc"": 7, ""random"": 14}"
single_0.25,no_boundary|default|lcb=0|fb=kmeans|gap=0,64,0.6933962557386617,0.6855991652411622,herding,0.7059333595529326,-0.012537103814270867,-0.008085332082170611,"[-1.47,-0.30]",0.484375,0.00030321406913279975,"{""boundary"": 0, ""herding"": 5, ""kcenter"": 1, ""kmeans"": 37, ""marc"": 7, ""random"": 14}"
single_0.25,no_boundary|kmeans_first|lcb=0|fb=kmeans|gap=0,64,0.6933962557386617,0.6855991652411622,herding,0.7059333595529326,-0.012537103814270867,-0.008085332082170611,"[-1.47,-0.30]",0.484375,0.00030321406913279975,"{""boundary"": 0, ""herding"": 5, ""kcenter"": 1, ""kmeans"": 37, ""marc"": 7, ""random"": 14}"
single_0.25,no_boundary|herding_first|lcb=0|fb=kmeans|gap=0,64,0.6933962557386617,0.6855991652411622,herding,0.7059333595529326,-0.012537103814270867,-0.008085332082170611,"[-1.47,-0.30]",0.484375,0.00030321406913279975,"{""boundary"": 0, ""herding"": 5, ""kcenter"": 1, ""kmeans"": 37, ""marc"": 7, ""random"": 14}"
single_0.33,no_boundary|kmeans_first|lcb=0|fb=none|gap=0,64,0.6932909835521575,0.685460607667113,herding,0.7059333595529326,-0.012642376000775113,-0.008190604268674875,"[-1.54,-0.25]",0.0,0.0049926980649872,"{""boundary"": 0, ""herding"": 8, ""kcenter"": 3, ""kmeans"": 28, ""marc"": 6, ""random"": 19}"
single_0.33,no_boundary|marc_first|lcb=0|fb=none|gap=0,64,0.6932909835521575,0.685460607667113,herding,0.7059333595529326,-0.012642376000775113,-0.008190604268674875,"[-1.54,-0.25]",0.0,0.0049926980649872,"{""boundary"": 0, ""herding"": 8, ""kcenter"": 3, ""kmeans"": 8, ""marc"": 26, ""random"": 19}"
single_0.33,no_boundary|herding_first|lcb=0|fb=none|gap=0,64,0.6932909835521575,0.685460607667113,herding,0.7059333595529326,-0.012642376000775113,-0.008190604268674875,"[-1.54,-0.25]",0.0,0.0049926980649872,"{""boundary"": 0, ""herding"": 28, ""kcenter"": 3, ""kmeans"": 8, ""marc"": 6, ""random"": 19}"
single_0.25,no_boundary|kmeans_first|lcb=0|fb=none|gap=0,64,0.6932176821245081,0.6853891757388584,herding,0.7059333595529326,-0.012715677428424499,-0.0082639056963243,"[-1.48,-0.30]",0.0,0.00030321406913279975,"{""boundary"": 0, ""herding"": 6, ""kcenter"": 2, ""kmeans"": 34, ""marc"": 8, ""random"": 14}"
single_0.33,no_boundary|default|lcb=0|fb=herding|gap=0,64,0.6929254864761342,0.6850565888617361,herding,0.7059333595529326,-0.013007873076798404,-0.008556101344698268,"[-1.57,-0.29]",0.375,0.0049926980649872,"{""boundary"": 0, ""herding"": 30, ""kcenter"": 3, ""kmeans"": 7, ""marc"": 5, ""random"": 19}"
single_0.33,no_boundary|kmeans_first|lcb=0|fb=herding|gap=0,64,0.6929254864761342,0.6850565888617361,herding,0.7059333595529326,-0.013007873076798404,-0.008556101344698268,"[-1.57,-0.29]",0.375,0.0049926980649872,"{""boundary"": 0, ""herding"": 30, ""kcenter"": 3, ""kmeans"": 7, ""marc"": 5, ""random"": 19}"
single_0.33,no_boundary|herding_first|lcb=0|fb=herding|gap=0,64,0.6929254864761342,0.6850565888617361,herding,0.7059333595529326,-0.013007873076798404,-0.008556101344698268,"[-1.57,-0.29]",0.375,0.0049926980649872,"{""boundary"": 0, ""herding"": 30, ""kcenter"": 3, ""kmeans"": 7, ""marc"": 5, ""random"": 19}"
single_0.33,no_boundary|marc_first|lcb=0|fb=herding|gap=0,64,0.6929254864761342,0.6850565888617361,herding,0.7059333595529326,-0.013007873076798404,-0.008556101344698268,"[-1.57,-0.29]",0.375,0.0049926980649872,"{""boundary"": 0, ""herding"": 30, ""kcenter"": 3, ""kmeans"": 7, ""marc"": 5, ""random"": 19}"
single_0.33,no_boundary|herding_first|lcb=0|fb=kmeans|gap=0,64,0.692422927996602,0.6845638230501998,herding,0.7059333595529326,-0.013510431556330582,-0.00905865982423043,"[-1.63,-0.34]",0.375,0.0049926980649872,"{""boundary"": 0, ""herding"": 6, ""kcenter"": 3, ""kmeans"": 31, ""marc"": 5, ""random"": 19}"
single_0.33,no_boundary|marc_first|lcb=0|fb=kmeans|gap=0,64,0.692422927996602,0.6845638230501998,herding,0.7059333595529326,-0.013510431556330582,-0.00905865982423043,"[-1.63,-0.34]",0.375,0.0049926980649872,"{""boundary"": 0, ""herding"": 6, ""kcenter"": 3, ""kmeans"": 31, ""marc"": 5, ""random"": 19}"
single_0.33,no_boundary|kmeans_first|lcb=0|fb=kmeans|gap=0,64,0.692422927996602,0.6845638230501998,herding,0.7059333595529326,-0.013510431556330582,-0.00905865982423043,"[-1.63,-0.34]",0.375,0.0049926980649872,"{""boundary"": 0, ""herding"": 6, ""kcenter"": 3, ""kmeans"": 31, ""marc"": 5, ""random"": 19}"
single_0.33,no_boundary|default|lcb=0|fb=kmeans|gap=0,64,0.692422927996602,0.6845638230501998,herding,0.7059333595529326,-0.013510431556330582,-0.00905865982423043,"[-1.63,-0.34]",0.375,0.0049926980649872,"{""boundary"": 0, ""herding"": 6, ""kcenter"": 3, ""kmeans"": 31, ""marc"": 5, ""random"": 19}"
single_0.33,no_boundary|default|lcb=0|fb=none|gap=0,64,0.6924229279966019,0.6845919710562889,herding,0.7059333595529326,-0.013510431556330693,-0.00905865982423043,"[-1.63,-0.32]",0.0,0.0049926980649872,"{""boundary"": 0, ""herding"": 27, ""kcenter"": 3, ""kmeans"": 8, ""marc"": 6, ""random"": 20}"
single_0.10,no_boundary|marc_first|lcb=0|fb=kmeans|gap=0.01,64,0.6923977184595977,0.6842281688978877,herding,0.7059333595529326,-0.013535641093334827,-0.009083869361234712,"[-1.59,-0.35]",0.53125,0.004725829725829703,"{""boundary"": 0, ""herding"": 7, ""kcenter"": 1, ""kmeans"": 42, ""marc"": 2, ""random"": 12}"
single_0.10,no_boundary|default|lcb=0|fb=kmeans|gap=0.01,64,0.6923977184595977,0.6842281688978877,herding,0.7059333595529326,-0.013535641093334827,-0.009083869361234712,"[-1.59,-0.35]",0.53125,0.004725829725829703,"{""boundary"": 0, ""herding"": 7, ""kcenter"": 1, ""kmeans"": 42, ""marc"": 2, ""random"": 12}"
single_0.10,no_boundary|kmeans_first|lcb=0|fb=kmeans|gap=0.01,64,0.6923977184595977,0.6842281688978877,herding,0.7059333595529326,-0.013535641093334827,-0.009083869361234712,"[-1.59,-0.35]",0.53125,0.004725829725829703,"{""boundary"": 0, ""herding"": 7, ""kcenter"": 1, ""kmeans"": 42, ""marc"": 2, ""random"": 12}"
single_0.10,no_boundary|herding_first|lcb=0|fb=kmeans|gap=0.01,64,0.6923977184595977,0.6842281688978877,herding,0.7059333595529326,-0.013535641093334827,-0.009083869361234712,"[-1.59,-0.35]",0.53125,0.004725829725829703,"{""boundary"": 0, ""herding"": 7, ""kcenter"": 1, ""kmeans"": 42, ""marc"": 2, ""random"": 12}"
single_0.33,all6|kmeans_first|lcb=0|fb=none|gap=0,64,0.6923596738599043,0.688237002972333,herding,0.7059333595529326,-0.013573685693028303,-0.009121913960928148,"[-1.69,-0.24]",0.0,0.013253012048192792,"{""boundary"": 8, ""herding"": 8, ""kcenter"": 0, ""kmeans"": 28, ""marc"": 6, ""random"": 14}"
single_0.33,all6|herding_first|lcb=0|fb=none|gap=0,64,0.6923596738599043,0.688237002972333,herding,0.7059333595529326,-0.013573685693028303,-0.009121913960928148,"[-1.69,-0.24]",0.0,0.013253012048192792,"{""boundary"": 8, ""herding"": 28, ""kcenter"": 0, ""kmeans"": 8, ""marc"": 6, ""random"": 14}"
single_0.33,all6|marc_first|lcb=0|fb=none|gap=0,64,0.6923596738599043,0.688237002972333,herding,0.7059333595529326,-0.013573685693028303,-0.009121913960928148,"[-1.69,-0.24]",0.0,0.013253012048192792,"{""boundary"": 8, ""herding"": 8, ""kcenter"": 0, ""kmeans"": 8, ""marc"": 26, ""random"": 14}"
single_0.10,no_boundary|herding_first|lcb=0|fb=herding|gap=0.02,64,0.692174006107391,0.6823134065767019,herding,0.7059333595529326,-0.013759353445541578,-0.009307581713441327,"[-1.68,-0.34]",0.59375,0.004725829725829703,"{""boundary"": 0, ""herding"": 45, ""kcenter"": 1, ""kmeans"": 8, ""marc"": 1, ""random"": 9}"
single_0.10,no_boundary|marc_first|lcb=0|fb=herding|gap=0.02,64,0.692174006107391,0.6823134065767019,herding,0.7059333595529326,-0.013759353445541578,-0.009307581713441327,"[-1.68,-0.34]",0.59375,0.004725829725829703,"{""boundary"": 0, ""herding"": 45, ""kcenter"": 1, ""kmeans"": 8, ""marc"": 1, ""random"": 9}"
single_0.10,no_boundary|kmeans_first|lcb=0|fb=herding|gap=0.02,64,0.692174006107391,0.6823134065767019,herding,0.7059333595529326,-0.013759353445541578,-0.009307581713441327,"[-1.68,-0.34]",0.59375,0.004725829725829703,"{""boundary"": 0, ""herding"": 45, ""kcenter"": 1, ""kmeans"": 8, ""marc"": 1, ""random"": 9}"
single_0.10,no_boundary|default|lcb=0|fb=herding|gap=0.02,64,0.692174006107391,0.6823134065767019,herding,0.7059333595529326,-0.013759353445541578,-0.009307581713441327,"[-1.68,-0.34]",0.59375,0.004725829725829703,"{""boundary"": 0, ""herding"": 45, ""kcenter"": 1, ""kmeans"": 8, ""marc"": 1, ""random"": 9}"
single_0.10,all6|kmeans_first|lcb=0|fb=none|gap=0,64,0.6921652646248821,0.6884001401597529,herding,0.7059333595529326,-0.013768094928050423,-0.00931632319595022,"[-1.70,-0.29]",0.0,0.010984848484848451,"{""boundary"": 9, ""herding"": 8, ""kcenter"": 1, ""kmeans"": 36, ""marc"": 2, ""random"": 8}"
single_0.10,all6|default|lcb=0|fb=kmeans|gap=0,64,0.6921652646248821,0.6884001401597529,herding,0.7059333595529326,-0.013768094928050423,-0.00931632319595022,"[-1.70,-0.29]",0.4375,0.010984848484848451,"{""boundary"": 9, ""herding"": 8, ""kcenter"": 1, ""kmeans"": 36, ""marc"": 2, ""random"": 8}"
single_0.10,all6|marc_first|lcb=0|fb=kmeans|gap=0,64,0.6921652646248821,0.6884001401597529,herding,0.7059333595529326,-0.013768094928050423,-0.00931632319595022,"[-1.70,-0.29]",0.4375,0.010984848484848451,"{""boundary"": 9, ""herding"": 8, ""kcenter"": 1, ""kmeans"": 36, ""marc"": 2, ""random"": 8}"
single_0.10,all6|herding_first|lcb=0|fb=kmeans|gap=0,64,0.6921652646248821,0.6884001401597529,herding,0.7059333595529326,-0.013768094928050423,-0.00931632319595022,"[-1.70,-0.29]",0.4375,0.010984848484848451,"{""boundary"": 9, ""herding"": 8, ""kcenter"": 1, ""kmeans"": 36, ""marc"": 2, ""random"": 8}"
single_0.10,all6|kmeans_first|lcb=0|fb=kmeans|gap=0,64,0.6921652646248821,0.6884001401597529,herding,0.7059333595529326,-0.013768094928050423,-0.00931632319595022,"[-1.70,-0.29]",0.4375,0.010984848484848451,"{""boundary"": 9, ""herding"": 8, ""kcenter"": 1, ""kmeans"": 36, ""marc"": 2, ""random"": 8}"
single_0.10,no_boundary|herding_first|lcb=0|fb=kmeans|gap=0.005,64,0.6921625010946382,0.6838574809141282,herding,0.7059333595529326,-0.0137708584582944,-0.009319086726194295,"[-1.61,-0.37]",0.5,0.004725829725829703,"{""boundary"": 0, ""herding"": 8, ""kcenter"": 1, ""kmeans"": 40, ""marc"": 2, ""random"": 13}"
single_0.10,no_boundary|default|lcb=0|fb=kmeans|gap=0.005,64,0.6921625010946382,0.6838574809141282,herding,0.7059333595529326,-0.0137708584582944,-0.009319086726194295,"[-1.61,-0.37]",0.5,0.004725829725829703,"{""boundary"": 0, ""herding"": 8, ""kcenter"": 1, ""kmeans"": 40, ""marc"": 2, ""random"": 13}"
single_0.10,no_boundary|kmeans_first|lcb=0|fb=kmeans|gap=0.005,64,0.6921625010946382,0.6838574809141282,herding,0.7059333595529326,-0.0137708584582944,-0.009319086726194295,"[-1.61,-0.37]",0.5,0.004725829725829703,"{""boundary"": 0, ""herding"": 8, ""kcenter"": 1, ""kmeans"": 40, ""marc"": 2, ""random"": 13}"
single_0.10,no_boundary|marc_first|lcb=0|fb=kmeans|gap=0.005,64,0.6921625010946382,0.6838574809141282,herding,0.7059333595529326,-0.0137708584582944,-0.009319086726194295,"[-1.61,-0.37]",0.5,0.004725829725829703,"{""boundary"": 0, ""herding"": 8, ""kcenter"": 1, ""kmeans"": 40, ""marc"": 2, ""random"": 13}"
single_0.33,all6|kmeans_first|lcb=0|fb=herding|gap=0,64,0.6919941767838809,0.6878329841669563,herding,0.7059333595529326,-0.013939182769051706,-0.009487411036951542,"[-1.72,-0.28]",0.375,0.013253012048192792,"{""boundary"": 8, ""herding"": 30, ""kcenter"": 0, ""kmeans"": 7, ""marc"": 5, ""random"": 14}"
single_0.33,all6|herding_first|lcb=0|fb=herding|gap=0,64,0.6919941767838809,0.6878329841669563,herding,0.7059333595529326,-0.013939182769051706,-0.009487411036951542,"[-1.72,-0.28]",0.375,0.013253012048192792,"{""boundary"": 8, ""herding"": 30, ""kcenter"": 0, ""kmeans"": 7, ""marc"": 5, ""random"": 14}"
single_0.33,all6|default|lcb=0|fb=herding|gap=0,64,0.6919941767838809,0.6878329841669563,herding,0.7059333595529326,-0.013939182769051706,-0.009487411036951542,"[-1.72,-0.28]",0.375,0.013253012048192792,"{""boundary"": 8, ""herding"": 30, ""kcenter"": 0, ""kmeans"": 7, ""marc"": 5, ""random"": 14}"
single_0.33,all6|marc_first|lcb=0|fb=herding|gap=0,64,0.6919941767838809,0.6878329841669563,herding,0.7059333595529326,-0.013939182769051706,-0.009487411036951542,"[-1.72,-0.28]",0.375,0.013253012048192792,"{""boundary"": 8, ""herding"": 30, ""kcenter"": 0, ""kmeans"": 7, ""marc"": 5, ""random"": 14}"
single_0.20,no_boundary|herding_first|lcb=0|fb=none|gap=0,64,0.6919190615538275,0.6846053637164102,herding,0.7059333595529326,-0.01401429799910503,-0.009562526267004818,"[-1.63,-0.41]",0.0,0.0013262599469496018,"{""boundary"": 0, ""herding"": 33, ""kcenter"": 0, ""kmeans"": 5, ""marc"": 7, ""random"": 19}"
single_0.33,all6|marc_first|lcb=0|fb=herding|gap=0.005,64,0.6918997254613166,0.6874110905774552,herding,0.7059333595529326,-0.014033634091615954,-0.009581862359515704,"[-1.73,-0.29]",0.40625,0.013253012048192792,"{""boundary"": 8, ""herding"": 32, ""kcenter"": 0, ""kmeans"": 6, ""marc"": 5, ""random"": 13}"
single_0.33,all6|herding_first|lcb=0|fb=herding|gap=0.005,64,0.6918997254613166,0.6874110905774552,herding,0.7059333595529326,-0.014033634091615954,-0.009581862359515704,"[-1.73,-0.29]",0.40625,0.013253012048192792,"{""boundary"": 8, ""herding"": 32, ""kcenter"": 0, ""kmeans"": 6, ""marc"": 5, ""random"": 13}"
single_0.33,all6|kmeans_first|lcb=0|fb=herding|gap=0.005,64,0.6918997254613166,0.6874110905774552,herding,0.7059333595529326,-0.014033634091615954,-0.009581862359515704,"[-1.73,-0.29]",0.40625,0.013253012048192792,"{""boundary"": 8, ""herding"": 32, ""kcenter"": 0, ""kmeans"": 6, ""marc"": 5, ""random"": 13}"
single_0.33,all6|default|lcb=0|fb=herding|gap=0.005,64,0.6918997254613166,0.6874110905774552,herding,0.7059333595529326,-0.014033634091615954,-0.009581862359515704,"[-1.73,-0.29]",0.40625,0.013253012048192792,"{""boundary"": 8, ""herding"": 32, ""kcenter"": 0, ""kmeans"": 6, ""marc"": 5, ""random"": 13}"
single_0.33,all6|kmeans_first|lcb=0|fb=kmeans|gap=0.01,64,0.6916009959224299,0.6866443215200295,herding,0.7059333595529326,-0.01433236363050272,-0.009880591898402421,"[-1.76,-0.32]",0.484375,0.013253012048192792,"{""boundary"": 7, ""herding"": 6, ""kcenter"": 0, ""kmeans"": 36, ""marc"": 3, ""random"": 12}"
single_0.33,all6|herding_first|lcb=0|fb=kmeans|gap=0.01,64,0.6916009959224299,0.6866443215200295,herding,0.7059333595529326,-0.01433236363050272,-0.009880591898402421,"[-1.76,-0.32]",0.484375,0.013253012048192792,"{""boundary"": 7, ""herding"": 6, ""kcenter"": 0, ""kmeans"": 36, ""marc"": 3, ""random"": 12}"
single_0.33,all6|marc_first|lcb=0|fb=kmeans|gap=0.01,64,0.6916009959224299,0.6866443215200295,herding,0.7059333595529326,-0.01433236363050272,-0.009880591898402421,"[-1.76,-0.32]",0.484375,0.013253012048192792,"{""boundary"": 7, ""herding"": 6, ""kcenter"": 0, ""kmeans"": 36, ""marc"": 3, ""random"": 12}"
single_0.33,all6|default|lcb=0|fb=kmeans|gap=0.01,64,0.6916009959224299,0.6866443215200295,herding,0.7059333595529326,-0.01433236363050272,-0.009880591898402421,"[-1.76,-0.32]",0.484375,0.013253012048192792,"{""boundary"": 7, ""herding"": 6, ""kcenter"": 0, ""kmeans"": 36, ""marc"": 3, ""random"": 12}"
single_0.10,all6|marc_first|lcb=0|fb=kmeans|gap=0.01,64,0.6915797135073515,0.6861254660206071,herding,0.7059333595529326,-0.014353646045581092,-0.009901874313480908,"[-1.81,-0.31]",0.5,0.010984848484848451,"{""boundary"": 7, ""herding"": 7, ""kcenter"": 1, ""kmeans"": 40, ""marc"": 2, ""random"": 7}"
single_0.10,all6|kmeans_first|lcb=0|fb=kmeans|gap=0.01,64,0.6915797135073515,0.6861254660206071,herding,0.7059333595529326,-0.014353646045581092,-0.009901874313480908,"[-1.81,-0.31]",0.5,0.010984848484848451,"{""boundary"": 7, ""herding"": 7, ""kcenter"": 1, ""kmeans"": 40, ""marc"": 2, ""random"": 7}"
single_0.10,all6|herding_first|lcb=0|fb=kmeans|gap=0.01,64,0.6915797135073515,0.6861254660206071,herding,0.7059333595529326,-0.014353646045581092,-0.009901874313480908,"[-1.81,-0.31]",0.5,0.010984848484848451,"{""boundary"": 7, ""herding"": 7, ""kcenter"": 1, ""kmeans"": 40, ""marc"": 2, ""random"": 7}"
single_0.10,all6|default|lcb=0|fb=kmeans|gap=0.01,64,0.6915797135073515,0.6861254660206071,herding,0.7059333595529326,-0.014353646045581092,-0.009901874313480908,"[-1.81,-0.31]",0.5,0.010984848484848451,"{""boundary"": 7, ""herding"": 7, ""kcenter"": 1, ""kmeans"": 40, ""marc"": 2, ""random"": 7}"
single_0.33,all6|default|lcb=0|fb=kmeans|gap=0,64,0.6914916183043487,0.6873402183554198,herding,0.7059333595529326,-0.014441741248583884,-0.009989969516483704,"[-1.77,-0.33]",0.375,0.013253012048192792,"{""boundary"": 8, ""herding"": 6, ""kcenter"": 0, ""kmeans"": 31, ""marc"": 5, ""random"": 14}"
single_0.33,all6|marc_first|lcb=0|fb=kmeans|gap=0,64,0.6914916183043487,0.6873402183554198,herding,0.7059333595529326,-0.014441741248583884,-0.009989969516483704,"[-1.77,-0.33]",0.375,0.013253012048192792,"{""boundary"": 8, ""herding"": 6, ""kcenter"": 0, ""kmeans"": 31, ""marc"": 5, ""random"": 14}"
single_0.33,all6|kmeans_first|lcb=0|fb=kmeans|gap=0,64,0.6914916183043487,0.6873402183554198,herding,0.7059333595529326,-0.014441741248583884,-0.009989969516483704,"[-1.77,-0.33]",0.375,0.013253012048192792,"{""boundary"": 8, ""herding"": 6, ""kcenter"": 0, ""kmeans"": 31, ""marc"": 5, ""random"": 14}"
single_0.33,all6|herding_first|lcb=0|fb=kmeans|gap=0,64,0.6914916183043487,0.6873402183554198,herding,0.7059333595529326,-0.014441741248583884,-0.009989969516483704,"[-1.77,-0.33]",0.375,0.013253012048192792,"{""boundary"": 8, ""herding"": 6, ""kcenter"": 0, ""kmeans"": 31, ""marc"": 5, ""random"": 14}"
single_0.33,all6|default|lcb=0|fb=none|gap=0,64,0.6914916183043487,0.6873683663615089,herding,0.7059333595529326,-0.014441741248583884,-0.009989969516483704,"[-1.77,-0.32]",0.0,0.013253012048192792,"{""boundary"": 8, ""herding"": 27, ""kcenter"": 0, ""kmeans"": 8, ""marc"": 6, ""random"": 15}"
single_0.10,all6|marc_first|lcb=0|fb=kmeans|gap=0.005,64,0.6914495102916668,0.686223000557698,herding,0.7059333595529326,-0.01448384926126578,-0.01003207752916564,"[-1.83,-0.33]",0.46875,0.010984848484848451,"{""boundary"": 7, ""herding"": 8, ""kcenter"": 1, ""kmeans"": 38, ""marc"": 2, ""random"": 8}"
single_0.10,all6|herding_first|lcb=0|fb=kmeans|gap=0.005,64,0.6914495102916668,0.686223000557698,herding,0.7059333595529326,-0.01448384926126578,-0.01003207752916564,"[-1.83,-0.33]",0.46875,0.010984848484848451,"{""boundary"": 7, ""herding"": 8, ""kcenter"": 1, ""kmeans"": 38, ""marc"": 2, ""random"": 8}"
single_0.10,all6|default|lcb=0|fb=kmeans|gap=0.005,64,0.6914495102916668,0.686223000557698,herding,0.7059333595529326,-0.01448384926126578,-0.01003207752916564,"[-1.83,-0.33]",0.46875,0.010984848484848451,"{""boundary"": 7, ""herding"": 8, ""kcenter"": 1, ""kmeans"": 38, ""marc"": 2, ""random"": 8}"
single_0.10,all6|kmeans_first|lcb=0|fb=kmeans|gap=0.005,64,0.6914495102916668,0.686223000557698,herding,0.7059333595529326,-0.01448384926126578,-0.01003207752916564,"[-1.83,-0.33]",0.46875,0.010984848484848451,"{""boundary"": 7, ""herding"": 8, ""kcenter"": 1, ""kmeans"": 38, ""marc"": 2, ""random"": 8}"
single_0.25,all6|herding_first|lcb=0|fb=none|gap=0,64,0.6913868945142944,0.6867905810824513,herding,0.7059333595529326,-0.014546465038638212,-0.01009469330653798,"[-1.84,-0.31]",0.0,0.007936507936507908,"{""boundary"": 9, ""herding"": 29, ""kcenter"": 0, ""kmeans"": 9, ""marc"": 8, ""random"": 9}"
single_0.20,no_boundary|marc_first|lcb=0|fb=none|gap=0,64,0.691248983581118,0.6838821658682077,herding,0.7059333595529326,-0.0146843759718146,-0.010232604239714371,"[-1.78,-0.39]",0.0,0.0013262599469496018,"{""boundary"": 0, ""herding"": 7, ""kcenter"": 0, ""kmeans"": 6, ""marc"": 32, ""random"": 19}"
single_0.33,all6|kmeans_first|lcb=0|fb=kmeans|gap=0.005,64,0.6912456641126259,0.6868848467480941,herding,0.7059333595529326,-0.01468769544030668,-0.010235923708206378,"[-1.80,-0.35]",0.40625,0.013253012048192792,"{""boundary"": 8, ""herding"": 6, ""kcenter"": 0, ""kmeans"": 32, ""marc"": 5, ""random"": 13}"
single_0.33,all6|herding_first|lcb=0|fb=kmeans|gap=0.005,64,0.6912456641126259,0.6868848467480941,herding,0.7059333595529326,-0.01468769544030668,-0.010235923708206378,"[-1.80,-0.35]",0.40625,0.013253012048192792,"{""boundary"": 8, ""herding"": 6, ""kcenter"": 0, ""kmeans"": 32, ""marc"": 5, ""random"": 13}"
single_0.33,all6|default|lcb=0|fb=kmeans|gap=0.005,64,0.6912456641126259,0.6868848467480941,herding,0.7059333595529326,-0.01468769544030668,-0.010235923708206378,"[-1.80,-0.35]",0.40625,0.013253012048192792,"{""boundary"": 8, ""herding"": 6, ""kcenter"": 0, ""kmeans"": 32, ""marc"": 5, ""random"": 13}"
single_0.33,all6|marc_first|lcb=0|fb=kmeans|gap=0.005,64,0.6912456641126259,0.6868848467480941,herding,0.7059333595529326,-0.01468769544030668,-0.010235923708206378,"[-1.80,-0.35]",0.40625,0.013253012048192792,"{""boundary"": 8, ""herding"": 6, ""kcenter"": 0, ""kmeans"": 32, ""marc"": 5, ""random"": 13}"
single_0.33,all6|marc_first|lcb=0|fb=herding|gap=0.01,64,0.6912250685398597,0.6860282427459201,herding,0.7059333595529326,-0.014708291013072916,-0.01025651928097274,"[-1.80,-0.36]",0.484375,0.013253012048192792,"{""boundary"": 7, ""herding"": 37, ""kcenter"": 0, ""kmeans"": 5, ""marc"": 3, ""random"": 12}"
single_0.33,all6|herding_first|lcb=0|fb=herding|gap=0.01,64,0.6912250685398597,0.6860282427459201,herding,0.7059333595529326,-0.014708291013072916,-0.01025651928097274,"[-1.80,-0.36]",0.484375,0.013253012048192792,"{""boundary"": 7, ""herding"": 37, ""kcenter"": 0, ""kmeans"": 5, ""marc"": 3, ""random"": 12}"
single_0.33,all6|kmeans_first|lcb=0|fb=herding|gap=0.01,64,0.6912250685398597,0.6860282427459201,herding,0.7059333595529326,-0.014708291013072916,-0.01025651928097274,"[-1.80,-0.36]",0.484375,0.013253012048192792,"{""boundary"": 7, ""herding"": 37, ""kcenter"": 0, ""kmeans"": 5, ""marc"": 3, ""random"": 12}"
single_0.33,all6|default|lcb=0|fb=herding|gap=0.01,64,0.6912250685398597,0.6860282427459201,herding,0.7059333595529326,-0.014708291013072916,-0.01025651928097274,"[-1.80,-0.36]",0.484375,0.013253012048192792,"{""boundary"": 7, ""herding"": 37, ""kcenter"": 0, ""kmeans"": 5, ""marc"": 3, ""random"": 12}"
single_0.33,no_boundary|herding_first|lcb=0|fb=herding|gap=0.05,64,0.6911792397272953,0.6808610445103807,herding,0.7059333595529326,-0.014754119825637235,-0.01030234809353691,"[-1.83,-0.41]",0.890625,0.0049926980649872,"{""boundary"": 0, ""herding"": 57, ""kcenter"": 0, ""kmeans"": 0, ""marc"": 0, ""random"": 7}"
single_0.33,no_boundary|kmeans_first|lcb=0|fb=herding|gap=0.05,64,0.6911792397272953,0.6808610445103807,herding,0.7059333595529326,-0.014754119825637235,-0.01030234809353691,"[-1.83,-0.41]",0.890625,0.0049926980649872,"{""boundary"": 0, ""herding"": 57, ""kcenter"": 0, ""kmeans"": 0, ""marc"": 0, ""random"": 7}"
single_0.33,no_boundary|marc_first|lcb=0|fb=herding|gap=0.05,64,0.6911792397272953,0.6808610445103807,herding,0.7059333595529326,-0.014754119825637235,-0.01030234809353691,"[-1.83,-0.41]",0.890625,0.0049926980649872,"{""boundary"": 0, ""herding"": 57, ""kcenter"": 0, ""kmeans"": 0, ""marc"": 0, ""random"": 7}"
single_0.33,all6|kmeans_first|lcb=0|fb=herding|gap=0.05,64,0.6911792397272953,0.6808610445103807,herding,0.7059333595529326,-0.014754119825637235,-0.01030234809353691,"[-1.83,-0.41]",0.890625,0.013253012048192792,"{""boundary"": 0, ""herding"": 57, ""kcenter"": 0, ""kmeans"": 0, ""marc"": 0, ""random"": 7}"
single_0.33,all6|herding_first|lcb=0|fb=herding|gap=0.05,64,0.6911792397272953,0.6808610445103807,herding,0.7059333595529326,-0.014754119825637235,-0.01030234809353691,"[-1.83,-0.41]",0.890625,0.013253012048192792,"{""boundary"": 0, ""herding"": 57, ""kcenter"": 0, ""kmeans"": 0, ""marc"": 0, ""random"": 7}"
single_0.33,all6|default|lcb=0|fb=herding|gap=0.05,64,0.6911792397272953,0.6808610445103807,herding,0.7059333595529326,-0.014754119825637235,-0.01030234809353691,"[-1.83,-0.41]",0.890625,0.013253012048192792,"{""boundary"": 0, ""herding"": 57, ""kcenter"": 0, ""kmeans"": 0, ""marc"": 0, ""random"": 7}"
single_0.33,no_boundary|default|lcb=0|fb=herding|gap=0.05,64,0.6911792397272953,0.6808610445103807,herding,0.7059333595529326,-0.014754119825637235,-0.01030234809353691,"[-1.83,-0.41]",0.890625,0.0049926980649872,"{""boundary"": 0, ""herding"": 57, ""kcenter"": 0, ""kmeans"": 0, ""marc"": 0, ""random"": 7}"
single_0.33,all6|marc_first|lcb=0|fb=herding|gap=0.05,64,0.6911792397272953,0.6808610445103807,herding,0.7059333595529326,-0.014754119825637235,-0.01030234809353691,"[-1.83,-0.41]",0.890625,0.013253012048192792,"{""boundary"": 0, ""herding"": 57, ""kcenter"": 0, ""kmeans"": 0, ""marc"": 0, ""random"": 7}"
single_0.25,all6|default|lcb=0|fb=none|gap=0,64,0.6910975426624425,0.6864708594395124,herding,0.7059333595529326,-0.014835816890490072,-0.01038404515838983,"[-1.87,-0.34]",0.0,0.007936507936507908,"{""boundary"": 9, ""herding"": 29, ""kcenter"": 1, ""kmeans"": 8, ""marc"": 8, ""random"": 9}"
single_0.20,no_boundary|default|lcb=0|fb=none|gap=0,64,0.691051005998272,0.6837478259702066,herding,0.7059333595529326,-0.01488235355466061,-0.010430581822560374,"[-1.73,-0.48]",0.0,0.0013262599469496018,"{""boundary"": 0, ""herding"": 32, ""kcenter"": 0, ""kmeans"": 5, ""marc"": 7, ""random"": 20}"
single_0.10,all6|default|lcb=0|fb=none|gap=0,64,0.6910383153071433,0.6873496010327873,herding,0.7059333595529326,-0.014895044245789246,-0.01044327251368901,"[-1.83,-0.36]",0.0,0.010984848484848451,"{""boundary"": 9, ""herding"": 31, ""kcenter"": 1, ""kmeans"": 9, ""marc"": 2, ""random"": 12}"
single_0.20,no_boundary|kmeans_first|lcb=0|fb=none|gap=0,64,0.6910205479086033,0.6836416098010646,herding,0.7059333595529326,-0.014912811644329227,-0.010461039912228989,"[-1.77,-0.45]",0.0,0.0013262599469496018,"{""boundary"": 0, ""herding"": 8, ""kcenter"": 0, ""kmeans"": 30, ""marc"": 7, ""random"": 19}"
single_0.25,no_boundary|default|lcb=0|fb=herding|gap=0.01,64,0.690883726226529,0.6810316216453434,herding,0.7059333595529326,-0.015049633326403522,-0.010597861594303336,"[-1.83,-0.44]",0.609375,0.00030321406913279975,"{""boundary"": 0, ""herding"": 43, ""kcenter"": 0, ""kmeans"": 4, ""marc"": 6, ""random"": 11}"
single_0.25,no_boundary|herding_first|lcb=0|fb=herding|gap=0.01,64,0.690883726226529,0.6810316216453434,herding,0.7059333595529326,-0.015049633326403522,-0.010597861594303336,"[-1.83,-0.44]",0.609375,0.00030321406913279975,"{""boundary"": 0, ""herding"": 43, ""kcenter"": 0, ""kmeans"": 4, ""marc"": 6, ""random"": 11}"
single_0.25,no_boundary|marc_first|lcb=0|fb=herding|gap=0.01,64,0.690883726226529,0.6810316216453434,herding,0.7059333595529326,-0.015049633326403522,-0.010597861594303336,"[-1.83,-0.44]",0.609375,0.00030321406913279975,"{""boundary"": 0, ""herding"": 43, ""kcenter"": 0, ""kmeans"": 4, ""marc"": 6, ""random"": 11}"
single_0.25,no_boundary|kmeans_first|lcb=0|fb=herding|gap=0.01,64,0.690883726226529,0.6810316216453434,herding,0.7059333595529326,-0.015049633326403522,-0.010597861594303336,"[-1.83,-0.44]",0.609375,0.00030321406913279975,"{""boundary"": 0, ""herding"": 43, ""kcenter"": 0, ""kmeans"": 4, ""marc"": 6, ""random"": 11}"
single_0.10,all6|default|lcb=0|fb=herding|gap=0.02,64,0.6908696198321878,0.6834588881044428,herding,0.7059333595529326,-0.015063739720744818,-0.010611967988644723,"[-1.97,-0.32]",0.5625,0.010984848484848451,"{""boundary"": 5, ""herding"": 43, ""kcenter"": 1, ""kmeans"": 8, ""marc"": 1, ""random"": 6}"
single_0.10,all6|herding_first|lcb=0|fb=herding|gap=0.02,64,0.6908696198321878,0.6834588881044428,herding,0.7059333595529326,-0.015063739720744818,-0.010611967988644723,"[-1.97,-0.32]",0.5625,0.010984848484848451,"{""boundary"": 5, ""herding"": 43, ""kcenter"": 1, ""kmeans"": 8, ""marc"": 1, ""random"": 6}"
single_0.10,all6|marc_first|lcb=0|fb=herding|gap=0.02,64,0.6908696198321878,0.6834588881044428,herding,0.7059333595529326,-0.015063739720744818,-0.010611967988644723,"[-1.97,-0.32]",0.5625,0.010984848484848451,"{""boundary"": 5, ""herding"": 43, ""kcenter"": 1, ""kmeans"": 8, ""marc"": 1, ""random"": 6}"
single_0.10,all6|kmeans_first|lcb=0|fb=herding|gap=0.02,64,0.6908696198321878,0.6834588881044428,herding,0.7059333595529326,-0.015063739720744818,-0.010611967988644723,"[-1.97,-0.32]",0.5625,0.010984848484848451,"{""boundary"": 5, ""herding"": 43, ""kcenter"": 1, ""kmeans"": 8, ""marc"": 1, ""random"": 6}"
single_0.25,no_boundary|kmeans_first|lcb=0|fb=herding|gap=0.005,64,0.6907969206709734,0.6810330848626365,herding,0.7059333595529326,-0.015136438881959147,-0.010684667149858891,"[-1.83,-0.44]",0.578125,0.00030321406913279975,"{""boundary"": 0, ""herding"": 41, ""kcenter"": 0, ""kmeans"": 5, ""marc"": 7, ""random"": 11}"
single_0.25,no_boundary|default|lcb=0|fb=herding|gap=0.005,64,0.6907969206709734,0.6810330848626365,herding,0.7059333595529326,-0.015136438881959147,-0.010684667149858891,"[-1.83,-0.44]",0.578125,0.00030321406913279975,"{""boundary"": 0, ""herding"": 41, ""kcenter"": 0, ""kmeans"": 5, ""marc"": 7, ""random"": 11}"
single_0.25,no_boundary|marc_first|lcb=0|fb=herding|gap=0.005,64,0.6907969206709734,0.6810330848626365,herding,0.7059333595529326,-0.015136438881959147,-0.010684667149858891,"[-1.83,-0.44]",0.578125,0.00030321406913279975,"{""boundary"": 0, ""herding"": 41, ""kcenter"": 0, ""kmeans"": 5, ""marc"": 7, ""random"": 11}"
single_0.25,no_boundary|herding_first|lcb=0|fb=herding|gap=0.005,64,0.6907969206709734,0.6810330848626365,herding,0.7059333595529326,-0.015136438881959147,-0.010684667149858891,"[-1.83,-0.44]",0.578125,0.00030321406913279975,"{""boundary"": 0, ""herding"": 41, ""kcenter"": 0, ""kmeans"": 5, ""marc"": 7, ""random"": 11}"
single_0.25,all6|kmeans_first|lcb=0|fb=herding|gap=0.01,64,0.690659880276759,0.6852704291009621,herding,0.7059333595529326,-0.015273479276173618,-0.01082170754407341,"[-1.97,-0.35]",0.515625,0.007936507936507908,"{""boundary"": 8, ""herding"": 37, ""kcenter"": 0, ""kmeans"": 4, ""marc"": 6, ""random"": 9}"
single_0.25,all6|marc_first|lcb=0|fb=herding|gap=0.01,64,0.690659880276759,0.6852704291009621,herding,0.7059333595529326,-0.015273479276173618,-0.01082170754407341,"[-1.97,-0.35]",0.515625,0.007936507936507908,"{""boundary"": 8, ""herding"": 37, ""kcenter"": 0, ""kmeans"": 4, ""marc"": 6, ""random"": 9}"
single_0.25,all6|default|lcb=0|fb=herding|gap=0.01,64,0.690659880276759,0.6852704291009621,herding,0.7059333595529326,-0.015273479276173618,-0.01082170754407341,"[-1.97,-0.35]",0.515625,0.007936507936507908,"{""boundary"": 8, ""herding"": 37, ""kcenter"": 0, ""kmeans"": 4, ""marc"": 6, ""random"": 9}"
single_0.25,all6|herding_first|lcb=0|fb=herding|gap=0.01,64,0.690659880276759,0.6852704291009621,herding,0.7059333595529326,-0.015273479276173618,-0.01082170754407341,"[-1.97,-0.35]",0.515625,0.007936507936507908,"{""boundary"": 8, ""herding"": 37, ""kcenter"": 0, ""kmeans"": 4, ""marc"": 6, ""random"": 9}"
single_0.25,all6|default|lcb=0|fb=herding|gap=0.005,64,0.6905730747212033,0.6852718923182552,herding,0.7059333595529326,-0.015360284831729243,-0.010908513099628966,"[-1.97,-0.36]",0.484375,0.007936507936507908,"{""boundary"": 8, ""herding"": 35, ""kcenter"": 0, ""kmeans"": 5, ""marc"": 7, ""random"": 9}"
single_0.25,all6|marc_first|lcb=0|fb=herding|gap=0.005,64,0.6905730747212033,0.6852718923182552,herding,0.7059333595529326,-0.015360284831729243,-0.010908513099628966,"[-1.97,-0.36]",0.484375,0.007936507936507908,"{""boundary"": 8, ""herding"": 35, ""kcenter"": 0, ""kmeans"": 5, ""marc"": 7, ""random"": 9}"
single_0.25,all6|herding_first|lcb=0|fb=herding|gap=0.005,64,0.6905730747212033,0.6852718923182552,herding,0.7059333595529326,-0.015360284831729243,-0.010908513099628966,"[-1.97,-0.36]",0.484375,0.007936507936507908,"{""boundary"": 8, ""herding"": 35, ""kcenter"": 0, ""kmeans"": 5, ""marc"": 7, ""random"": 9}"
single_0.25,all6|kmeans_first|lcb=0|fb=herding|gap=0.005,64,0.6905730747212033,0.6852718923182552,herding,0.7059333595529326,-0.015360284831729243,-0.010908513099628966,"[-1.97,-0.36]",0.484375,0.007936507936507908,"{""boundary"": 8, ""herding"": 35, ""kcenter"": 0, ""kmeans"": 5, ""marc"": 7, ""random"": 9}"
single_0.33,all6|herding_first|lcb=0|fb=kmeans|gap=0.02,64,0.6905174027849317,0.6833284582671468,herding,0.7059333595529326,-0.015415956768000894,-0.010964185035900686,"[-1.95,-0.38]",0.609375,0.013253012048192792,"{""boundary"": 4, ""herding"": 5, ""kcenter"": 0, ""kmeans"": 42, ""marc"": 2, ""random"": 11}"
single_0.33,all6|kmeans_first|lcb=0|fb=kmeans|gap=0.02,64,0.6905174027849317,0.6833284582671468,herding,0.7059333595529326,-0.015415956768000894,-0.010964185035900686,"[-1.95,-0.38]",0.609375,0.013253012048192792,"{""boundary"": 4, ""herding"": 5, ""kcenter"": 0, ""kmeans"": 42, ""marc"": 2, ""random"": 11}"
single_0.33,all6|default|lcb=0|fb=kmeans|gap=0.02,64,0.6905174027849317,0.6833284582671468,herding,0.7059333595529326,-0.015415956768000894,-0.010964185035900686,"[-1.95,-0.38]",0.609375,0.013253012048192792,"{""boundary"": 4, ""herding"": 5, ""kcenter"": 0, ""kmeans"": 42, ""marc"": 2, ""random"": 11}"
single_0.33,all6|marc_first|lcb=0|fb=kmeans|gap=0.02,64,0.6905174027849317,0.6833284582671468,herding,0.7059333595529326,-0.015415956768000894,-0.010964185035900686,"[-1.95,-0.38]",0.609375,0.013253012048192792,"{""boundary"": 4, ""herding"": 5, ""kcenter"": 0, ""kmeans"": 42, ""marc"": 2, ""random"": 11}"
single_0.25,no_boundary|marc_first|lcb=0|fb=kmeans|gap=0.02,64,0.6904075974391675,0.6804023694413914,herding,0.7059333595529326,-0.015525762113765107,-0.011073990381664978,"[-1.88,-0.46]",0.703125,0.00030321406913279975,"{""boundary"": 0, ""herding"": 2, ""kcenter"": 0, ""kmeans"": 47, ""marc"": 5, ""random"": 10}"
single_0.25,no_boundary|kmeans_first|lcb=0|fb=kmeans|gap=0.02,64,0.6904075974391675,0.6804023694413914,herding,0.7059333595529326,-0.015525762113765107,-0.011073990381664978,"[-1.88,-0.46]",0.703125,0.00030321406913279975,"{""boundary"": 0, ""herding"": 2, ""kcenter"": 0, ""kmeans"": 47, ""marc"": 5, ""random"": 10}"
single_0.25,no_boundary|herding_first|lcb=0|fb=kmeans|gap=0.02,64,0.6904075974391675,0.6804023694413914,herding,0.7059333595529326,-0.015525762113765107,-0.011073990381664978,"[-1.88,-0.46]",0.703125,0.00030321406913279975,"{""boundary"": 0, ""herding"": 2, ""kcenter"": 0, ""kmeans"": 47, ""marc"": 5, ""random"": 10}"
single_0.25,no_boundary|default|lcb=0|fb=kmeans|gap=0.02,64,0.6904075974391675,0.6804023694413914,herding,0.7059333595529326,-0.015525762113765107,-0.011073990381664978,"[-1.88,-0.46]",0.703125,0.00030321406913279975,"{""boundary"": 0, ""herding"": 2, ""kcenter"": 0, ""kmeans"": 47, ""marc"": 5, ""random"": 10}"
single_0.25,all6|default|lcb=0|fb=herding|gap=0,64,0.6903994636100923,0.685087137412405,herding,0.7059333595529326,-0.01553389594284027,-0.011082124210740077,"[-1.99,-0.37]",0.46875,0.007936507936507908,"{""boundary"": 8, ""herding"": 34, ""kcenter"": 0, ""kmeans"": 6, ""marc"": 7, ""random"": 9}"
single_0.25,all6|marc_first|lcb=0|fb=herding|gap=0,64,0.6903994636100923,0.685087137412405,herding,0.7059333595529326,-0.01553389594284027,-0.011082124210740077,"[-1.99,-0.37]",0.46875,0.007936507936507908,"{""boundary"": 8, ""herding"": 34, ""kcenter"": 0, ""kmeans"": 6, ""marc"": 7, ""random"": 9}"
single_0.25,all6|kmeans_first|lcb=0|fb=herding|gap=0,64,0.6903994636100923,0.685087137412405,herding,0.7059333595529326,-0.01553389594284027,-0.011082124210740077,"[-1.99,-0.37]",0.46875,0.007936507936507908,"{""boundary"": 8, ""herding"": 34, ""kcenter"": 0, ""kmeans"": 6, ""marc"": 7, ""random"": 9}"
single_0.25,all6|herding_first|lcb=0|fb=herding|gap=0,64,0.6903994636100923,0.685087137412405,herding,0.7059333595529326,-0.01553389594284027,-0.011082124210740077,"[-1.99,-0.37]",0.46875,0.007936507936507908,"{""boundary"": 8, ""herding"": 34, ""kcenter"": 0, ""kmeans"": 6, ""marc"": 7, ""random"": 9}"
single_0.25,all6|marc_first|lcb=0|fb=none|gap=0,64,0.6902294871068869,0.685544230898735,herding,0.7059333595529326,-0.015703872446045652,-0.011252100713945392,"[-2.00,-0.38]",0.0,0.007936507936507908,"{""boundary"": 9, ""herding"": 4, ""kcenter"": 0, ""kmeans"": 9, ""marc"": 33, ""random"": 9}"
single_0.25,no_boundary|marc_first|lcb=0|fb=kmeans|gap=0.01,64,0.6901198449871782,0.6803580913743179,herding,0.7059333595529326,-0.015813514565754416,-0.01136174283365432,"[-1.91,-0.49]",0.609375,0.00030321406913279975,"{""boundary"": 0, ""herding"": 4, ""kcenter"": 0, ""kmeans"": 43, ""marc"": 6, ""random"": 11}"
single_0.25,no_boundary|kmeans_first|lcb=0|fb=kmeans|gap=0.01,64,0.6901198449871782,0.6803580913743179,herding,0.7059333595529326,-0.015813514565754416,-0.01136174283365432,"[-1.91,-0.49]",0.609375,0.00030321406913279975,"{""boundary"": 0, ""herding"": 4, ""kcenter"": 0, ""kmeans"": 43, ""marc"": 6, ""random"": 11}"
single_0.25,no_boundary|herding_first|lcb=0|fb=kmeans|gap=0.01,64,0.6901198449871782,0.6803580913743179,herding,0.7059333595529326,-0.015813514565754416,-0.01136174283365432,"[-1.91,-0.49]",0.609375,0.00030321406913279975,"{""boundary"": 0, ""herding"": 4, ""kcenter"": 0, ""kmeans"": 43, ""marc"": 6, ""random"": 11}"
single_0.25,no_boundary|default|lcb=0|fb=kmeans|gap=0.01,64,0.6901198449871782,0.6803580913743179,herding,0.7059333595529326,-0.015813514565754416,-0.01136174283365432,"[-1.91,-0.49]",0.609375,0.00030321406913279975,"{""boundary"": 0, ""herding"": 4, ""kcenter"": 0, ""kmeans"": 43, ""marc"": 6, ""random"": 11}"
single_0.25,no_boundary|default|lcb=0|fb=kmeans|gap=0.005,64,0.6900330394316225,0.6802717114649971,herding,0.7059333595529326,-0.01590032012131004,-0.011448548389209875,"[-1.92,-0.50]",0.578125,0.00030321406913279975,"{""boundary"": 0, ""herding"": 4, ""kcenter"": 0, ""kmeans"": 42, ""marc"": 7, ""random"": 11}"
single_0.25,no_boundary|herding_first|lcb=0|fb=kmeans|gap=0.005,64,0.6900330394316225,0.6802717114649971,herding,0.7059333595529326,-0.01590032012131004,-0.011448548389209875,"[-1.92,-0.50]",0.578125,0.00030321406913279975,"{""boundary"": 0, ""herding"": 4, ""kcenter"": 0, ""kmeans"": 42, ""marc"": 7, ""random"": 11}"
single_0.25,no_boundary|kmeans_first|lcb=0|fb=kmeans|gap=0.005,64,0.6900330394316225,0.6802717114649971,herding,0.7059333595529326,-0.01590032012131004,-0.011448548389209875,"[-1.92,-0.50]",0.578125,0.00030321406913279975,"{""boundary"": 0, ""herding"": 4, ""kcenter"": 0, ""kmeans"": 42, ""marc"": 7, ""random"": 11}"
single_0.25,no_boundary|marc_first|lcb=0|fb=kmeans|gap=0.005,64,0.6900330394316225,0.6802717114649971,herding,0.7059333595529326,-0.01590032012131004,-0.011448548389209875,"[-1.92,-0.50]",0.578125,0.00030321406913279975,"{""boundary"": 0, ""herding"": 4, ""kcenter"": 0, ""kmeans"": 42, ""marc"": 7, ""random"": 11}"
single_0.25,no_boundary|herding_first|lcb=0|fb=herding|gap=0.02,64,0.6900150888751326,0.6797489703193413,herding,0.7059333595529326,-0.01591827067779994,-0.011466498945699746,"[-1.92,-0.52]",0.703125,0.00030321406913279975,"{""boundary"": 0, ""herding"": 47, ""kcenter"": 0, ""kmeans"": 2, ""marc"": 5, ""random"": 10}"
single_0.25,no_boundary|kmeans_first|lcb=0|fb=herding|gap=0.02,64,0.6900150888751326,0.6797489703193413,herding,0.7059333595529326,-0.01591827067779994,-0.011466498945699746,"[-1.92,-0.52]",0.703125,0.00030321406913279975,"{""boundary"": 0, ""herding"": 47, ""kcenter"": 0, ""kmeans"": 2, ""marc"": 5, ""random"": 10}"
single_0.25,no_boundary|marc_first|lcb=0|fb=herding|gap=0.02,64,0.6900150888751326,0.6797489703193413,herding,0.7059333595529326,-0.01591827067779994,-0.011466498945699746,"[-1.92,-0.52]",0.703125,0.00030321406913279975,"{""boundary"": 0, ""herding"": 47, ""kcenter"": 0, ""kmeans"": 2, ""marc"": 5, ""random"": 10}"
single_0.25,no_boundary|default|lcb=0|fb=herding|gap=0.02,64,0.6900150888751326,0.6797489703193413,herding,0.7059333595529326,-0.01591827067779994,-0.011466498945699746,"[-1.92,-0.52]",0.703125,0.00030321406913279975,"{""boundary"": 0, ""herding"": 47, ""kcenter"": 0, ""kmeans"": 2, ""marc"": 5, ""random"": 10}"
single_0.33,no_boundary|marc_first|lcb=0|fb=kmeans|gap=0.05,64,0.6899782396504122,0.6800670015692161,herding,0.7059333595529326,-0.01595511990252041,-0.011503348170420159,"[-2.02,-0.44]",0.890625,0.0049926980649872,"{""boundary"": 0, ""herding"": 0, ""kcenter"": 0, ""kmeans"": 57, ""marc"": 0, ""random"": 7}"
single_0.33,all6|kmeans_first|lcb=0|fb=kmeans|gap=0.05,64,0.6899782396504122,0.6800670015692161,herding,0.7059333595529326,-0.01595511990252041,-0.011503348170420159,"[-2.02,-0.44]",0.890625,0.013253012048192792,"{""boundary"": 0, ""herding"": 0, ""kcenter"": 0, ""kmeans"": 57, ""marc"": 0, ""random"": 7}"
single_0.33,all6|herding_first|lcb=0|fb=kmeans|gap=0.05,64,0.6899782396504122,0.6800670015692161,herding,0.7059333595529326,-0.01595511990252041,-0.011503348170420159,"[-2.02,-0.44]",0.890625,0.013253012048192792,"{""boundary"": 0, ""herding"": 0, ""kcenter"": 0, ""kmeans"": 57, ""marc"": 0, ""random"": 7}"
single_0.33,no_boundary|default|lcb=0|fb=kmeans|gap=0.05,64,0.6899782396504122,0.6800670015692161,herding,0.7059333595529326,-0.01595511990252041,-0.011503348170420159,"[-2.02,-0.44]",0.890625,0.0049926980649872,"{""boundary"": 0, ""herding"": 0, ""kcenter"": 0, ""kmeans"": 57, ""marc"": 0, ""random"": 7}"
single_0.33,all6|default|lcb=0|fb=kmeans|gap=0.05,64,0.6899782396504122,0.6800670015692161,herding,0.7059333595529326,-0.01595511990252041,-0.011503348170420159,"[-2.02,-0.44]",0.890625,0.013253012048192792,"{""boundary"": 0, ""herding"": 0, ""kcenter"": 0, ""kmeans"": 57, ""marc"": 0, ""random"": 7}"
single_0.33,no_boundary|herding_first|lcb=0|fb=kmeans|gap=0.05,64,0.6899782396504122,0.6800670015692161,herding,0.7059333595529326,-0.01595511990252041,-0.011503348170420159,"[-2.02,-0.44]",0.890625,0.0049926980649872,"{""boundary"": 0, ""herding"": 0, ""kcenter"": 0, ""kmeans"": 57, ""marc"": 0, ""random"": 7}"
single_0.33,no_boundary|kmeans_first|lcb=0|fb=kmeans|gap=0.05,64,0.6899782396504122,0.6800670015692161,herding,0.7059333595529326,-0.01595511990252041,-0.011503348170420159,"[-2.02,-0.44]",0.890625,0.0049926980649872,"{""boundary"": 0, ""herding"": 0, ""kcenter"": 0, ""kmeans"": 57, ""marc"": 0, ""random"": 7}"
single_0.33,all6|marc_first|lcb=0|fb=kmeans|gap=0.05,64,0.6899782396504122,0.6800670015692161,herding,0.7059333595529326,-0.01595511990252041,-0.011503348170420159,"[-2.02,-0.44]",0.890625,0.013253012048192792,"{""boundary"": 0, ""herding"": 0, ""kcenter"": 0, ""kmeans"": 57, ""marc"": 0, ""random"": 7}"
single_0.20,no_boundary|marc_first|lcb=0|fb=herding|gap=0,64,0.689961771057217,0.6819924914671758,herding,0.7059333595529326,-0.01597158849571556,-0.011519816763615407,"[-1.88,-0.55]",0.46875,0.0013262599469496018,"{""boundary"": 0, ""herding"": 35, ""kcenter"": 0, ""kmeans"": 4, ""marc"": 7, ""random"": 18}"
single_0.20,no_boundary|kmeans_first|lcb=0|fb=herding|gap=0,64,0.689961771057217,0.6819924914671758,herding,0.7059333595529326,-0.01597158849571556,-0.011519816763615407,"[-1.88,-0.55]",0.46875,0.0013262599469496018,"{""boundary"": 0, ""herding"": 35, ""kcenter"": 0, ""kmeans"": 4, ""marc"": 7, ""random"": 18}"
single_0.20,no_boundary|herding_first|lcb=0|fb=herding|gap=0,64,0.689961771057217,0.6819924914671758,herding,0.7059333595529326,-0.01597158849571556,-0.011519816763615407,"[-1.88,-0.55]",0.46875,0.0013262599469496018,"{""boundary"": 0, ""herding"": 35, ""kcenter"": 0, ""kmeans"": 4, ""marc"": 7, ""random"": 18}"
single_0.20,no_boundary|default|lcb=0|fb=herding|gap=0,64,0.689961771057217,0.6819924914671758,herding,0.7059333595529326,-0.01597158849571556,-0.011519816763615407,"[-1.88,-0.55]",0.46875,0.0013262599469496018,"{""boundary"": 0, ""herding"": 35, ""kcenter"": 0, ""kmeans"": 4, ""marc"": 7, ""random"": 18}"
single_0.25,all6|kmeans_first|lcb=0|fb=none|gap=0,64,0.6899401352550352,0.6852391162296957,herding,0.7059333595529326,-0.0159932242978974,-0.01154145256579724,"[-2.03,-0.41]",0.0,0.007936507936507908,"{""boundary"": 9, ""herding"": 5, ""kcenter"": 0, ""kmeans"": 33, ""marc"": 8, ""random"": 9}"
single_0.25,all6|marc_first|lcb=0|fb=kmeans|gap=0.01,64,0.6899070531583843,0.6845585267002245,herding,0.7059333595529326,-0.016026306394548273,-0.011574534662448094,"[-2.06,-0.40]",0.515625,0.007936507936507908,"{""boundary"": 8, ""herding"": 4, ""kcenter"": 0, ""kmeans"": 37, ""marc"": 6, ""random"": 9}"
single_0.25,all6|default|lcb=0|fb=kmeans|gap=0.01,64,0.6899070531583843,0.6845585267002245,herding,0.7059333595529326,-0.016026306394548273,-0.011574534662448094,"[-2.06,-0.40]",0.515625,0.007936507936507908,"{""boundary"": 8, ""herding"": 4, ""kcenter"": 0, ""kmeans"": 37, ""marc"": 6, ""random"": 9}"
single_0.25,all6|herding_first|lcb=0|fb=kmeans|gap=0.01,64,0.6899070531583843,0.6845585267002245,herding,0.7059333595529326,-0.016026306394548273,-0.011574534662448094,"[-2.06,-0.40]",0.515625,0.007936507936507908,"{""boundary"": 8, ""herding"": 4, ""kcenter"": 0, ""kmeans"": 37, ""marc"": 6, ""random"": 9}"
single_0.25,all6|kmeans_first|lcb=0|fb=kmeans|gap=0.01,64,0.6899070531583843,0.6845585267002245,herding,0.7059333595529326,-0.016026306394548273,-0.011574534662448094,"[-2.06,-0.40]",0.515625,0.007936507936507908,"{""boundary"": 8, ""herding"": 4, ""kcenter"": 0, ""kmeans"": 37, ""marc"": 6, ""random"": 9}"
single_0.20,no_boundary|kmeans_first|lcb=0|fb=kmeans|gap=0,64,0.689894763259946,0.6820593061119593,herding,0.7059333595529326,-0.01603859629298654,-0.01158682456088636,"[-1.93,-0.51]",0.46875,0.0013262599469496018,"{""boundary"": 0, ""herding"": 5, ""kcenter"": 0, ""kmeans"": 34, ""marc"": 7, ""random"": 18}"
single_0.20,no_boundary|default|lcb=0|fb=kmeans|gap=0,64,0.689894763259946,0.6820593061119593,herding,0.7059333595529326,-0.01603859629298654,-0.01158682456088636,"[-1.93,-0.51]",0.46875,0.0013262599469496018,"{""boundary"": 0, ""herding"": 5, ""kcenter"": 0, ""kmeans"": 34, ""marc"": 7, ""random"": 18}"
single_0.20,no_boundary|marc_first|lcb=0|fb=kmeans|gap=0,64,0.689894763259946,0.6820593061119593,herding,0.7059333595529326,-0.01603859629298654,-0.01158682456088636,"[-1.93,-0.51]",0.46875,0.0013262599469496018,"{""boundary"": 0, ""herding"": 5, ""kcenter"": 0, ""kmeans"": 34, ""marc"": 7, ""random"": 18}"
single_0.20,no_boundary|herding_first|lcb=0|fb=kmeans|gap=0,64,0.689894763259946,0.6820593061119593,herding,0.7059333595529326,-0.01603859629298654,-0.01158682456088636,"[-1.93,-0.51]",0.46875,0.0013262599469496018,"{""boundary"": 0, ""herding"": 5, ""kcenter"": 0, ""kmeans"": 34, ""marc"": 7, ""random"": 18}"
single_0.25,all6|kmeans_first|lcb=0|fb=kmeans|gap=0,64,0.6898202476028288,0.6844721467909036,herding,0.7059333595529326,-0.016113111950103787,-0.011661340218003649,"[-2.07,-0.41]",0.46875,0.007936507936507908,"{""boundary"": 8, ""herding"": 4, ""kcenter"": 0, ""kmeans"": 36, ""marc"": 7, ""random"": 9}"
single_0.25,all6|marc_first|lcb=0|fb=kmeans|gap=0,64,0.6898202476028288,0.6844721467909036,herding,0.7059333595529326,-0.016113111950103787,-0.011661340218003649,"[-2.07,-0.41]",0.46875,0.007936507936507908,"{""boundary"": 8, ""herding"": 4, ""kcenter"": 0, ""kmeans"": 36, ""marc"": 7, ""random"": 9}"
single_0.25,all6|default|lcb=0|fb=kmeans|gap=0.005,64,0.6898202476028288,0.6844721467909036,herding,0.7059333595529326,-0.016113111950103787,-0.011661340218003649,"[-2.07,-0.41]",0.484375,0.007936507936507908,"{""boundary"": 8, ""herding"": 4, ""kcenter"": 0, ""kmeans"": 36, ""marc"": 7, ""random"": 9}"
single_0.25,all6|marc_first|lcb=0|fb=kmeans|gap=0.005,64,0.6898202476028288,0.6844721467909036,herding,0.7059333595529326,-0.016113111950103787,-0.011661340218003649,"[-2.07,-0.41]",0.484375,0.007936507936507908,"{""boundary"": 8, ""herding"": 4, ""kcenter"": 0, ""kmeans"": 36, ""marc"": 7, ""random"": 9}"
single_0.25,all6|herding_first|lcb=0|fb=kmeans|gap=0.005,64,0.6898202476028288,0.6844721467909036,herding,0.7059333595529326,-0.016113111950103787,-0.011661340218003649,"[-2.07,-0.41]",0.484375,0.007936507936507908,"{""boundary"": 8, ""herding"": 4, ""kcenter"": 0, ""kmeans"": 36, ""marc"": 7, ""random"": 9}"
single_0.25,all6|kmeans_first|lcb=0|fb=kmeans|gap=0.005,64,0.6898202476028288,0.6844721467909036,herding,0.7059333595529326,-0.016113111950103787,-0.011661340218003649,"[-2.07,-0.41]",0.484375,0.007936507936507908,"{""boundary"": 8, ""herding"": 4, ""kcenter"": 0, ""kmeans"": 36, ""marc"": 7, ""random"": 9}"
single_0.25,all6|herding_first|lcb=0|fb=kmeans|gap=0,64,0.6898202476028288,0.6844721467909036,herding,0.7059333595529326,-0.016113111950103787,-0.011661340218003649,"[-2.07,-0.41]",0.46875,0.007936507936507908,"{""boundary"": 8, ""herding"": 4, ""kcenter"": 0, ""kmeans"": 36, ""marc"": 7, ""random"": 9}"
single_0.25,all6|default|lcb=0|fb=kmeans|gap=0,64,0.6898202476028288,0.6844721467909036,herding,0.7059333595529326,-0.016113111950103787,-0.011661340218003649,"[-2.07,-0.41]",0.46875,0.007936507936507908,"{""boundary"": 8, ""herding"": 4, ""kcenter"": 0, ""kmeans"": 36, ""marc"": 7, ""random"": 9}"
single_0.25,all6|default|lcb=0|fb=kmeans|gap=0.02,64,0.6897360595898572,0.6824518683533505,herding,0.7059333595529326,-0.016197299963075396,-0.011745528230975202,"[-2.10,-0.39]",0.640625,0.007936507936507908,"{""boundary"": 5, ""herding"": 2, ""kcenter"": 0, ""kmeans"": 43, ""marc"": 5, ""random"": 9}"
single_0.25,all6|marc_first|lcb=0|fb=kmeans|gap=0.02,64,0.6897360595898572,0.6824518683533505,herding,0.7059333595529326,-0.016197299963075396,-0.011745528230975202,"[-2.10,-0.39]",0.640625,0.007936507936507908,"{""boundary"": 5, ""herding"": 2, ""kcenter"": 0, ""kmeans"": 43, ""marc"": 5, ""random"": 9}"
single_0.25,all6|herding_first|lcb=0|fb=kmeans|gap=0.02,64,0.6897360595898572,0.6824518683533505,herding,0.7059333595529326,-0.016197299963075396,-0.011745528230975202,"[-2.10,-0.39]",0.640625,0.007936507936507908,"{""boundary"": 5, ""herding"": 2, ""kcenter"": 0, ""kmeans"": 43, ""marc"": 5, ""random"": 9}"
single_0.25,all6|kmeans_first|lcb=0|fb=kmeans|gap=0.02,64,0.6897360595898572,0.6824518683533505,herding,0.7059333595529326,-0.016197299963075396,-0.011745528230975202,"[-2.10,-0.39]",0.640625,0.007936507936507908,"{""boundary"": 5, ""herding"": 2, ""kcenter"": 0, ""kmeans"": 43, ""marc"": 5, ""random"": 9}"
single_0.33,all6|marc_first|lcb=0|fb=herding|gap=0.02,64,0.6896364356713078,0.6821395021108945,herding,0.7059333595529326,-0.016296923881624736,-0.011845152149524462,"[-2.03,-0.46]",0.609375,0.013253012048192792,"{""boundary"": 4, ""herding"": 44, ""kcenter"": 0, ""kmeans"": 3, ""marc"": 2, ""random"": 11}"
single_0.33,all6|herding_first|lcb=0|fb=herding|gap=0.02,64,0.6896364356713078,0.6821395021108945,herding,0.7059333595529326,-0.016296923881624736,-0.011845152149524462,"[-2.03,-0.46]",0.609375,0.013253012048192792,"{""boundary"": 4, ""herding"": 44, ""kcenter"": 0, ""kmeans"": 3, ""marc"": 2, ""random"": 11}"
single_0.33,all6|kmeans_first|lcb=0|fb=herding|gap=0.02,64,0.6896364356713078,0.6821395021108945,herding,0.7059333595529326,-0.016296923881624736,-0.011845152149524462,"[-2.03,-0.46]",0.609375,0.013253012048192792,"{""boundary"": 4, ""herding"": 44, ""kcenter"": 0, ""kmeans"": 3, ""marc"": 2, ""random"": 11}"
single_0.33,all6|default|lcb=0|fb=herding|gap=0.02,64,0.6896364356713078,0.6821395021108945,herding,0.7059333595529326,-0.016296923881624736,-0.011845152149524462,"[-2.03,-0.46]",0.609375,0.013253012048192792,"{""boundary"": 4, ""herding"": 44, ""kcenter"": 0, ""kmeans"": 3, ""marc"": 2, ""random"": 11}"
single_0.10,no_boundary|herding_first|lcb=0|fb=kmeans|gap=0.02,64,0.6895303101842372,0.6798243613980309,herding,0.7059333595529326,-0.01640304936869541,-0.011951277636595321,"[-2.03,-0.51]",0.59375,0.004725829725829703,"{""boundary"": 0, ""herding"": 7, ""kcenter"": 1, ""kmeans"": 46, ""marc"": 1, ""random"": 9}"
single_0.10,no_boundary|default|lcb=0|fb=kmeans|gap=0.02,64,0.6895303101842372,0.6798243613980309,herding,0.7059333595529326,-0.01640304936869541,-0.011951277636595321,"[-2.03,-0.51]",0.59375,0.004725829725829703,"{""boundary"": 0, ""herding"": 7, ""kcenter"": 1, ""kmeans"": 46, ""marc"": 1, ""random"": 9}"
single_0.10,no_boundary|kmeans_first|lcb=0|fb=kmeans|gap=0.02,64,0.6895303101842372,0.6798243613980309,herding,0.7059333595529326,-0.01640304936869541,-0.011951277636595321,"[-2.03,-0.51]",0.59375,0.004725829725829703,"{""boundary"": 0, ""herding"": 7, ""kcenter"": 1, ""kmeans"": 46, ""marc"": 1, ""random"": 9}"
single_0.10,no_boundary|marc_first|lcb=0|fb=kmeans|gap=0.02,64,0.6895303101842372,0.6798243613980309,herding,0.7059333595529326,-0.01640304936869541,-0.011951277636595321,"[-2.03,-0.51]",0.59375,0.004725829725829703,"{""boundary"": 0, ""herding"": 7, ""kcenter"": 1, ""kmeans"": 46, ""marc"": 1, ""random"": 9}"
single_0.33,no_boundary|herding_first|lcb=0|fb=kmeans|gap=0.01,64,0.6894095164388785,0.6802469218462321,herding,0.7059333595529326,-0.016523843114054082,-0.012072071381953889,"[-2.08,-0.48]",0.5625,0.0049926980649872,"{""boundary"": 0, ""herding"": 6, ""kcenter"": 0, ""kmeans"": 41, ""marc"": 3, ""random"": 14}"
single_0.33,no_boundary|marc_first|lcb=0|fb=kmeans|gap=0.01,64,0.6894095164388785,0.6802469218462321,herding,0.7059333595529326,-0.016523843114054082,-0.012072071381953889,"[-2.08,-0.48]",0.5625,0.0049926980649872,"{""boundary"": 0, ""herding"": 6, ""kcenter"": 0, ""kmeans"": 41, ""marc"": 3, ""random"": 14}"
single_0.33,no_boundary|default|lcb=0|fb=kmeans|gap=0.01,64,0.6894095164388785,0.6802469218462321,herding,0.7059333595529326,-0.016523843114054082,-0.012072071381953889,"[-2.08,-0.48]",0.5625,0.0049926980649872,"{""boundary"": 0, ""herding"": 6, ""kcenter"": 0, ""kmeans"": 41, ""marc"": 3, ""random"": 14}"
single_0.33,no_boundary|kmeans_first|lcb=0|fb=kmeans|gap=0.01,64,0.6894095164388785,0.6802469218462321,herding,0.7059333595529326,-0.016523843114054082,-0.012072071381953889,"[-2.08,-0.48]",0.5625,0.0049926980649872,"{""boundary"": 0, ""herding"": 6, ""kcenter"": 0, ""kmeans"": 41, ""marc"": 3, ""random"": 14}"
single_0.33,no_boundary|default|lcb=0|fb=herding|gap=0.005,64,0.6893904399996966,0.6798639187929973,herding,0.7059333595529326,-0.016542919553235946,-0.012091147821135795,"[-2.09,-0.48]",0.5,0.0049926980649872,"{""boundary"": 0, ""herding"": 38, ""kcenter"": 0, ""kmeans"": 6, ""marc"": 5, ""random"": 15}"
single_0.33,no_boundary|kmeans_first|lcb=0|fb=herding|gap=0.005,64,0.6893904399996966,0.6798639187929973,herding,0.7059333595529326,-0.016542919553235946,-0.012091147821135795,"[-2.09,-0.48]",0.5,0.0049926980649872,"{""boundary"": 0, ""herding"": 38, ""kcenter"": 0, ""kmeans"": 6, ""marc"": 5, ""random"": 15}"
single_0.33,no_boundary|marc_first|lcb=0|fb=herding|gap=0.005,64,0.6893904399996966,0.6798639187929973,herding,0.7059333595529326,-0.016542919553235946,-0.012091147821135795,"[-2.09,-0.48]",0.5,0.0049926980649872,"{""boundary"": 0, ""herding"": 38, ""kcenter"": 0, ""kmeans"": 6, ""marc"": 5, ""random"": 15}"
single_0.33,no_boundary|herding_first|lcb=0|fb=herding|gap=0.005,64,0.6893904399996966,0.6798639187929973,herding,0.7059333595529326,-0.016542919553235946,-0.012091147821135795,"[-2.09,-0.48]",0.5,0.0049926980649872,"{""boundary"": 0, ""herding"": 38, ""kcenter"": 0, ""kmeans"": 6, ""marc"": 5, ""random"": 15}"
single_0.25,all6|kmeans_first|lcb=0|fb=herding|gap=0.02,64,0.6893435510258223,0.6818378395250122,herding,0.7059333595529326,-0.016589808527110228,-0.012138036795009972,"[-2.11,-0.45]",0.640625,0.007936507936507908,"{""boundary"": 5, ""herding"": 43, ""kcenter"": 0, ""kmeans"": 2, ""marc"": 5, ""random"": 9}"
single_0.25,all6|default|lcb=0|fb=herding|gap=0.02,64,0.6893435510258223,0.6818378395250122,herding,0.7059333595529326,-0.016589808527110228,-0.012138036795009972,"[-2.11,-0.45]",0.640625,0.007936507936507908,"{""boundary"": 5, ""herding"": 43, ""kcenter"": 0, ""kmeans"": 2, ""marc"": 5, ""random"": 9}"
single_0.25,all6|herding_first|lcb=0|fb=herding|gap=0.02,64,0.6893435510258223,0.6818378395250122,herding,0.7059333595529326,-0.016589808527110228,-0.012138036795009972,"[-2.11,-0.45]",0.640625,0.007936507936507908,"{""boundary"": 5, ""herding"": 43, ""kcenter"": 0, ""kmeans"": 2, ""marc"": 5, ""random"": 9}"
single_0.25,all6|marc_first|lcb=0|fb=herding|gap=0.02,64,0.6893435510258223,0.6818378395250122,herding,0.7059333595529326,-0.016589808527110228,-0.012138036795009972,"[-2.11,-0.45]",0.640625,0.007936507936507908,"{""boundary"": 5, ""herding"": 43, ""kcenter"": 0, ""kmeans"": 2, ""marc"": 5, ""random"": 9}"
single_0.33,no_boundary|herding_first|lcb=0|fb=herding|gap=0.01,64,0.6892076914616849,0.6796469204700122,herding,0.7059333595529326,-0.016725668091247647,-0.012273896359147485,"[-2.10,-0.50]",0.5625,0.0049926980649872,"{""boundary"": 0, ""herding"": 42, ""kcenter"": 0, ""kmeans"": 5, ""marc"": 3, ""random"": 14}"
single_0.33,no_boundary|marc_first|lcb=0|fb=herding|gap=0.01,64,0.6892076914616849,0.6796469204700122,herding,0.7059333595529326,-0.016725668091247647,-0.012273896359147485,"[-2.10,-0.50]",0.5625,0.0049926980649872,"{""boundary"": 0, ""herding"": 42, ""kcenter"": 0, ""kmeans"": 5, ""marc"": 3, ""random"": 14}"
single_0.33,no_boundary|kmeans_first|lcb=0|fb=herding|gap=0.01,64,0.6892076914616849,0.6796469204700122,herding,0.7059333595529326,-0.016725668091247647,-0.012273896359147485,"[-2.10,-0.50]",0.5625,0.0049926980649872,"{""boundary"": 0, ""herding"": 42, ""kcenter"": 0, ""kmeans"": 5, ""marc"": 3, ""random"": 14}"
single_0.33,no_boundary|default|lcb=0|fb=herding|gap=0.01,64,0.6892076914616849,0.6796469204700122,herding,0.7059333595529326,-0.016725668091247647,-0.012273896359147485,"[-2.10,-0.50]",0.5625,0.0049926980649872,"{""boundary"": 0, ""herding"": 42, ""kcenter"": 0, ""kmeans"": 5, ""marc"": 3, ""random"": 14}"
single_0.33,no_boundary|herding_first|lcb=0|fb=kmeans|gap=0.02,64,0.688944954076053,0.6793803222560295,herding,0.7059333595529326,-0.01698840547687952,-0.012536633744779356,"[-2.12,-0.53]",0.65625,0.0049926980649872,"{""boundary"": 0, ""herding"": 5, ""kcenter"": 0, ""kmeans"": 45, ""marc"": 2, ""random"": 12}"
single_0.33,no_boundary|kmeans_first|lcb=0|fb=kmeans|gap=0.02,64,0.688944954076053,0.6793803222560295,herding,0.7059333595529326,-0.01698840547687952,-0.012536633744779356,"[-2.12,-0.53]",0.65625,0.0049926980649872,"{""boundary"": 0, ""herding"": 5, ""kcenter"": 0, ""kmeans"": 45, ""marc"": 2, ""random"": 12}"
single_0.33,no_boundary|marc_first|lcb=0|fb=kmeans|gap=0.02,64,0.688944954076053,0.6793803222560295,herding,0.7059333595529326,-0.01698840547687952,-0.012536633744779356,"[-2.12,-0.53]",0.65625,0.0049926980649872,"{""boundary"": 0, ""herding"": 5, ""kcenter"": 0, ""kmeans"": 45, ""marc"": 2, ""random"": 12}"
single_0.33,no_boundary|default|lcb=0|fb=kmeans|gap=0.02,64,0.688944954076053,0.6793803222560295,herding,0.7059333595529326,-0.01698840547687952,-0.012536633744779356,"[-2.12,-0.53]",0.65625,0.0049926980649872,"{""boundary"": 0, ""herding"": 5, ""kcenter"": 0, ""kmeans"": 45, ""marc"": 2, ""random"": 12}"
single_0.33,no_boundary|default|lcb=0|fb=kmeans|gap=0.005,64,0.6885871480178258,0.679379326114886,herding,0.7059333595529326,-0.017346211535106737,-0.01289443980300652,"[-2.17,-0.56]",0.5,0.0049926980649872,"{""boundary"": 0, ""herding"": 6, ""kcenter"": 0, ""kmeans"": 38, ""marc"": 5, ""random"": 15}"
single_0.33,no_boundary|herding_first|lcb=0|fb=kmeans|gap=0.005,64,0.6885871480178258,0.679379326114886,herding,0.7059333595529326,-0.017346211535106737,-0.01289443980300652,"[-2.17,-0.56]",0.5,0.0049926980649872,"{""boundary"": 0, ""herding"": 6, ""kcenter"": 0, ""kmeans"": 38, ""marc"": 5, ""random"": 15}"
single_0.33,no_boundary|marc_first|lcb=0|fb=kmeans|gap=0.005,64,0.6885871480178258,0.679379326114886,herding,0.7059333595529326,-0.017346211535106737,-0.01289443980300652,"[-2.17,-0.56]",0.5,0.0049926980649872,"{""boundary"": 0, ""herding"": 6, ""kcenter"": 0, ""kmeans"": 38, ""marc"": 5, ""random"": 15}"
single_0.33,no_boundary|kmeans_first|lcb=0|fb=kmeans|gap=0.005,64,0.6885871480178258,0.679379326114886,herding,0.7059333595529326,-0.017346211535106737,-0.01289443980300652,"[-2.17,-0.56]",0.5,0.0049926980649872,"{""boundary"": 0, ""herding"": 6, ""kcenter"": 0, ""kmeans"": 38, ""marc"": 5, ""random"": 15}"
single_0.10,all6|marc_first|lcb=0|fb=kmeans|gap=0.02,64,0.6884331886773394,0.6810521481716661,herding,0.7059333595529326,-0.01750017087559319,-0.013048399143493091,"[-2.28,-0.49]",0.5625,0.010984848484848451,"{""boundary"": 5, ""herding"": 7, ""kcenter"": 1, ""kmeans"": 44, ""marc"": 1, ""random"": 6}"
single_0.10,all6|kmeans_first|lcb=0|fb=kmeans|gap=0.02,64,0.6884331886773394,0.6810521481716661,herding,0.7059333595529326,-0.01750017087559319,-0.013048399143493091,"[-2.28,-0.49]",0.5625,0.010984848484848451,"{""boundary"": 5, ""herding"": 7, ""kcenter"": 1, ""kmeans"": 44, ""marc"": 1, ""random"": 6}"
single_0.10,all6|herding_first|lcb=0|fb=kmeans|gap=0.02,64,0.6884331886773394,0.6810521481716661,herding,0.7059333595529326,-0.01750017087559319,-0.013048399143493091,"[-2.28,-0.49]",0.5625,0.010984848484848451,"{""boundary"": 5, ""herding"": 7, ""kcenter"": 1, ""kmeans"": 44, ""marc"": 1, ""random"": 6}"
single_0.10,all6|default|lcb=0|fb=kmeans|gap=0.02,64,0.6884331886773394,0.6810521481716661,herding,0.7059333595529326,-0.01750017087559319,-0.013048399143493091,"[-2.28,-0.49]",0.5625,0.010984848484848451,"{""boundary"": 5, ""herding"": 7, ""kcenter"": 1, ""kmeans"": 44, ""marc"": 1, ""random"": 6}"
single_0.25,no_boundary|default|lcb=0|fb=kmeans|gap=0.05,64,0.6884207344754458,0.6778098231396044,herding,0.7059333595529326,-0.017512625077486743,-0.013060853345386422,"[-2.23,-0.55]",0.875,0.00030321406913279975,"{""boundary"": 0, ""herding"": 0, ""kcenter"": 0, ""kmeans"": 56, ""marc"": 1, ""random"": 7}"
single_0.25,no_boundary|marc_first|lcb=0|fb=kmeans|gap=0.05,64,0.6884207344754458,0.6778098231396044,herding,0.7059333595529326,-0.017512625077486743,-0.013060853345386422,"[-2.23,-0.55]",0.875,0.00030321406913279975,"{""boundary"": 0, ""herding"": 0, ""kcenter"": 0, ""kmeans"": 56, ""marc"": 1, ""random"": 7}"
single_0.25,all6|kmeans_first|lcb=0|fb=kmeans|gap=0.05,64,0.6884207344754458,0.6778098231396044,herding,0.7059333595529326,-0.017512625077486743,-0.013060853345386422,"[-2.23,-0.55]",0.875,0.007936507936507908,"{""boundary"": 0, ""herding"": 0, ""kcenter"": 0, ""kmeans"": 56, ""marc"": 1, ""random"": 7}"
single_0.25,no_boundary|herding_first|lcb=0|fb=kmeans|gap=0.05,64,0.6884207344754458,0.6778098231396044,herding,0.7059333595529326,-0.017512625077486743,-0.013060853345386422,"[-2.23,-0.55]",0.875,0.00030321406913279975,"{""boundary"": 0, ""herding"": 0, ""kcenter"": 0, ""kmeans"": 56, ""marc"": 1, ""random"": 7}"
single_0.25,no_boundary|kmeans_first|lcb=0|fb=kmeans|gap=0.05,64,0.6884207344754458,0.6778098231396044,herding,0.7059333595529326,-0.017512625077486743,-0.013060853345386422,"[-2.23,-0.55]",0.875,0.00030321406913279975,"{""boundary"": 0, ""herding"": 0, ""kcenter"": 0, ""kmeans"": 56, ""marc"": 1, ""random"": 7}"
single_0.25,all6|marc_first|lcb=0|fb=kmeans|gap=0.05,64,0.6884207344754458,0.6778098231396044,herding,0.7059333595529326,-0.017512625077486743,-0.013060853345386422,"[-2.23,-0.55]",0.875,0.007936507936507908,"{""boundary"": 0, ""herding"": 0, ""kcenter"": 0, ""kmeans"": 56, ""marc"": 1, ""random"": 7}"
single_0.25,all6|default|lcb=0|fb=kmeans|gap=0.05,64,0.6884207344754458,0.6778098231396044,herding,0.7059333595529326,-0.017512625077486743,-0.013060853345386422,"[-2.23,-0.55]",0.875,0.007936507936507908,"{""boundary"": 0, ""herding"": 0, ""kcenter"": 0, ""kmeans"": 56, ""marc"": 1, ""random"": 7}"
single_0.25,all6|herding_first|lcb=0|fb=kmeans|gap=0.05,64,0.6884207344754458,0.6778098231396044,herding,0.7059333595529326,-0.017512625077486743,-0.013060853345386422,"[-2.23,-0.55]",0.875,0.007936507936507908,"{""boundary"": 0, ""herding"": 0, ""kcenter"": 0, ""kmeans"": 56, ""marc"": 1, ""random"": 7}"
single_0.33,no_boundary|herding_first|lcb=0|fb=herding|gap=0.02,64,0.6882187446560974,0.6781703081163917,herding,0.7059333595529326,-0.017714614896835124,-0.013262843164734934,"[-2.19,-0.60]",0.65625,0.0049926980649872,"{""boundary"": 0, ""herding"": 47, ""kcenter"": 0, ""kmeans"": 3, ""marc"": 2, ""random"": 12}"
single_0.33,no_boundary|default|lcb=0|fb=herding|gap=0.02,64,0.6882187446560974,0.6781703081163917,herding,0.7059333595529326,-0.017714614896835124,-0.013262843164734934,"[-2.19,-0.60]",0.65625,0.0049926980649872,"{""boundary"": 0, ""herding"": 47, ""kcenter"": 0, ""kmeans"": 3, ""marc"": 2, ""random"": 12}"
single_0.33,no_boundary|kmeans_first|lcb=0|fb=herding|gap=0.02,64,0.6882187446560974,0.6781703081163917,herding,0.7059333595529326,-0.017714614896835124,-0.013262843164734934,"[-2.19,-0.60]",0.65625,0.0049926980649872,"{""boundary"": 0, ""herding"": 47, ""kcenter"": 0, ""kmeans"": 3, ""marc"": 2, ""random"": 12}"
single_0.33,no_boundary|marc_first|lcb=0|fb=herding|gap=0.02,64,0.6882187446560974,0.6781703081163917,herding,0.7059333595529326,-0.017714614896835124,-0.013262843164734934,"[-2.19,-0.60]",0.65625,0.0049926980649872,"{""boundary"": 0, ""herding"": 47, ""kcenter"": 0, ""kmeans"": 3, ""marc"": 2, ""random"": 12}"
single_0.25,no_boundary|kmeans_first|lcb=0|fb=herding|gap=0.05,64,0.6879815281759847,0.6769513882248742,herding,0.7059333595529326,-0.01795183137694789,-0.013500059644847684,"[-2.26,-0.61]",0.875,0.00030321406913279975,"{""boundary"": 0, ""herding"": 56, ""kcenter"": 0, ""kmeans"": 0, ""marc"": 1, ""random"": 7}"
single_0.25,no_boundary|herding_first|lcb=0|fb=herding|gap=0.05,64,0.6879815281759847,0.6769513882248742,herding,0.7059333595529326,-0.01795183137694789,-0.013500059644847684,"[-2.26,-0.61]",0.875,0.00030321406913279975,"{""boundary"": 0, ""herding"": 56, ""kcenter"": 0, ""kmeans"": 0, ""marc"": 1, ""random"": 7}"
single_0.25,no_boundary|marc_first|lcb=0|fb=herding|gap=0.05,64,0.6879815281759847,0.6769513882248742,herding,0.7059333595529326,-0.01795183137694789,-0.013500059644847684,"[-2.26,-0.61]",0.875,0.00030321406913279975,"{""boundary"": 0, ""herding"": 56, ""kcenter"": 0, ""kmeans"": 0, ""marc"": 1, ""random"": 7}"
single_0.25,no_boundary|default|lcb=0|fb=herding|gap=0.05,64,0.6879815281759847,0.6769513882248742,herding,0.7059333595529326,-0.01795183137694789,-0.013500059644847684,"[-2.26,-0.61]",0.875,0.00030321406913279975,"{""boundary"": 0, ""herding"": 56, ""kcenter"": 0, ""kmeans"": 0, ""marc"": 1, ""random"": 7}"
single_0.25,all6|marc_first|lcb=0|fb=herding|gap=0.05,64,0.6879815281759847,0.6769513882248742,herding,0.7059333595529326,-0.01795183137694789,-0.013500059644847684,"[-2.26,-0.61]",0.875,0.007936507936507908,"{""boundary"": 0, ""herding"": 56, ""kcenter"": 0, ""kmeans"": 0, ""marc"": 1, ""random"": 7}"
single_0.25,all6|herding_first|lcb=0|fb=herding|gap=0.05,64,0.6879815281759847,0.6769513882248742,herding,0.7059333595529326,-0.01795183137694789,-0.013500059644847684,"[-2.26,-0.61]",0.875,0.007936507936507908,"{""boundary"": 0, ""herding"": 56, ""kcenter"": 0, ""kmeans"": 0, ""marc"": 1, ""random"": 7}"
single_0.25,all6|default|lcb=0|fb=herding|gap=0.05,64,0.6879815281759847,0.6769513882248742,herding,0.7059333595529326,-0.01795183137694789,-0.013500059644847684,"[-2.26,-0.61]",0.875,0.007936507936507908,"{""boundary"": 0, ""herding"": 56, ""kcenter"": 0, ""kmeans"": 0, ""marc"": 1, ""random"": 7}"
single_0.25,all6|kmeans_first|lcb=0|fb=herding|gap=0.05,64,0.6879815281759847,0.6769513882248742,herding,0.7059333595529326,-0.01795183137694789,-0.013500059644847684,"[-2.26,-0.61]",0.875,0.007936507936507908,"{""boundary"": 0, ""herding"": 56, ""kcenter"": 0, ""kmeans"": 0, ""marc"": 1, ""random"": 7}"
single_0.10,no_boundary|herding_first|lcb=0|fb=herding|gap=0.05,64,0.6876919392961975,0.6765900748104094,herding,0.7059333595529326,-0.01824142025673503,-0.013789648524634704,"[-2.29,-0.64]",0.78125,0.004725829725829703,"{""boundary"": 0, ""herding"": 53, ""kcenter"": 1, ""kmeans"": 3, ""marc"": 1, ""random"": 6}"
single_0.10,no_boundary|kmeans_first|lcb=0|fb=herding|gap=0.05,64,0.6876919392961975,0.6765900748104094,herding,0.7059333595529326,-0.01824142025673503,-0.013789648524634704,"[-2.29,-0.64]",0.78125,0.004725829725829703,"{""boundary"": 0, ""herding"": 53, ""kcenter"": 1, ""kmeans"": 3, ""marc"": 1, ""random"": 6}"
single_0.10,all6|marc_first|lcb=0|fb=herding|gap=0.05,64,0.6876919392961975,0.6765900748104094,herding,0.7059333595529326,-0.01824142025673503,-0.013789648524634704,"[-2.29,-0.64]",0.78125,0.010984848484848451,"{""boundary"": 0, ""herding"": 53, ""kcenter"": 1, ""kmeans"": 3, ""marc"": 1, ""random"": 6}"
single_0.10,all6|kmeans_first|lcb=0|fb=herding|gap=0.05,64,0.6876919392961975,0.6765900748104094,herding,0.7059333595529326,-0.01824142025673503,-0.013789648524634704,"[-2.29,-0.64]",0.78125,0.010984848484848451,"{""boundary"": 0, ""herding"": 53, ""kcenter"": 1, ""kmeans"": 3, ""marc"": 1, ""random"": 6}"
single_0.10,all6|herding_first|lcb=0|fb=herding|gap=0.05,64,0.6876919392961975,0.6765900748104094,herding,0.7059333595529326,-0.01824142025673503,-0.013789648524634704,"[-2.29,-0.64]",0.78125,0.010984848484848451,"{""boundary"": 0, ""herding"": 53, ""kcenter"": 1, ""kmeans"": 3, ""marc"": 1, ""random"": 6}"
single_0.10,no_boundary|default|lcb=0|fb=herding|gap=0.05,64,0.6876919392961975,0.6765900748104094,herding,0.7059333595529326,-0.01824142025673503,-0.013789648524634704,"[-2.29,-0.64]",0.78125,0.004725829725829703,"{""boundary"": 0, ""herding"": 53, ""kcenter"": 1, ""kmeans"": 3, ""marc"": 1, ""random"": 6}"
single_0.10,no_boundary|marc_first|lcb=0|fb=herding|gap=0.05,64,0.6876919392961975,0.6765900748104094,herding,0.7059333595529326,-0.01824142025673503,-0.013789648524634704,"[-2.29,-0.64]",0.78125,0.004725829725829703,"{""boundary"": 0, ""herding"": 53, ""kcenter"": 1, ""kmeans"": 3, ""marc"": 1, ""random"": 6}"
single_0.10,all6|default|lcb=0|fb=herding|gap=0.05,64,0.6876919392961975,0.6765900748104094,herding,0.7059333595529326,-0.01824142025673503,-0.013789648524634704,"[-2.29,-0.64]",0.78125,0.010984848484848451,"{""boundary"": 0, ""herding"": 53, ""kcenter"": 1, ""kmeans"": 3, ""marc"": 1, ""random"": 6}"
single_0.33,no_random|kmeans_first|lcb=0|fb=none|gap=0,64,0.6876477308927902,0.6851764844386014,herding,0.7059333595529326,-0.018285628660142383,-0.013833856928042114,"[-2.37,-0.52]",0.0,0.0059697804874654405,"{""boundary"": 16, ""herding"": 9, ""kcenter"": 0, ""kmeans"": 33, ""marc"": 6, ""random"": 0}"
single_0.33,no_random|herding_first|lcb=0|fb=none|gap=0,64,0.6876477308927902,0.6851764844386014,herding,0.7059333595529326,-0.018285628660142383,-0.013833856928042114,"[-2.37,-0.52]",0.0,0.0059697804874654405,"{""boundary"": 16, ""herding"": 33, ""kcenter"": 0, ""kmeans"": 9, ""marc"": 6, ""random"": 0}"
single_0.33,no_random|default|lcb=0|fb=none|gap=0,64,0.6876477308927902,0.6851764844386014,herding,0.7059333595529326,-0.018285628660142383,-0.013833856928042114,"[-2.37,-0.52]",0.0,0.0059697804874654405,"{""boundary"": 16, ""herding"": 33, ""kcenter"": 0, ""kmeans"": 9, ""marc"": 6, ""random"": 0}"
single_0.33,no_random|marc_first|lcb=0|fb=none|gap=0,64,0.6876477308927902,0.6851764844386014,herding,0.7059333595529326,-0.018285628660142383,-0.013833856928042114,"[-2.37,-0.52]",0.0,0.0059697804874654405,"{""boundary"": 16, ""herding"": 8, ""kcenter"": 0, ""kmeans"": 9, ""marc"": 31, ""random"": 0}"
single_0.10,no_random|marc_first|lcb=0|fb=herding|gap=0,64,0.6871329891773906,0.6846454878395848,herding,0.7059333595529326,-0.01880037037554194,-0.014348598643441722,"[-2.42,-0.57]",0.453125,0.00984848484848485,"{""boundary"": 16, ""herding"": 37, ""kcenter"": 1, ""kmeans"": 8, ""marc"": 2, ""random"": 0}"
single_0.10,no_random|kmeans_first|lcb=0|fb=herding|gap=0,64,0.6871329891773906,0.6846454878395848,herding,0.7059333595529326,-0.01880037037554194,-0.014348598643441722,"[-2.42,-0.57]",0.453125,0.00984848484848485,"{""boundary"": 16, ""herding"": 37, ""kcenter"": 1, ""kmeans"": 8, ""marc"": 2, ""random"": 0}"
single_0.10,no_random|default|lcb=0|fb=herding|gap=0,64,0.6871329891773906,0.6846454878395848,herding,0.7059333595529326,-0.01880037037554194,-0.014348598643441722,"[-2.42,-0.57]",0.453125,0.00984848484848485,"{""boundary"": 16, ""herding"": 37, ""kcenter"": 1, ""kmeans"": 8, ""marc"": 2, ""random"": 0}"
single_0.10,no_random|herding_first|lcb=0|fb=herding|gap=0,64,0.6871329891773906,0.6846454878395848,herding,0.7059333595529326,-0.01880037037554194,-0.014348598643441722,"[-2.42,-0.57]",0.453125,0.00984848484848485,"{""boundary"": 16, ""herding"": 37, ""kcenter"": 1, ""kmeans"": 8, ""marc"": 2, ""random"": 0}"
single_0.33,no_random|marc_first|lcb=0|fb=herding|gap=0,64,0.6870994852787551,0.6845739461564029,herding,0.7059333595529326,-0.018833874274177487,-0.0143821025420772,"[-2.42,-0.58]",0.453125,0.0059697804874654405,"{""boundary"": 16, ""herding"": 36, ""kcenter"": 0, ""kmeans"": 7, ""marc"": 5, ""random"": 0}"
single_0.33,no_random|kmeans_first|lcb=0|fb=herding|gap=0,64,0.6870994852787551,0.6845739461564029,herding,0.7059333595529326,-0.018833874274177487,-0.0143821025420772,"[-2.42,-0.58]",0.453125,0.0059697804874654405,"{""boundary"": 16, ""herding"": 36, ""kcenter"": 0, ""kmeans"": 7, ""marc"": 5, ""random"": 0}"
single_0.33,no_random|herding_first|lcb=0|fb=herding|gap=0,64,0.6870994852787551,0.6845739461564029,herding,0.7059333595529326,-0.018833874274177487,-0.0143821025420772,"[-2.42,-0.58]",0.453125,0.0059697804874654405,"{""boundary"": 16, ""herding"": 36, ""kcenter"": 0, ""kmeans"": 7, ""marc"": 5, ""random"": 0}"
single_0.33,no_random|default|lcb=0|fb=herding|gap=0,64,0.6870994852787551,0.6845739461564029,herding,0.7059333595529326,-0.018833874274177487,-0.0143821025420772,"[-2.42,-0.58]",0.453125,0.0059697804874654405,"{""boundary"": 16, ""herding"": 36, ""kcenter"": 0, ""kmeans"": 7, ""marc"": 5, ""random"": 0}"
single_0.10,no_boundary|default|lcb=0|fb=kmeans|gap=0.05,64,0.6870125008748486,0.6763829502656824,herding,0.7059333595529326,-0.018920858678084018,-0.014469086945983832,"[-2.42,-0.64]",0.78125,0.004725829725829703,"{""boundary"": 0, ""herding"": 3, ""kcenter"": 1, ""kmeans"": 53, ""marc"": 1, ""random"": 6}"
single_0.10,all6|herding_first|lcb=0|fb=kmeans|gap=0.05,64,0.6870125008748486,0.6763829502656824,herding,0.7059333595529326,-0.018920858678084018,-0.014469086945983832,"[-2.42,-0.64]",0.78125,0.010984848484848451,"{""boundary"": 0, ""herding"": 3, ""kcenter"": 1, ""kmeans"": 53, ""marc"": 1, ""random"": 6}"
single_0.10,no_boundary|kmeans_first|lcb=0|fb=kmeans|gap=0.05,64,0.6870125008748486,0.6763829502656824,herding,0.7059333595529326,-0.018920858678084018,-0.014469086945983832,"[-2.42,-0.64]",0.78125,0.004725829725829703,"{""boundary"": 0, ""herding"": 3, ""kcenter"": 1, ""kmeans"": 53, ""marc"": 1, ""random"": 6}"
single_0.10,all6|default|lcb=0|fb=kmeans|gap=0.05,64,0.6870125008748486,0.6763829502656824,herding,0.7059333595529326,-0.018920858678084018,-0.014469086945983832,"[-2.42,-0.64]",0.78125,0.010984848484848451,"{""boundary"": 0, ""herding"": 3, ""kcenter"": 1, ""kmeans"": 53, ""marc"": 1, ""random"": 6}"
single_0.10,all6|marc_first|lcb=0|fb=kmeans|gap=0.05,64,0.6870125008748486,0.6763829502656824,herding,0.7059333595529326,-0.018920858678084018,-0.014469086945983832,"[-2.42,-0.64]",0.78125,0.010984848484848451,"{""boundary"": 0, ""herding"": 3, ""kcenter"": 1, ""kmeans"": 53, ""marc"": 1, ""random"": 6}"
single_0.10,no_boundary|herding_first|lcb=0|fb=kmeans|gap=0.05,64,0.6870125008748486,0.6763829502656824,herding,0.7059333595529326,-0.018920858678084018,-0.014469086945983832,"[-2.42,-0.64]",0.78125,0.004725829725829703,"{""boundary"": 0, ""herding"": 3, ""kcenter"": 1, ""kmeans"": 53, ""marc"": 1, ""random"": 6}"
single_0.10,all6|kmeans_first|lcb=0|fb=kmeans|gap=0.05,64,0.6870125008748486,0.6763829502656824,herding,0.7059333595529326,-0.018920858678084018,-0.014469086945983832,"[-2.42,-0.64]",0.78125,0.010984848484848451,"{""boundary"": 0, ""herding"": 3, ""kcenter"": 1, ""kmeans"": 53, ""marc"": 1, ""random"": 6}"
single_0.10,no_boundary|marc_first|lcb=0|fb=kmeans|gap=0.05,64,0.6870125008748486,0.6763829502656824,herding,0.7059333595529326,-0.018920858678084018,-0.014469086945983832,"[-2.42,-0.64]",0.78125,0.004725829725829703,"{""boundary"": 0, ""herding"": 3, ""kcenter"": 1, ""kmeans"": 53, ""marc"": 1, ""random"": 6}"
single_0.33,no_random|marc_first|lcb=0|fb=kmeans|gap=0,64,0.6867796753372346,0.684279699821688,herding,0.7059333595529326,-0.019153684215697964,-0.01470191248359767,"[-2.45,-0.60]",0.453125,0.0059697804874654405,"{""boundary"": 16, ""herding"": 7, ""kcenter"": 0, ""kmeans"": 36, ""marc"": 5, ""random"": 0}"
single_0.33,no_random|kmeans_first|lcb=0|fb=kmeans|gap=0,64,0.6867796753372346,0.684279699821688,herding,0.7059333595529326,-0.019153684215697964,-0.01470191248359767,"[-2.45,-0.60]",0.453125,0.0059697804874654405,"{""boundary"": 16, ""herding"": 7, ""kcenter"": 0, ""kmeans"": 36, ""marc"": 5, ""random"": 0}"
single_0.33,no_random|herding_first|lcb=0|fb=kmeans|gap=0,64,0.6867796753372346,0.684279699821688,herding,0.7059333595529326,-0.019153684215697964,-0.01470191248359767,"[-2.45,-0.60]",0.453125,0.0059697804874654405,"{""boundary"": 16, ""herding"": 7, ""kcenter"": 0, ""kmeans"": 36, ""marc"": 5, ""random"": 0}"
single_0.33,no_random|default|lcb=0|fb=kmeans|gap=0,64,0.6867796753372346,0.684279699821688,herding,0.7059333595529326,-0.019153684215697964,-0.01470191248359767,"[-2.45,-0.60]",0.453125,0.0059697804874654405,"{""boundary"": 16, ""herding"": 7, ""kcenter"": 0, ""kmeans"": 36, ""marc"": 5, ""random"": 0}"
single_0.10,no_random|marc_first|lcb=0|fb=herding|gap=0.005,64,0.6866991149290709,0.6836461051029452,herding,0.7059333595529326,-0.019234244623861696,-0.014782472891761496,"[-2.48,-0.60]",0.46875,0.00984848484848485,"{""boundary"": 15, ""herding"": 38, ""kcenter"": 1, ""kmeans"": 8, ""marc"": 2, ""random"": 0}"
single_0.10,no_random|default|lcb=0|fb=herding|gap=0.005,64,0.6866991149290709,0.6836461051029452,herding,0.7059333595529326,-0.019234244623861696,-0.014782472891761496,"[-2.48,-0.60]",0.46875,0.00984848484848485,"{""boundary"": 15, ""herding"": 38, ""kcenter"": 1, ""kmeans"": 8, ""marc"": 2, ""random"": 0}"
single_0.10,no_random|herding_first|lcb=0|fb=herding|gap=0.005,64,0.6866991149290709,0.6836461051029452,herding,0.7059333595529326,-0.019234244623861696,-0.014782472891761496,"[-2.48,-0.60]",0.46875,0.00984848484848485,"{""boundary"": 15, ""herding"": 38, ""kcenter"": 1, ""kmeans"": 8, ""marc"": 2, ""random"": 0}"
single_0.10,no_random|kmeans_first|lcb=0|fb=herding|gap=0.005,64,0.6866991149290709,0.6836461051029452,herding,0.7059333595529326,-0.019234244623861696,-0.014782472891761496,"[-2.48,-0.60]",0.46875,0.00984848484848485,"{""boundary"": 15, ""herding"": 38, ""kcenter"": 1, ""kmeans"": 8, ""marc"": 2, ""random"": 0}"
single_0.10,no_random|marc_first|lcb=0|fb=none|gap=0,64,0.6866304306978586,0.6841009486348097,herding,0.7059333595529326,-0.01930292885507401,-0.014851157122973885,"[-2.47,-0.61]",0.0,0.00984848484848485,"{""boundary"": 16, ""herding"": 8, ""kcenter"": 1, ""kmeans"": 9, ""marc"": 30, ""random"": 0}"
single_0.33,no_random|herding_first|lcb=0|fb=herding|gap=0.005,64,0.6866181397220205,0.6827551425448048,herding,0.7059333595529326,-0.01931521983091211,-0.014863448098811861,"[-2.50,-0.59]",0.5,0.0059697804874654405,"{""boundary"": 14, ""herding"": 39, ""kcenter"": 0, ""kmeans"": 6, ""marc"": 5, ""random"": 0}"
single_0.33,no_random|default|lcb=0|fb=herding|gap=0.01,64,0.6866181397220205,0.6827403573337639,herding,0.7059333595529326,-0.01931521983091211,-0.014863448098811861,"[-2.50,-0.59]",0.515625,0.0059697804874654405,"{""boundary"": 14, ""herding"": 40, ""kcenter"": 0, ""kmeans"": 6, ""marc"": 4, ""random"": 0}"
single_0.33,no_random|herding_first|lcb=0|fb=herding|gap=0.01,64,0.6866181397220205,0.6827403573337639,herding,0.7059333595529326,-0.01931521983091211,-0.014863448098811861,"[-2.50,-0.59]",0.515625,0.0059697804874654405,"{""boundary"": 14, ""herding"": 40, ""kcenter"": 0, ""kmeans"": 6, ""marc"": 4, ""random"": 0}"
single_0.33,no_random|default|lcb=0|fb=herding|gap=0.005,64,0.6866181397220205,0.6827551425448048,herding,0.7059333595529326,-0.01931521983091211,-0.014863448098811861,"[-2.50,-0.59]",0.5,0.0059697804874654405,"{""boundary"": 14, ""herding"": 39, ""kcenter"": 0, ""kmeans"": 6, ""marc"": 5, ""random"": 0}"
single_0.33,no_random|marc_first|lcb=0|fb=herding|gap=0.005,64,0.6866181397220205,0.6827551425448048,herding,0.7059333595529326,-0.01931521983091211,-0.014863448098811861,"[-2.50,-0.59]",0.5,0.0059697804874654405,"{""boundary"": 14, ""herding"": 39, ""kcenter"": 0, ""kmeans"": 6, ""marc"": 5, ""random"": 0}"
single_0.33,no_random|kmeans_first|lcb=0|fb=herding|gap=0.005,64,0.6866181397220205,0.6827551425448048,herding,0.7059333595529326,-0.01931521983091211,-0.014863448098811861,"[-2.50,-0.59]",0.5,0.0059697804874654405,"{""boundary"": 14, ""herding"": 39, ""kcenter"": 0, ""kmeans"": 6, ""marc"": 5, ""random"": 0}"
single_0.33,no_random|kmeans_first|lcb=0|fb=herding|gap=0.01,64,0.6866181397220205,0.6827403573337639,herding,0.7059333595529326,-0.01931521983091211,-0.014863448098811861,"[-2.50,-0.59]",0.515625,0.0059697804874654405,"{""boundary"": 14, ""herding"": 40, ""kcenter"": 0, ""kmeans"": 6, ""marc"": 4, ""random"": 0}"
single_0.33,no_random|marc_first|lcb=0|fb=herding|gap=0.01,64,0.6866181397220205,0.6827403573337639,herding,0.7059333595529326,-0.01931521983091211,-0.014863448098811861,"[-2.50,-0.59]",0.515625,0.0059697804874654405,"{""boundary"": 14, ""herding"": 40, ""kcenter"": 0, ""kmeans"": 6, ""marc"": 4, ""random"": 0}"
single_0.33,no_random|marc_first|lcb=0|fb=kmeans|gap=0.01,64,0.6864846886849242,0.6827573257645358,herding,0.7059333595529326,-0.01944867086800839,-0.014996899135908202,"[-2.51,-0.60]",0.515625,0.0059697804874654405,"{""boundary"": 14, ""herding"": 7, ""kcenter"": 0, ""kmeans"": 39, ""marc"": 4, ""random"": 0}"
single_0.33,no_random|default|lcb=0|fb=kmeans|gap=0.01,64,0.6864846886849242,0.6827573257645358,herding,0.7059333595529326,-0.01944867086800839,-0.014996899135908202,"[-2.51,-0.60]",0.515625,0.0059697804874654405,"{""boundary"": 14, ""herding"": 7, ""kcenter"": 0, ""kmeans"": 39, ""marc"": 4, ""random"": 0}"
single_0.33,no_random|herding_first|lcb=0|fb=kmeans|gap=0.01,64,0.6864846886849242,0.6827573257645358,herding,0.7059333595529326,-0.01944867086800839,-0.014996899135908202,"[-2.51,-0.60]",0.515625,0.0059697804874654405,"{""boundary"": 14, ""herding"": 7, ""kcenter"": 0, ""kmeans"": 39, ""marc"": 4, ""random"": 0}"
single_0.33,no_random|kmeans_first|lcb=0|fb=kmeans|gap=0.01,64,0.6864846886849242,0.6827573257645358,herding,0.7059333595529326,-0.01944867086800839,-0.014996899135908202,"[-2.51,-0.60]",0.515625,0.0059697804874654405,"{""boundary"": 14, ""herding"": 7, ""kcenter"": 0, ""kmeans"": 39, ""marc"": 4, ""random"": 0}"
single_0.10,no_random|default|lcb=0|fb=herding|gap=0.01,64,0.6863619642392937,0.6825969627251847,herding,0.7059333595529326,-0.01957139531363883,-0.015119623581538646,"[-2.54,-0.61]",0.5,0.00984848484848485,"{""boundary"": 14, ""herding"": 39, ""kcenter"": 1, ""kmeans"": 8, ""marc"": 2, ""random"": 0}"
single_0.10,no_random|marc_first|lcb=0|fb=herding|gap=0.01,64,0.6863619642392937,0.6825969627251847,herding,0.7059333595529326,-0.01957139531363883,-0.015119623581538646,"[-2.54,-0.61]",0.5,0.00984848484848485,"{""boundary"": 14, ""herding"": 39, ""kcenter"": 1, ""kmeans"": 8, ""marc"": 2, ""random"": 0}"
single_0.10,no_random|kmeans_first|lcb=0|fb=herding|gap=0.01,64,0.6863619642392937,0.6825969627251847,herding,0.7059333595529326,-0.01957139531363883,-0.015119623581538646,"[-2.54,-0.61]",0.5,0.00984848484848485,"{""boundary"": 14, ""herding"": 39, ""kcenter"": 1, ""kmeans"": 8, ""marc"": 2, ""random"": 0}"
single_0.10,no_random|herding_first|lcb=0|fb=herding|gap=0.01,64,0.6863619642392937,0.6825969627251847,herding,0.7059333595529326,-0.01957139531363883,-0.015119623581538646,"[-2.54,-0.61]",0.5,0.00984848484848485,"{""boundary"": 14, ""herding"": 39, ""kcenter"": 1, ""kmeans"": 8, ""marc"": 2, ""random"": 0}"
single_0.33,no_random|herding_first|lcb=0|fb=kmeans|gap=0.005,64,0.6861191916089008,0.6823820272902986,herding,0.7059333595529326,-0.01981416794403179,-0.015362396211931594,"[-2.54,-0.64]",0.5,0.0059697804874654405,"{""boundary"": 14, ""herding"": 7, ""kcenter"": 0, ""kmeans"": 38, ""marc"": 5, ""random"": 0}"
single_0.33,no_random|kmeans_first|lcb=0|fb=kmeans|gap=0.005,64,0.6861191916089008,0.6823820272902986,herding,0.7059333595529326,-0.01981416794403179,-0.015362396211931594,"[-2.54,-0.64]",0.5,0.0059697804874654405,"{""boundary"": 14, ""herding"": 7, ""kcenter"": 0, ""kmeans"": 38, ""marc"": 5, ""random"": 0}"
single_0.33,no_random|default|lcb=0|fb=kmeans|gap=0.005,64,0.6861191916089008,0.6823820272902986,herding,0.7059333595529326,-0.01981416794403179,-0.015362396211931594,"[-2.54,-0.64]",0.5,0.0059697804874654405,"{""boundary"": 14, ""herding"": 7, ""kcenter"": 0, ""kmeans"": 38, ""marc"": 5, ""random"": 0}"
single_0.33,no_random|marc_first|lcb=0|fb=kmeans|gap=0.005,64,0.6861191916089008,0.6823820272902986,herding,0.7059333595529326,-0.01981416794403179,-0.015362396211931594,"[-2.54,-0.64]",0.5,0.0059697804874654405,"{""boundary"": 14, ""herding"": 7, ""kcenter"": 0, ""kmeans"": 38, ""marc"": 5, ""random"": 0}"
single_0.10,no_random|herding_first|lcb=0|fb=none|gap=0,64,0.6860517269941548,0.6834754282367785,herding,0.7059333595529326,-0.01988163255877773,-0.015429860826677591,"[-2.55,-0.64]",0.0,0.00984848484848485,"{""boundary"": 16, ""herding"": 35, ""kcenter"": 1, ""kmeans"": 10, ""marc"": 2, ""random"": 0}"
single_0.10,no_random|default|lcb=0|fb=none|gap=0,64,0.6860517269941548,0.6834754282367785,herding,0.7059333595529326,-0.01988163255877773,-0.015429860826677591,"[-2.55,-0.64]",0.0,0.00984848484848485,"{""boundary"": 16, ""herding"": 35, ""kcenter"": 1, ""kmeans"": 10, ""marc"": 2, ""random"": 0}"
single_0.25,no_random|herding_first|lcb=0|fb=none|gap=0,64,0.686013654382069,0.6834349001165396,herding,0.7059333595529326,-0.01991970517086361,-0.015467933438763366,"[-2.53,-0.68]",0.0,0.007571207177028864,"{""boundary"": 16, ""herding"": 31, ""kcenter"": 0, ""kmeans"": 9, ""marc"": 8, ""random"": 0}"
single_0.20,no_random|herding_first|lcb=0|fb=herding|gap=0,64,0.6858141538947395,0.6831282126341942,herding,0.7059333595529326,-0.02011920565819303,-0.015667433926092794,"[-2.53,-0.71]",0.5,0.001984126984126977,"{""boundary"": 16, ""herding"": 38, ""kcenter"": 0, ""kmeans"": 4, ""marc"": 6, ""random"": 0}"
single_0.20,no_random|marc_first|lcb=0|fb=herding|gap=0,64,0.6858141538947395,0.6831282126341942,herding,0.7059333595529326,-0.02011920565819303,-0.015667433926092794,"[-2.53,-0.71]",0.5,0.001984126984126977,"{""boundary"": 16, ""herding"": 38, ""kcenter"": 0, ""kmeans"": 4, ""marc"": 6, ""random"": 0}"
single_0.20,no_random|marc_first|lcb=0|fb=herding|gap=0.005,64,0.6858141538947395,0.6831282126341942,herding,0.7059333595529326,-0.02011920565819303,-0.015667433926092794,"[-2.53,-0.71]",0.515625,0.001984126984126977,"{""boundary"": 16, ""herding"": 38, ""kcenter"": 0, ""kmeans"": 4, ""marc"": 6, ""random"": 0}"
single_0.20,no_random|kmeans_first|lcb=0|fb=herding|gap=0,64,0.6858141538947395,0.6831282126341942,herding,0.7059333595529326,-0.02011920565819303,-0.015667433926092794,"[-2.53,-0.71]",0.5,0.001984126984126977,"{""boundary"": 16, ""herding"": 38, ""kcenter"": 0, ""kmeans"": 4, ""marc"": 6, ""random"": 0}"
single_0.20,no_random|herding_first|lcb=0|fb=herding|gap=0.005,64,0.6858141538947395,0.6831282126341942,herding,0.7059333595529326,-0.02011920565819303,-0.015667433926092794,"[-2.53,-0.71]",0.515625,0.001984126984126977,"{""boundary"": 16, ""herding"": 38, ""kcenter"": 0, ""kmeans"": 4, ""marc"": 6, ""random"": 0}"
single_0.20,no_random|default|lcb=0|fb=herding|gap=0.005,64,0.6858141538947395,0.6831282126341942,herding,0.7059333595529326,-0.02011920565819303,-0.015667433926092794,"[-2.53,-0.71]",0.515625,0.001984126984126977,"{""boundary"": 16, ""herding"": 38, ""kcenter"": 0, ""kmeans"": 4, ""marc"": 6, ""random"": 0}"
single_0.20,no_random|kmeans_first|lcb=0|fb=herding|gap=0.005,64,0.6858141538947395,0.6831282126341942,herding,0.7059333595529326,-0.02011920565819303,-0.015667433926092794,"[-2.53,-0.71]",0.515625,0.001984126984126977,"{""boundary"": 16, ""herding"": 38, ""kcenter"": 0, ""kmeans"": 4, ""marc"": 6, ""random"": 0}"
single_0.20,no_random|default|lcb=0|fb=herding|gap=0,64,0.6858141538947395,0.6831282126341942,herding,0.7059333595529326,-0.02011920565819303,-0.015667433926092794,"[-2.53,-0.71]",0.5,0.001984126984126977,"{""boundary"": 16, ""herding"": 38, ""kcenter"": 0, ""kmeans"": 4, ""marc"": 6, ""random"": 0}"
single_0.10,no_random|herding_first|lcb=0|fb=herding|gap=0.02,64,0.6857933218327379,0.6797789634746769,herding,0.7059333595529326,-0.02014003772019468,-0.015688265988094474,"[-2.66,-0.61]",0.5625,0.00984848484848485,"{""boundary"": 11, ""herding"": 43, ""kcenter"": 1, ""kmeans"": 8, ""marc"": 1, ""random"": 0}"
single_0.10,no_random|kmeans_first|lcb=0|fb=herding|gap=0.02,64,0.6857933218327379,0.6797789634746769,herding,0.7059333595529326,-0.02014003772019468,-0.015688265988094474,"[-2.66,-0.61]",0.5625,0.00984848484848485,"{""boundary"": 11, ""herding"": 43, ""kcenter"": 1, ""kmeans"": 8, ""marc"": 1, ""random"": 0}"
single_0.10,no_random|default|lcb=0|fb=herding|gap=0.02,64,0.6857933218327379,0.6797789634746769,herding,0.7059333595529326,-0.02014003772019468,-0.015688265988094474,"[-2.66,-0.61]",0.5625,0.00984848484848485,"{""boundary"": 11, ""herding"": 43, ""kcenter"": 1, ""kmeans"": 8, ""marc"": 1, ""random"": 0}"
single_0.10,no_random|marc_first|lcb=0|fb=herding|gap=0.02,64,0.6857933218327379,0.6797789634746769,herding,0.7059333595529326,-0.02014003772019468,-0.015688265988094474,"[-2.66,-0.61]",0.5625,0.00984848484848485,"{""boundary"": 11, ""herding"": 43, ""kcenter"": 1, ""kmeans"": 8, ""marc"": 1, ""random"": 0}"
single_0.25,no_random|default|lcb=0|fb=none|gap=0,64,0.6857243025302171,0.6831151784736007,herding,0.7059333595529326,-0.02020905702271547,-0.015757285290615215,"[-2.55,-0.72]",0.0,0.007571207177028864,"{""boundary"": 16, ""herding"": 31, ""kcenter"": 1, ""kmeans"": 8, ""marc"": 8, ""random"": 0}"
single_0.25,no_random|marc_first|lcb=0|fb=herding|gap=0.005,64,0.6854456110097493,0.6828717342668771,herding,0.7059333595529326,-0.02048774854318325,-0.016035976811083052,"[-2.58,-0.73]",0.484375,0.007571207177028864,"{""boundary"": 16, ""herding"": 35, ""kcenter"": 0, ""kmeans"": 5, ""marc"": 8, ""random"": 0}"
single_0.25,no_random|default|lcb=0|fb=herding|gap=0.005,64,0.6854456110097493,0.6828717342668771,herding,0.7059333595529326,-0.02048774854318325,-0.016035976811083052,"[-2.58,-0.73]",0.484375,0.007571207177028864,"{""boundary"": 16, ""herding"": 35, ""kcenter"": 0, ""kmeans"": 5, ""marc"": 8, ""random"": 0}"
single_0.25,no_random|herding_first|lcb=0|fb=herding|gap=0.005,64,0.6854456110097493,0.6828717342668771,herding,0.7059333595529326,-0.02048774854318325,-0.016035976811083052,"[-2.58,-0.73]",0.484375,0.007571207177028864,"{""boundary"": 16, ""herding"": 35, ""kcenter"": 0, ""kmeans"": 5, ""marc"": 8, ""random"": 0}"
single_0.25,no_random|kmeans_first|lcb=0|fb=herding|gap=0.005,64,0.6854456110097493,0.6828717342668771,herding,0.7059333595529326,-0.02048774854318325,-0.016035976811083052,"[-2.58,-0.73]",0.484375,0.007571207177028864,"{""boundary"": 16, ""herding"": 35, ""kcenter"": 0, ""kmeans"": 5, ""marc"": 8, ""random"": 0}"
single_0.20,no_random|default|lcb=0|fb=none|gap=0,64,0.6853115954152074,0.682696887743197,herding,0.7059333595529326,-0.020621764137725207,-0.01616999240562496,"[-2.60,-0.75]",0.0,0.001984126984126977,"{""boundary"": 16, ""herding"": 36, ""kcenter"": 1, ""kmeans"": 5, ""marc"": 6, ""random"": 0}"
single_0.20,no_random|herding_first|lcb=0|fb=none|gap=0,64,0.6853115954152074,0.682696887743197,herding,0.7059333595529326,-0.020621764137725207,-0.01616999240562496,"[-2.60,-0.75]",0.0,0.001984126984126977,"{""boundary"": 16, ""herding"": 36, ""kcenter"": 1, ""kmeans"": 5, ""marc"": 6, ""random"": 0}"
single_0.20,no_random|kmeans_first|lcb=0|fb=kmeans|gap=0,64,0.6852750457076051,0.6826910735072673,herding,0.7059333595529326,-0.02065831384532746,-0.016206542113227296,"[-2.62,-0.72]",0.5,0.001984126984126977,"{""boundary"": 16, ""herding"": 6, ""kcenter"": 0, ""kmeans"": 36, ""marc"": 6, ""random"": 0}"
single_0.20,no_random|marc_first|lcb=0|fb=kmeans|gap=0,64,0.6852750457076051,0.6826910735072673,herding,0.7059333595529326,-0.02065831384532746,-0.016206542113227296,"[-2.62,-0.72]",0.5,0.001984126984126977,"{""boundary"": 16, ""herding"": 6, ""kcenter"": 0, ""kmeans"": 36, ""marc"": 6, ""random"": 0}"
single_0.20,no_random|default|lcb=0|fb=kmeans|gap=0,64,0.6852750457076051,0.6826910735072673,herding,0.7059333595529326,-0.02065831384532746,-0.016206542113227296,"[-2.62,-0.72]",0.5,0.001984126984126977,"{""boundary"": 16, ""herding"": 6, ""kcenter"": 0, ""kmeans"": 36, ""marc"": 6, ""random"": 0}"
single_0.20,no_random|herding_first|lcb=0|fb=kmeans|gap=0,64,0.6852750457076051,0.6826910735072673,herding,0.7059333595529326,-0.02065831384532746,-0.016206542113227296,"[-2.62,-0.72]",0.5,0.001984126984126977,"{""boundary"": 16, ""herding"": 6, ""kcenter"": 0, ""kmeans"": 36, ""marc"": 6, ""random"": 0}"
single_0.25,no_random|kmeans_first|lcb=0|fb=herding|gap=0,64,0.6852719998986382,0.6826869793610267,herding,0.7059333595529326,-0.020661359654294387,-0.016209587922194162,"[-2.59,-0.75]",0.46875,0.007571207177028864,"{""boundary"": 16, ""herding"": 34, ""kcenter"": 0, ""kmeans"": 6, ""marc"": 8, ""random"": 0}"
single_0.25,no_random|marc_first|lcb=0|fb=herding|gap=0,64,0.6852719998986382,0.6826869793610267,herding,0.7059333595529326,-0.020661359654294387,-0.016209587922194162,"[-2.59,-0.75]",0.46875,0.007571207177028864,"{""boundary"": 16, ""herding"": 34, ""kcenter"": 0, ""kmeans"": 6, ""marc"": 8, ""random"": 0}"
single_0.25,no_random|default|lcb=0|fb=herding|gap=0,64,0.6852719998986382,0.6826869793610267,herding,0.7059333595529326,-0.020661359654294387,-0.016209587922194162,"[-2.59,-0.75]",0.46875,0.007571207177028864,"{""boundary"": 16, ""herding"": 34, ""kcenter"": 0, ""kmeans"": 6, ""marc"": 8, ""random"": 0}"
single_0.25,no_random|herding_first|lcb=0|fb=herding|gap=0,64,0.6852719998986382,0.6826869793610267,herding,0.7059333595529326,-0.020661359654294387,-0.016209587922194162,"[-2.59,-0.75]",0.46875,0.007571207177028864,"{""boundary"": 16, ""herding"": 34, ""kcenter"": 0, ""kmeans"": 6, ""marc"": 8, ""random"": 0}"
single_0.20,no_random|kmeans_first|lcb=0|fb=kmeans|gap=0.02,64,0.6852334015154963,0.6800739363293333,herding,0.7059333595529326,-0.020699958037436295,-0.01624818630533612,"[-2.66,-0.69]",0.671875,0.001984126984126977,"{""boundary"": 12, ""herding"": 4, ""kcenter"": 0, ""kmeans"": 45, ""marc"": 3, ""random"": 0}"
single_0.20,no_random|default|lcb=0|fb=kmeans|gap=0.02,64,0.6852334015154963,0.6800739363293333,herding,0.7059333595529326,-0.020699958037436295,-0.01624818630533612,"[-2.66,-0.69]",0.671875,0.001984126984126977,"{""boundary"": 12, ""herding"": 4, ""kcenter"": 0, ""kmeans"": 45, ""marc"": 3, ""random"": 0}"
single_0.20,no_random|marc_first|lcb=0|fb=kmeans|gap=0.02,64,0.6852334015154963,0.6800739363293333,herding,0.7059333595529326,-0.020699958037436295,-0.01624818630533612,"[-2.66,-0.69]",0.671875,0.001984126984126977,"{""boundary"": 12, ""herding"": 4, ""kcenter"": 0, ""kmeans"": 45, ""marc"": 3, ""random"": 0}"
single_0.20,no_random|herding_first|lcb=0|fb=kmeans|gap=0.02,64,0.6852334015154963,0.6800739363293333,herding,0.7059333595529326,-0.020699958037436295,-0.01624818630533612,"[-2.66,-0.69]",0.671875,0.001984126984126977,"{""boundary"": 12, ""herding"": 4, ""kcenter"": 0, ""kmeans"": 45, ""marc"": 3, ""random"": 0}"
single_0.20,no_random|kmeans_first|lcb=0|fb=kmeans|gap=0.005,64,0.6852171753372347,0.6826181778400138,herding,0.7059333595529326,-0.020716184215697875,-0.016264412483597668,"[-2.62,-0.73]",0.515625,0.001984126984126977,"{""boundary"": 16, ""herding"": 5, ""kcenter"": 0, ""kmeans"": 37, ""marc"": 6, ""random"": 0}"
single_0.20,no_random|default|lcb=0|fb=kmeans|gap=0.005,64,0.6852171753372347,0.6826181778400138,herding,0.7059333595529326,-0.020716184215697875,-0.016264412483597668,"[-2.62,-0.73]",0.515625,0.001984126984126977,"{""boundary"": 16, ""herding"": 5, ""kcenter"": 0, ""kmeans"": 37, ""marc"": 6, ""random"": 0}"
single_0.20,no_random|marc_first|lcb=0|fb=kmeans|gap=0.005,64,0.6852171753372347,0.6826181778400138,herding,0.7059333595529326,-0.020716184215697875,-0.016264412483597668,"[-2.62,-0.73]",0.515625,0.001984126984126977,"{""boundary"": 16, ""herding"": 5, ""kcenter"": 0, ""kmeans"": 37, ""marc"": 6, ""random"": 0}"
single_0.20,no_random|herding_first|lcb=0|fb=kmeans|gap=0.005,64,0.6852171753372347,0.6826181778400138,herding,0.7059333595529326,-0.020716184215697875,-0.016264412483597668,"[-2.62,-0.73]",0.515625,0.001984126984126977,"{""boundary"": 16, ""herding"": 5, ""kcenter"": 0, ""kmeans"": 37, ""marc"": 6, ""random"": 0}"
single_0.25,no_random|herding_first|lcb=0|fb=herding|gap=0.01,64,0.6851899165859909,0.6819645077761715,herding,0.7059333595529326,-0.02074344296694164,-0.016291671234841418,"[-2.62,-0.74]",0.546875,0.007571207177028864,"{""boundary"": 15, ""herding"": 39, ""kcenter"": 0, ""kmeans"": 4, ""marc"": 6, ""random"": 0}"
single_0.25,no_random|default|lcb=0|fb=herding|gap=0.01,64,0.6851899165859909,0.6819645077761715,herding,0.7059333595529326,-0.02074344296694164,-0.016291671234841418,"[-2.62,-0.74]",0.546875,0.007571207177028864,"{""boundary"": 15, ""herding"": 39, ""kcenter"": 0, ""kmeans"": 4, ""marc"": 6, ""random"": 0}"
single_0.25,no_random|kmeans_first|lcb=0|fb=herding|gap=0.01,64,0.6851899165859909,0.6819645077761715,herding,0.7059333595529326,-0.02074344296694164,-0.016291671234841418,"[-2.62,-0.74]",0.546875,0.007571207177028864,"{""boundary"": 15, ""herding"": 39, ""kcenter"": 0, ""kmeans"": 4, ""marc"": 6, ""random"": 0}"
single_0.25,no_random|marc_first|lcb=0|fb=herding|gap=0.01,64,0.6851899165859909,0.6819645077761715,herding,0.7059333595529326,-0.02074344296694164,-0.016291671234841418,"[-2.62,-0.74]",0.546875,0.007571207177028864,"{""boundary"": 15, ""herding"": 39, ""kcenter"": 0, ""kmeans"": 4, ""marc"": 6, ""random"": 0}"
single_0.20,no_random|marc_first|lcb=0|fb=herding|gap=0.01,64,0.6851591972268938,0.6812310391848045,herding,0.7059333595529326,-0.020774162326038792,-0.01632239059393857,"[-2.63,-0.74]",0.546875,0.001984126984126977,"{""boundary"": 14, ""herding"": 40, ""kcenter"": 0, ""kmeans"": 4, ""marc"": 6, ""random"": 0}"
single_0.20,no_random|kmeans_first|lcb=0|fb=herding|gap=0.01,64,0.6851591972268938,0.6812310391848045,herding,0.7059333595529326,-0.020774162326038792,-0.01632239059393857,"[-2.63,-0.74]",0.546875,0.001984126984126977,"{""boundary"": 14, ""herding"": 40, ""kcenter"": 0, ""kmeans"": 4, ""marc"": 6, ""random"": 0}"
single_0.20,no_random|default|lcb=0|fb=herding|gap=0.01,64,0.6851591972268938,0.6812310391848045,herding,0.7059333595529326,-0.020774162326038792,-0.01632239059393857,"[-2.63,-0.74]",0.546875,0.001984126984126977,"{""boundary"": 14, ""herding"": 40, ""kcenter"": 0, ""kmeans"": 4, ""marc"": 6, ""random"": 0}"
single_0.20,no_random|herding_first|lcb=0|fb=herding|gap=0.01,64,0.6851591972268938,0.6812310391848045,herding,0.7059333595529326,-0.020774162326038792,-0.01632239059393857,"[-2.63,-0.74]",0.546875,0.001984126984126977,"{""boundary"": 14, ""herding"": 40, ""kcenter"": 0, ""kmeans"": 4, ""marc"": 6, ""random"": 0}"
single_0.33,no_random|kmeans_first|lcb=0|fb=kmeans|gap=0.02,64,0.6848737945836616,0.6767870907413276,herding,0.7059333595529326,-0.021059564969270972,-0.016607793237170675,"[-2.75,-0.70]",0.703125,0.0059697804874654405,"{""boundary"": 8, ""herding"": 6, ""kcenter"": 0, ""kmeans"": 48, ""marc"": 2, ""random"": 0}"
single_0.33,no_random|marc_first|lcb=0|fb=kmeans|gap=0.02,64,0.6848737945836616,0.6767870907413276,herding,0.7059333595529326,-0.021059564969270972,-0.016607793237170675,"[-2.75,-0.70]",0.703125,0.0059697804874654405,"{""boundary"": 8, ""herding"": 6, ""kcenter"": 0, ""kmeans"": 48, ""marc"": 2, ""random"": 0}"
single_0.33,no_random|herding_first|lcb=0|fb=kmeans|gap=0.02,64,0.6848737945836616,0.6767870907413276,herding,0.7059333595529326,-0.021059564969270972,-0.016607793237170675,"[-2.75,-0.70]",0.703125,0.0059697804874654405,"{""boundary"": 8, ""herding"": 6, ""kcenter"": 0, ""kmeans"": 48, ""marc"": 2, ""random"": 0}"
single_0.33,no_random|default|lcb=0|fb=kmeans|gap=0.02,64,0.6848737945836616,0.6767870907413276,herding,0.7059333595529326,-0.021059564969270972,-0.016607793237170675,"[-2.75,-0.70]",0.703125,0.0059697804874654405,"{""boundary"": 8, ""herding"": 6, ""kcenter"": 0, ""kmeans"": 48, ""marc"": 2, ""random"": 0}"
single_0.25,no_random|marc_first|lcb=0|fb=none|gap=0,64,0.6846734984366498,0.6820047088586971,herding,0.7059333595529326,-0.021259861116282752,-0.016808089384182476,"[-2.69,-0.78]",0.0,0.007571207177028864,"{""boundary"": 16, ""herding"": 4, ""kcenter"": 0, ""kmeans"": 9, ""marc"": 35, ""random"": 0}"
single_0.25,no_random|herding_first|lcb=0|fb=kmeans|gap=0.01,64,0.6846614687302404,0.6814554911112594,herding,0.7059333595529326,-0.021271890822692208,-0.01682011909059191,"[-2.71,-0.77]",0.546875,0.007571207177028864,"{""boundary"": 15, ""herding"": 4, ""kcenter"": 0, ""kmeans"": 39, ""marc"": 6, ""random"": 0}"
single_0.25,no_random|marc_first|lcb=0|fb=kmeans|gap=0.01,64,0.6846614687302404,0.6814554911112594,herding,0.7059333595529326,-0.021271890822692208,-0.01682011909059191,"[-2.71,-0.77]",0.546875,0.007571207177028864,"{""boundary"": 15, ""herding"": 4, ""kcenter"": 0, ""kmeans"": 39, ""marc"": 6, ""random"": 0}"
single_0.25,no_random|kmeans_first|lcb=0|fb=kmeans|gap=0.01,64,0.6846614687302404,0.6814554911112594,herding,0.7059333595529326,-0.021271890822692208,-0.01682011909059191,"[-2.71,-0.77]",0.546875,0.007571207177028864,"{""boundary"": 15, ""herding"": 4, ""kcenter"": 0, ""kmeans"": 39, ""marc"": 6, ""random"": 0}"
single_0.25,no_random|default|lcb=0|fb=kmeans|gap=0.01,64,0.6846614687302404,0.6814554911112594,herding,0.7059333595529326,-0.021271890822692208,-0.01682011909059191,"[-2.71,-0.77]",0.546875,0.007571207177028864,"{""boundary"": 15, ""herding"": 4, ""kcenter"": 0, ""kmeans"": 39, ""marc"": 6, ""random"": 0}"
single_0.20,no_random|marc_first|lcb=0|fb=none|gap=0,64,0.6846415174424978,0.6819736898949945,herding,0.7059333595529326,-0.021291842110434778,-0.016840070378334515,"[-2.71,-0.76]",0.0,0.001984126984126977,"{""boundary"": 16, ""herding"": 7, ""kcenter"": 1, ""kmeans"": 6, ""marc"": 34, ""random"": 0}"
single_0.20,no_random|herding_first|lcb=0|fb=herding|gap=0.02,64,0.6845804692816967,0.679215230906406,herding,0.7059333595529326,-0.02135289027123588,-0.016901118539135646,"[-2.70,-0.80]",0.671875,0.001984126984126977,"{""boundary"": 12, ""herding"": 47, ""kcenter"": 0, ""kmeans"": 2, ""marc"": 3, ""random"": 0}"
single_0.20,no_random|default|lcb=0|fb=herding|gap=0.02,64,0.6845804692816967,0.679215230906406,herding,0.7059333595529326,-0.02135289027123588,-0.016901118539135646,"[-2.70,-0.80]",0.671875,0.001984126984126977,"{""boundary"": 12, ""herding"": 47, ""kcenter"": 0, ""kmeans"": 2, ""marc"": 3, ""random"": 0}"
single_0.20,no_random|kmeans_first|lcb=0|fb=herding|gap=0.02,64,0.6845804692816967,0.679215230906406,herding,0.7059333595529326,-0.02135289027123588,-0.016901118539135646,"[-2.70,-0.80]",0.671875,0.001984126984126977,"{""boundary"": 12, ""herding"": 47, ""kcenter"": 0, ""kmeans"": 2, ""marc"": 3, ""random"": 0}"
single_0.20,no_random|marc_first|lcb=0|fb=herding|gap=0.02,64,0.6845804692816967,0.679215230906406,herding,0.7059333595529326,-0.02135289027123588,-0.016901118539135646,"[-2.70,-0.80]",0.671875,0.001984126984126977,"{""boundary"": 12, ""herding"": 47, ""kcenter"": 0, ""kmeans"": 2, ""marc"": 3, ""random"": 0}"
single_0.25,no_random|kmeans_first|lcb=0|fb=none|gap=0,64,0.6845668951228097,0.6818834352637841,herding,0.7059333595529326,-0.02136646443012291,-0.016914692698022628,"[-2.69,-0.79]",0.0,0.007571207177028864,"{""boundary"": 16, ""herding"": 6, ""kcenter"": 0, ""kmeans"": 34, ""marc"": 8, ""random"": 0}"
single_0.20,no_random|herding_first|lcb=0|fb=kmeans|gap=0.01,64,0.6845566916089008,0.6807205053086243,herding,0.7059333595529326,-0.021376667944031813,-0.016924896211931592,"[-2.72,-0.76]",0.546875,0.001984126984126977,"{""boundary"": 14, ""herding"": 5, ""kcenter"": 0, ""kmeans"": 39, ""marc"": 6, ""random"": 0}"
single_0.20,no_random|default|lcb=0|fb=kmeans|gap=0.01,64,0.6845566916089008,0.6807205053086243,herding,0.7059333595529326,-0.021376667944031813,-0.016924896211931592,"[-2.72,-0.76]",0.546875,0.001984126984126977,"{""boundary"": 14, ""herding"": 5, ""kcenter"": 0, ""kmeans"": 39, ""marc"": 6, ""random"": 0}"
single_0.20,no_random|kmeans_first|lcb=0|fb=kmeans|gap=0.01,64,0.6845566916089008,0.6807205053086243,herding,0.7059333595529326,-0.021376667944031813,-0.016924896211931592,"[-2.72,-0.76]",0.546875,0.001984126984126977,"{""boundary"": 14, ""herding"": 5, ""kcenter"": 0, ""kmeans"": 39, ""marc"": 6, ""random"": 0}"
single_0.20,no_random|marc_first|lcb=0|fb=kmeans|gap=0.01,64,0.6845566916089008,0.6807205053086243,herding,0.7059333595529326,-0.021376667944031813,-0.016924896211931592,"[-2.72,-0.76]",0.546875,0.001984126984126977,"{""boundary"": 14, ""herding"": 5, ""kcenter"": 0, ""kmeans"": 39, ""marc"": 6, ""random"": 0}"
single_0.25,no_random|default|lcb=0|fb=kmeans|gap=0.005,64,0.6845516660779754,0.6818754723843055,herding,0.7059333595529326,-0.02138169347495722,-0.016929921742856936,"[-2.69,-0.80]",0.484375,0.007571207177028864,"{""boundary"": 16, ""herding"": 4, ""kcenter"": 0, ""kmeans"": 36, ""marc"": 8, ""random"": 0}"
single_0.25,no_random|kmeans_first|lcb=0|fb=kmeans|gap=0,64,0.6845516660779754,0.6818754723843055,herding,0.7059333595529326,-0.02138169347495722,-0.016929921742856936,"[-2.69,-0.80]",0.46875,0.007571207177028864,"{""boundary"": 16, ""herding"": 4, ""kcenter"": 0, ""kmeans"": 36, ""marc"": 8, ""random"": 0}"
single_0.25,no_random|herding_first|lcb=0|fb=kmeans|gap=0,64,0.6845516660779754,0.6818754723843055,herding,0.7059333595529326,-0.02138169347495722,-0.016929921742856936,"[-2.69,-0.80]",0.46875,0.007571207177028864,"{""boundary"": 16, ""herding"": 4, ""kcenter"": 0, ""kmeans"": 36, ""marc"": 8, ""random"": 0}"
single_0.25,no_random|default|lcb=0|fb=kmeans|gap=0,64,0.6845516660779754,0.6818754723843055,herding,0.7059333595529326,-0.02138169347495722,-0.016929921742856936,"[-2.69,-0.80]",0.46875,0.007571207177028864,"{""boundary"": 16, ""herding"": 4, ""kcenter"": 0, ""kmeans"": 36, ""marc"": 8, ""random"": 0}"
single_0.25,no_random|marc_first|lcb=0|fb=kmeans|gap=0,64,0.6845516660779754,0.6818754723843055,herding,0.7059333595529326,-0.02138169347495722,-0.016929921742856936,"[-2.69,-0.80]",0.46875,0.007571207177028864,"{""boundary"": 16, ""herding"": 4, ""kcenter"": 0, ""kmeans"": 36, ""marc"": 8, ""random"": 0}"
single_0.25,no_random|marc_first|lcb=0|fb=kmeans|gap=0.005,64,0.6845516660779754,0.6818754723843055,herding,0.7059333595529326,-0.02138169347495722,-0.016929921742856936,"[-2.69,-0.80]",0.484375,0.007571207177028864,"{""boundary"": 16, ""herding"": 4, ""kcenter"": 0, ""kmeans"": 36, ""marc"": 8, ""random"": 0}"
single_0.25,no_random|kmeans_first|lcb=0|fb=kmeans|gap=0.005,64,0.6845516660779754,0.6818754723843055,herding,0.7059333595529326,-0.02138169347495722,-0.016929921742856936,"[-2.69,-0.80]",0.484375,0.007571207177028864,"{""boundary"": 16, ""herding"": 4, ""kcenter"": 0, ""kmeans"": 36, ""marc"": 8, ""random"": 0}"
single_0.25,no_random|herding_first|lcb=0|fb=kmeans|gap=0.005,64,0.6845516660779754,0.6818754723843055,herding,0.7059333595529326,-0.02138169347495722,-0.016929921742856936,"[-2.69,-0.80]",0.484375,0.007571207177028864,"{""boundary"": 16, ""herding"": 4, ""kcenter"": 0, ""kmeans"": 36, ""marc"": 8, ""random"": 0}"
single_0.25,no_random|marc_first|lcb=0|fb=kmeans|gap=0.02,64,0.6845485092968389,0.679343564035168,herding,0.7059333595529326,-0.021384850256093713,-0.016933078523993443,"[-2.73,-0.76]",0.671875,0.007571207177028864,"{""boundary"": 12, ""herding"": 2, ""kcenter"": 0, ""kmeans"": 45, ""marc"": 5, ""random"": 0}"
single_0.25,no_random|default|lcb=0|fb=kmeans|gap=0.02,64,0.6845485092968389,0.679343564035168,herding,0.7059333595529326,-0.021384850256093713,-0.016933078523993443,"[-2.73,-0.76]",0.671875,0.007571207177028864,"{""boundary"": 12, ""herding"": 2, ""kcenter"": 0, ""kmeans"": 45, ""marc"": 5, ""random"": 0}"
single_0.25,no_random|kmeans_first|lcb=0|fb=kmeans|gap=0.02,64,0.6845485092968389,0.679343564035168,herding,0.7059333595529326,-0.021384850256093713,-0.016933078523993443,"[-2.73,-0.76]",0.671875,0.007571207177028864,"{""boundary"": 12, ""herding"": 2, ""kcenter"": 0, ""kmeans"": 45, ""marc"": 5, ""random"": 0}"
single_0.25,no_random|herding_first|lcb=0|fb=kmeans|gap=0.02,64,0.6845485092968389,0.679343564035168,herding,0.7059333595529326,-0.021384850256093713,-0.016933078523993443,"[-2.73,-0.76]",0.671875,0.007571207177028864,"{""boundary"": 12, ""herding"": 2, ""kcenter"": 0, ""kmeans"": 45, ""marc"": 5, ""random"": 0}"
single_0.20,no_random|kmeans_first|lcb=0|fb=none|gap=0,64,0.6844130817699832,0.6817331338278514,herding,0.7059333595529326,-0.021520277782949404,-0.01706850605084913,"[-2.71,-0.80]",0.0,0.001984126984126977,"{""boundary"": 16, ""herding"": 8, ""kcenter"": 1, ""kmeans"": 33, ""marc"": 6, ""random"": 0}"
single_0.10,no_random|kmeans_first|lcb=0|fb=kmeans|gap=0,64,0.6843917611072152,0.6817329534071749,herding,0.7059333595529326,-0.021541598445717347,-0.01708982671361716,"[-2.74,-0.78]",0.453125,0.00984848484848485,"{""boundary"": 16, ""herding"": 8, ""kcenter"": 1, ""kmeans"": 37, ""marc"": 2, ""random"": 0}"
single_0.10,no_random|herding_first|lcb=0|fb=kmeans|gap=0,64,0.6843917611072152,0.6817329534071749,herding,0.7059333595529326,-0.021541598445717347,-0.01708982671361716,"[-2.74,-0.78]",0.453125,0.00984848484848485,"{""boundary"": 16, ""herding"": 8, ""kcenter"": 1, ""kmeans"": 37, ""marc"": 2, ""random"": 0}"
single_0.10,no_random|kmeans_first|lcb=0|fb=none|gap=0,64,0.6843917611072152,0.6817329534071749,herding,0.7059333595529326,-0.021541598445717347,-0.01708982671361716,"[-2.74,-0.78]",0.0,0.00984848484848485,"{""boundary"": 16, ""herding"": 8, ""kcenter"": 1, ""kmeans"": 37, ""marc"": 2, ""random"": 0}"
single_0.10,no_random|marc_first|lcb=0|fb=kmeans|gap=0,64,0.6843917611072152,0.6817329534071749,herding,0.7059333595529326,-0.021541598445717347,-0.01708982671361716,"[-2.74,-0.78]",0.453125,0.00984848484848485,"{""boundary"": 16, ""herding"": 8, ""kcenter"": 1, ""kmeans"": 37, ""marc"": 2, ""random"": 0}"
single_0.10,no_random|default|lcb=0|fb=kmeans|gap=0,64,0.6843917611072152,0.6817329534071749,herding,0.7059333595529326,-0.021541598445717347,-0.01708982671361716,"[-2.74,-0.78]",0.453125,0.00984848484848485,"{""boundary"": 16, ""herding"": 8, ""kcenter"": 1, ""kmeans"": 37, ""marc"": 2, ""random"": 0}"
single_0.10,no_random|kmeans_first|lcb=0|fb=kmeans|gap=0.01,64,0.6840466371209191,0.6801349639776504,herding,0.7059333595529326,-0.021886722432013506,-0.017434950699913326,"[-2.82,-0.77]",0.5,0.00984848484848485,"{""boundary"": 14, ""herding"": 7, ""kcenter"": 1, ""kmeans"": 40, ""marc"": 2, ""random"": 0}"
single_0.10,no_random|herding_first|lcb=0|fb=kmeans|gap=0.01,64,0.6840466371209191,0.6801349639776504,herding,0.7059333595529326,-0.021886722432013506,-0.017434950699913326,"[-2.82,-0.77]",0.5,0.00984848484848485,"{""boundary"": 14, ""herding"": 7, ""kcenter"": 1, ""kmeans"": 40, ""marc"": 2, ""random"": 0}"
single_0.10,no_random|default|lcb=0|fb=kmeans|gap=0.01,64,0.6840466371209191,0.6801349639776504,herding,0.7059333595529326,-0.021886722432013506,-0.017434950699913326,"[-2.82,-0.77]",0.5,0.00984848484848485,"{""boundary"": 14, ""herding"": 7, ""kcenter"": 1, ""kmeans"": 40, ""marc"": 2, ""random"": 0}"
single_0.10,no_random|marc_first|lcb=0|fb=kmeans|gap=0.01,64,0.6840466371209191,0.6801349639776504,herding,0.7059333595529326,-0.021886722432013506,-0.017434950699913326,"[-2.82,-0.77]",0.5,0.00984848484848485,"{""boundary"": 14, ""herding"": 7, ""kcenter"": 1, ""kmeans"": 40, ""marc"": 2, ""random"": 0}"
single_0.10,no_random|herding_first|lcb=0|fb=kmeans|gap=0.005,64,0.6839578868588955,0.6807335706705353,herding,0.7059333595529326,-0.0219754726940371,-0.017523700961936936,"[-2.80,-0.81]",0.46875,0.00984848484848485,"{""boundary"": 15, ""herding"": 8, ""kcenter"": 1, ""kmeans"": 38, ""marc"": 2, ""random"": 0}"
single_0.10,no_random|kmeans_first|lcb=0|fb=kmeans|gap=0.005,64,0.6839578868588955,0.6807335706705353,herding,0.7059333595529326,-0.0219754726940371,-0.017523700961936936,"[-2.80,-0.81]",0.46875,0.00984848484848485,"{""boundary"": 15, ""herding"": 8, ""kcenter"": 1, ""kmeans"": 38, ""marc"": 2, ""random"": 0}"
single_0.10,no_random|default|lcb=0|fb=kmeans|gap=0.005,64,0.6839578868588955,0.6807335706705353,herding,0.7059333595529326,-0.0219754726940371,-0.017523700961936936,"[-2.80,-0.81]",0.46875,0.00984848484848485,"{""boundary"": 15, ""herding"": 8, ""kcenter"": 1, ""kmeans"": 38, ""marc"": 2, ""random"": 0}"
single_0.10,no_random|marc_first|lcb=0|fb=kmeans|gap=0.005,64,0.6839578868588955,0.6807335706705353,herding,0.7059333595529326,-0.0219754726940371,-0.017523700961936936,"[-2.80,-0.81]",0.46875,0.00984848484848485,"{""boundary"": 15, ""herding"": 8, ""kcenter"": 1, ""kmeans"": 38, ""marc"": 2, ""random"": 0}"
single_0.25,no_random|marc_first|lcb=0|fb=herding|gap=0.02,64,0.683934385000424,0.6785394862001766,herding,0.7059333595529326,-0.021998974552508543,-0.01754720282040833,"[-2.76,-0.85]",0.671875,0.007571207177028864,"{""boundary"": 12, ""herding"": 45, ""kcenter"": 0, ""kmeans"": 2, ""marc"": 5, ""random"": 0}"
single_0.25,no_random|kmeans_first|lcb=0|fb=herding|gap=0.02,64,0.683934385000424,0.6785394862001766,herding,0.7059333595529326,-0.021998974552508543,-0.01754720282040833,"[-2.76,-0.85]",0.671875,0.007571207177028864,"{""boundary"": 12, ""herding"": 45, ""kcenter"": 0, ""kmeans"": 2, ""marc"": 5, ""random"": 0}"
single_0.25,no_random|default|lcb=0|fb=herding|gap=0.02,64,0.683934385000424,0.6785394862001766,herding,0.7059333595529326,-0.021998974552508543,-0.01754720282040833,"[-2.76,-0.85]",0.671875,0.007571207177028864,"{""boundary"": 12, ""herding"": 45, ""kcenter"": 0, ""kmeans"": 2, ""marc"": 5, ""random"": 0}"
single_0.25,no_random|herding_first|lcb=0|fb=herding|gap=0.02,64,0.683934385000424,0.6785394862001766,herding,0.7059333595529326,-0.021998974552508543,-0.01754720282040833,"[-2.76,-0.85]",0.671875,0.007571207177028864,"{""boundary"": 12, ""herding"": 45, ""kcenter"": 0, ""kmeans"": 2, ""marc"": 5, ""random"": 0}"
single_0.33,no_random|marc_first|lcb=0|fb=herding|gap=0.02,64,0.6838712321392986,0.6756425047311486,herding,0.7059333595529326,-0.022062127413634003,-0.017610355681533747,"[-2.86,-0.79]",0.703125,0.0059697804874654405,"{""boundary"": 8, ""herding"": 51, ""kcenter"": 0, ""kmeans"": 3, ""marc"": 2, ""random"": 0}"
single_0.33,no_random|herding_first|lcb=0|fb=herding|gap=0.02,64,0.6838712321392986,0.6756425047311486,herding,0.7059333595529326,-0.022062127413634003,-0.017610355681533747,"[-2.86,-0.79]",0.703125,0.0059697804874654405,"{""boundary"": 8, ""herding"": 51, ""kcenter"": 0, ""kmeans"": 3, ""marc"": 2, ""random"": 0}"
single_0.33,no_random|default|lcb=0|fb=herding|gap=0.02,64,0.6838712321392986,0.6756425047311486,herding,0.7059333595529326,-0.022062127413634003,-0.017610355681533747,"[-2.86,-0.79]",0.703125,0.0059697804874654405,"{""boundary"": 8, ""herding"": 51, ""kcenter"": 0, ""kmeans"": 3, ""marc"": 2, ""random"": 0}"
single_0.33,no_random|kmeans_first|lcb=0|fb=herding|gap=0.02,64,0.6838712321392986,0.6756425047311486,herding,0.7059333595529326,-0.022062127413634003,-0.017610355681533747,"[-2.86,-0.79]",0.703125,0.0059697804874654405,"{""boundary"": 8, ""herding"": 51, ""kcenter"": 0, ""kmeans"": 3, ""marc"": 2, ""random"": 0}"
single_0.20,no_boundary|default|lcb=0|fb=herding|gap=0.005,64,0.6836194691470648,0.6733180358423998,herding,0.7059333595529326,-0.02231389040586773,-0.01786211867376751,"[-2.74,-0.94]",0.5625,0.0013262599469496018,"{""boundary"": 0, ""herding"": 40, ""kcenter"": 0, ""kmeans"": 4, ""marc"": 6, ""random"": 14}"
single_0.20,no_boundary|herding_first|lcb=0|fb=herding|gap=0.005,64,0.6836194691470648,0.6733180358423998,herding,0.7059333595529326,-0.02231389040586773,-0.01786211867376751,"[-2.74,-0.94]",0.5625,0.0013262599469496018,"{""boundary"": 0, ""herding"": 40, ""kcenter"": 0, ""kmeans"": 4, ""marc"": 6, ""random"": 14}"
single_0.20,no_boundary|kmeans_first|lcb=0|fb=herding|gap=0.005,64,0.6836194691470648,0.6733180358423998,herding,0.7059333595529326,-0.02231389040586773,-0.01786211867376751,"[-2.74,-0.94]",0.5625,0.0013262599469496018,"{""boundary"": 0, ""herding"": 40, ""kcenter"": 0, ""kmeans"": 4, ""marc"": 6, ""random"": 14}"
single_0.20,no_boundary|marc_first|lcb=0|fb=herding|gap=0.005,64,0.6836194691470648,0.6733180358423998,herding,0.7059333595529326,-0.02231389040586773,-0.01786211867376751,"[-2.74,-0.94]",0.5625,0.0013262599469496018,"{""boundary"": 0, ""herding"": 40, ""kcenter"": 0, ""kmeans"": 4, ""marc"": 6, ""random"": 14}"
single_0.20,no_boundary|marc_first|lcb=0|fb=kmeans|gap=0.005,64,0.6835636792355254,0.6734722980172888,herding,0.7059333595529326,-0.02236968031740716,-0.01791790858530696,"[-2.79,-0.92]",0.5625,0.0013262599469496018,"{""boundary"": 0, ""herding"": 4, ""kcenter"": 0, ""kmeans"": 40, ""marc"": 6, ""random"": 14}"
single_0.20,no_boundary|default|lcb=0|fb=kmeans|gap=0.005,64,0.6835636792355254,0.6734722980172888,herding,0.7059333595529326,-0.02236968031740716,-0.01791790858530696,"[-2.79,-0.92]",0.5625,0.0013262599469496018,"{""boundary"": 0, ""herding"": 4, ""kcenter"": 0, ""kmeans"": 40, ""marc"": 6, ""random"": 14}"
single_0.20,no_boundary|herding_first|lcb=0|fb=kmeans|gap=0.005,64,0.6835636792355254,0.6734722980172888,herding,0.7059333595529326,-0.02236968031740716,-0.01791790858530696,"[-2.79,-0.92]",0.5625,0.0013262599469496018,"{""boundary"": 0, ""herding"": 4, ""kcenter"": 0, ""kmeans"": 40, ""marc"": 6, ""random"": 14}"
single_0.20,no_boundary|kmeans_first|lcb=0|fb=kmeans|gap=0.005,64,0.6835636792355254,0.6734722980172888,herding,0.7059333595529326,-0.02236968031740716,-0.01791790858530696,"[-2.79,-0.92]",0.5625,0.0013262599469496018,"{""boundary"": 0, ""herding"": 4, ""kcenter"": 0, ""kmeans"": 40, ""marc"": 6, ""random"": 14}"
single_0.10,no_random|kmeans_first|lcb=0|fb=kmeans|gap=0.02,64,0.683298856542764,0.6772581898932157,herding,0.7059333595529326,-0.02263450301016856,-0.018182731278068416,"[-2.94,-0.80]",0.5625,0.00984848484848485,"{""boundary"": 11, ""herding"": 7, ""kcenter"": 1, ""kmeans"": 44, ""marc"": 1, ""random"": 0}"
single_0.10,no_random|marc_first|lcb=0|fb=kmeans|gap=0.02,64,0.683298856542764,0.6772581898932157,herding,0.7059333595529326,-0.02263450301016856,-0.018182731278068416,"[-2.94,-0.80]",0.5625,0.00984848484848485,"{""boundary"": 11, ""herding"": 7, ""kcenter"": 1, ""kmeans"": 44, ""marc"": 1, ""random"": 0}"
single_0.10,no_random|default|lcb=0|fb=kmeans|gap=0.02,64,0.683298856542764,0.6772581898932157,herding,0.7059333595529326,-0.02263450301016856,-0.018182731278068416,"[-2.94,-0.80]",0.5625,0.00984848484848485,"{""boundary"": 11, ""herding"": 7, ""kcenter"": 1, ""kmeans"": 44, ""marc"": 1, ""random"": 0}"
single_0.10,no_random|herding_first|lcb=0|fb=kmeans|gap=0.02,64,0.683298856542764,0.6772581898932157,herding,0.7059333595529326,-0.02263450301016856,-0.018182731278068416,"[-2.94,-0.80]",0.5625,0.00984848484848485,"{""boundary"": 11, ""herding"": 7, ""kcenter"": 1, ""kmeans"": 44, ""marc"": 1, ""random"": 0}"
single_0.25,coverage3|herding_first|lcb=0|fb=none|gap=0,64,0.6831946213534761,0.6700412853329607,herding,0.7059333595529326,-0.022738738199456487,-0.01828696646735634,"[-2.96,-0.84]",0.0,0.0,"{""boundary"": 0, ""herding"": 42, ""kcenter"": 6, ""kmeans"": 16, ""marc"": 0, ""random"": 0}"
single_0.33,coverage3|herding_first|lcb=0|fb=herding|gap=0.005,64,0.6830715483690408,0.6694678747237066,herding,0.7059333595529326,-0.022861811183891745,-0.018410039451791448,"[-2.98,-0.85]",0.703125,0.0,"{""boundary"": 0, ""herding"": 55, ""kcenter"": 0, ""kmeans"": 9, ""marc"": 0, ""random"": 0}"
single_0.33,coverage3|marc_first|lcb=0|fb=herding|gap=0.005,64,0.6830715483690408,0.6694678747237066,herding,0.7059333595529326,-0.022861811183891745,-0.018410039451791448,"[-2.98,-0.85]",0.703125,0.0,"{""boundary"": 0, ""herding"": 55, ""kcenter"": 0, ""kmeans"": 9, ""marc"": 0, ""random"": 0}"
single_0.33,coverage3|default|lcb=0|fb=herding|gap=0.005,64,0.6830715483690408,0.6694678747237066,herding,0.7059333595529326,-0.022861811183891745,-0.018410039451791448,"[-2.98,-0.85]",0.703125,0.0,"{""boundary"": 0, ""herding"": 55, ""kcenter"": 0, ""kmeans"": 9, ""marc"": 0, ""random"": 0}"
single_0.33,coverage3|kmeans_first|lcb=0|fb=herding|gap=0.005,64,0.6830715483690408,0.6694678747237066,herding,0.7059333595529326,-0.022861811183891745,-0.018410039451791448,"[-2.98,-0.85]",0.703125,0.0,"{""boundary"": 0, ""herding"": 55, ""kcenter"": 0, ""kmeans"": 9, ""marc"": 0, ""random"": 0}"
single_0.25,coverage3|default|lcb=0|fb=none|gap=0,64,0.6829052695016242,0.6697215636900218,herding,0.7059333595529326,-0.023028090051308348,-0.01857631831920819,"[-2.99,-0.87]",0.0,0.0,"{""boundary"": 0, ""herding"": 42, ""kcenter"": 8, ""kmeans"": 14, ""marc"": 0, ""random"": 0}"
single_0.33,coverage3|herding_first|lcb=0|fb=herding|gap=0,64,0.6828868831369534,0.6697140818052116,herding,0.7059333595529326,-0.023046476415979122,-0.01859470468387886,"[-3.00,-0.87]",0.53125,0.0,"{""boundary"": 0, ""herding"": 47, ""kcenter"": 7, ""kmeans"": 10, ""marc"": 0, ""random"": 0}"
single_0.33,coverage3|kmeans_first|lcb=0|fb=herding|gap=0,64,0.6828868831369534,0.6697140818052116,herding,0.7059333595529326,-0.023046476415979122,-0.01859470468387886,"[-3.00,-0.87]",0.53125,0.0,"{""boundary"": 0, ""herding"": 47, ""kcenter"": 7, ""kmeans"": 10, ""marc"": 0, ""random"": 0}"
single_0.33,coverage3|default|lcb=0|fb=herding|gap=0,64,0.6828868831369534,0.6697140818052116,herding,0.7059333595529326,-0.023046476415979122,-0.01859470468387886,"[-3.00,-0.87]",0.53125,0.0,"{""boundary"": 0, ""herding"": 47, ""kcenter"": 7, ""kmeans"": 10, ""marc"": 0, ""random"": 0}"
single_0.33,coverage3|marc_first|lcb=0|fb=herding|gap=0,64,0.6828868831369534,0.6697140818052116,herding,0.7059333595529326,-0.023046476415979122,-0.01859470468387886,"[-3.00,-0.87]",0.53125,0.0,"{""boundary"": 0, ""herding"": 47, ""kcenter"": 7, ""kmeans"": 10, ""marc"": 0, ""random"": 0}"
single_0.10,centroid3|default|lcb=0|fb=herding|gap=0.02,64,0.6825050279012046,0.6688717536957496,herding,0.7059333595529326,-0.023428331651727974,-0.018976559919627704,"[-3.04,-0.91]",0.734375,0.0,"{""boundary"": 0, ""herding"": 55, ""kcenter"": 0, ""kmeans"": 8, ""marc"": 1, ""random"": 0}"
single_0.10,centroid3|kmeans_first|lcb=0|fb=herding|gap=0.02,64,0.6825050279012046,0.6688717536957496,herding,0.7059333595529326,-0.023428331651727974,-0.018976559919627704,"[-3.04,-0.91]",0.734375,0.0,"{""boundary"": 0, ""herding"": 55, ""kcenter"": 0, ""kmeans"": 8, ""marc"": 1, ""random"": 0}"
single_0.10,centroid3|herding_first|lcb=0|fb=herding|gap=0.02,64,0.6825050279012046,0.6688717536957496,herding,0.7059333595529326,-0.023428331651727974,-0.018976559919627704,"[-3.04,-0.91]",0.734375,0.0,"{""boundary"": 0, ""herding"": 55, ""kcenter"": 0, ""kmeans"": 8, ""marc"": 1, ""random"": 0}"
single_0.10,centroid3|marc_first|lcb=0|fb=herding|gap=0.02,64,0.6825050279012046,0.6688717536957496,herding,0.7059333595529326,-0.023428331651727974,-0.018976559919627704,"[-3.04,-0.91]",0.734375,0.0,"{""boundary"": 0, ""herding"": 55, ""kcenter"": 0, ""kmeans"": 8, ""marc"": 1, ""random"": 0}"
single_0.33,coverage3|herding_first|lcb=0|fb=herding|gap=0.01,64,0.682431928486,0.6687822066879618,herding,0.7059333595529326,-0.023501431066932588,-0.01904965933483238,"[-3.04,-0.91]",0.734375,0.0,"{""boundary"": 0, ""herding"": 57, ""kcenter"": 0, ""kmeans"": 7, ""marc"": 0, ""random"": 0}"
single_0.33,coverage3|kmeans_first|lcb=0|fb=herding|gap=0.01,64,0.682431928486,0.6687822066879618,herding,0.7059333595529326,-0.023501431066932588,-0.01904965933483238,"[-3.04,-0.91]",0.734375,0.0,"{""boundary"": 0, ""herding"": 57, ""kcenter"": 0, ""kmeans"": 7, ""marc"": 0, ""random"": 0}"
single_0.33,coverage3|default|lcb=0|fb=herding|gap=0.01,64,0.682431928486,0.6687822066879618,herding,0.7059333595529326,-0.023501431066932588,-0.01904965933483238,"[-3.04,-0.91]",0.734375,0.0,"{""boundary"": 0, ""herding"": 57, ""kcenter"": 0, ""kmeans"": 7, ""marc"": 0, ""random"": 0}"
single_0.33,coverage3|marc_first|lcb=0|fb=herding|gap=0.01,64,0.682431928486,0.6687822066879618,herding,0.7059333595529326,-0.023501431066932588,-0.01904965933483238,"[-3.04,-0.91]",0.734375,0.0,"{""boundary"": 0, ""herding"": 57, ""kcenter"": 0, ""kmeans"": 7, ""marc"": 0, ""random"": 0}"
single_0.10,centroid3|kmeans_first|lcb=0|fb=herding|gap=0,64,0.6823413347930807,0.6689285417566933,herding,0.7059333595529326,-0.023592024759851893,-0.019140253027751748,"[-3.05,-0.93]",0.578125,0.0,"{""boundary"": 0, ""herding"": 49, ""kcenter"": 0, ""kmeans"": 10, ""marc"": 5, ""random"": 0}"
single_0.10,centroid3|herding_first|lcb=0|fb=herding|gap=0,64,0.6823413347930807,0.6689285417566933,herding,0.7059333595529326,-0.023592024759851893,-0.019140253027751748,"[-3.05,-0.93]",0.578125,0.0,"{""boundary"": 0, ""herding"": 49, ""kcenter"": 0, ""kmeans"": 10, ""marc"": 5, ""random"": 0}"
single_0.10,centroid3|marc_first|lcb=0|fb=herding|gap=0,64,0.6823413347930807,0.6689285417566933,herding,0.7059333595529326,-0.023592024759851893,-0.019140253027751748,"[-3.05,-0.93]",0.578125,0.0,"{""boundary"": 0, ""herding"": 49, ""kcenter"": 0, ""kmeans"": 10, ""marc"": 5, ""random"": 0}"
single_0.10,centroid3|default|lcb=0|fb=herding|gap=0,64,0.6823413347930807,0.6689285417566933,herding,0.7059333595529326,-0.023592024759851893,-0.019140253027751748,"[-3.05,-0.93]",0.578125,0.0,"{""boundary"": 0, ""herding"": 49, ""kcenter"": 0, ""kmeans"": 10, ""marc"": 5, ""random"": 0}"
single_0.20,all6|herding_first|lcb=0|fb=none|gap=0,64,0.6822577598205414,0.677565497984338,herding,0.7059333595529326,-0.023675599732391195,-0.019223828000290988,"[-2.94,-1.01]",0.0,0.011636352153593488,"{""boundary"": 11, ""herding"": 33, ""kcenter"": 0, ""kmeans"": 5, ""marc"": 6, ""random"": 9}"
single_0.10,centroid3|herding_first|lcb=0|fb=herding|gap=0.005,64,0.682244611234538,0.6687070039486371,herding,0.7059333595529326,-0.023688748318394626,-0.01923697658629437,"[-3.06,-0.94]",0.703125,0.0,"{""boundary"": 0, ""herding"": 54, ""kcenter"": 0, ""kmeans"": 8, ""marc"": 2, ""random"": 0}"
single_0.10,centroid3|marc_first|lcb=0|fb=herding|gap=0.005,64,0.682244611234538,0.6687070039486371,herding,0.7059333595529326,-0.023688748318394626,-0.01923697658629437,"[-3.06,-0.94]",0.703125,0.0,"{""boundary"": 0, ""herding"": 54, ""kcenter"": 0, ""kmeans"": 8, ""marc"": 2, ""random"": 0}"
single_0.10,centroid3|default|lcb=0|fb=herding|gap=0.005,64,0.682244611234538,0.6687070039486371,herding,0.7059333595529326,-0.023688748318394626,-0.01923697658629437,"[-3.06,-0.94]",0.703125,0.0,"{""boundary"": 0, ""herding"": 54, ""kcenter"": 0, ""kmeans"": 8, ""marc"": 2, ""random"": 0}"
single_0.10,centroid3|marc_first|lcb=0|fb=herding|gap=0.01,64,0.682244611234538,0.6687070039486371,herding,0.7059333595529326,-0.023688748318394626,-0.01923697658629437,"[-3.06,-0.94]",0.71875,0.0,"{""boundary"": 0, ""herding"": 54, ""kcenter"": 0, ""kmeans"": 8, ""marc"": 2, ""random"": 0}"
single_0.10,centroid3|kmeans_first|lcb=0|fb=herding|gap=0.01,64,0.682244611234538,0.6687070039486371,herding,0.7059333595529326,-0.023688748318394626,-0.01923697658629437,"[-3.06,-0.94]",0.71875,0.0,"{""boundary"": 0, ""herding"": 54, ""kcenter"": 0, ""kmeans"": 8, ""marc"": 2, ""random"": 0}"
single_0.10,centroid3|herding_first|lcb=0|fb=herding|gap=0.01,64,0.682244611234538,0.6687070039486371,herding,0.7059333595529326,-0.023688748318394626,-0.01923697658629437,"[-3.06,-0.94]",0.71875,0.0,"{""boundary"": 0, ""herding"": 54, ""kcenter"": 0, ""kmeans"": 8, ""marc"": 2, ""random"": 0}"
single_0.10,centroid3|kmeans_first|lcb=0|fb=herding|gap=0.005,64,0.682244611234538,0.6687070039486371,herding,0.7059333595529326,-0.023688748318394626,-0.01923697658629437,"[-3.06,-0.94]",0.703125,0.0,"{""boundary"": 0, ""herding"": 54, ""kcenter"": 0, ""kmeans"": 8, ""marc"": 2, ""random"": 0}"
single_0.10,centroid3|default|lcb=0|fb=herding|gap=0.01,64,0.682244611234538,0.6687070039486371,herding,0.7059333595529326,-0.023688748318394626,-0.01923697658629437,"[-3.06,-0.94]",0.71875,0.0,"{""boundary"": 0, ""herding"": 54, ""kcenter"": 0, ""kmeans"": 8, ""marc"": 2, ""random"": 0}"
single_0.25,coverage3|herding_first|lcb=0|fb=herding|gap=0.005,64,0.6821724701663711,0.6686193190583014,herding,0.7059333595529326,-0.023760889386561512,-0.019309117654461194,"[-3.06,-0.94]",0.734375,0.0,"{""boundary"": 0, ""herding"": 55, ""kcenter"": 0, ""kmeans"": 9, ""marc"": 0, ""random"": 0}"
single_0.25,coverage3|default|lcb=0|fb=herding|gap=0.005,64,0.6821724701663711,0.6686193190583014,herding,0.7059333595529326,-0.023760889386561512,-0.019309117654461194,"[-3.06,-0.94]",0.734375,0.0,"{""boundary"": 0, ""herding"": 55, ""kcenter"": 0, ""kmeans"": 9, ""marc"": 0, ""random"": 0}"
single_0.25,coverage3|marc_first|lcb=0|fb=herding|gap=0.005,64,0.6821724701663711,0.6686193190583014,herding,0.7059333595529326,-0.023760889386561512,-0.019309117654461194,"[-3.06,-0.94]",0.734375,0.0,"{""boundary"": 0, ""herding"": 55, ""kcenter"": 0, ""kmeans"": 9, ""marc"": 0, ""random"": 0}"
single_0.25,coverage3|kmeans_first|lcb=0|fb=herding|gap=0.005,64,0.6821724701663711,0.6686193190583014,herding,0.7059333595529326,-0.023760889386561512,-0.019309117654461194,"[-3.06,-0.94]",0.734375,0.0,"{""boundary"": 0, ""herding"": 55, ""kcenter"": 0, ""kmeans"": 9, ""marc"": 0, ""random"": 0}"
single_0.25,coverage3|herding_first|lcb=0|fb=herding|gap=0.01,64,0.682166943105883,0.6685987258904371,herding,0.7059333595529326,-0.023766416447049576,-0.01931464471494934,"[-3.06,-0.94]",0.75,0.0,"{""boundary"": 0, ""herding"": 56, ""kcenter"": 0, ""kmeans"": 8, ""marc"": 0, ""random"": 0}"
single_0.25,coverage3|default|lcb=0|fb=herding|gap=0.01,64,0.682166943105883,0.6685987258904371,herding,0.7059333595529326,-0.023766416447049576,-0.01931464471494934,"[-3.06,-0.94]",0.75,0.0,"{""boundary"": 0, ""herding"": 56, ""kcenter"": 0, ""kmeans"": 8, ""marc"": 0, ""random"": 0}"
single_0.25,coverage3|kmeans_first|lcb=0|fb=herding|gap=0.01,64,0.682166943105883,0.6685987258904371,herding,0.7059333595529326,-0.023766416447049576,-0.01931464471494934,"[-3.06,-0.94]",0.75,0.0,"{""boundary"": 0, ""herding"": 56, ""kcenter"": 0, ""kmeans"": 8, ""marc"": 0, ""random"": 0}"
single_0.25,coverage3|marc_first|lcb=0|fb=herding|gap=0.01,64,0.682166943105883,0.6685987258904371,herding,0.7059333595529326,-0.023766416447049576,-0.01931464471494934,"[-3.06,-0.94]",0.75,0.0,"{""boundary"": 0, ""herding"": 56, ""kcenter"": 0, ""kmeans"": 8, ""marc"": 0, ""random"": 0}"
single_0.33,centroid3|kmeans_first|lcb=0|fb=none|gap=0,64,0.6820488186182943,0.6687114304214312,herding,0.7059333595529326,-0.02388454093463832,-0.019432769202538044,"[-3.06,-0.96]",0.0,0.0,"{""boundary"": 0, ""herding"": 14, ""kcenter"": 0, ""kmeans"": 41, ""marc"": 9, ""random"": 0}"
single_0.33,centroid3|marc_first|lcb=0|fb=none|gap=0,64,0.6820488186182943,0.6687114171960962,herding,0.7059333595529326,-0.02388454093463832,-0.019432769202538044,"[-3.06,-0.96]",0.0,0.0,"{""boundary"": 0, ""herding"": 13, ""kcenter"": 0, ""kmeans"": 12, ""marc"": 39, ""random"": 0}"
single_0.33,centroid3|herding_first|lcb=0|fb=none|gap=0,64,0.6820460550880503,0.6687007658067922,herding,0.7059333595529326,-0.023887304464882297,-0.019435532732782118,"[-3.06,-0.97]",0.0,0.0,"{""boundary"": 0, ""herding"": 41, ""kcenter"": 0, ""kmeans"": 14, ""marc"": 9, ""random"": 0}"
single_0.33,centroid3|default|lcb=0|fb=none|gap=0,64,0.6820460550880503,0.6687007658067922,herding,0.7059333595529326,-0.023887304464882297,-0.019435532732782118,"[-3.06,-0.97]",0.0,0.0,"{""boundary"": 0, ""herding"": 41, ""kcenter"": 0, ""kmeans"": 14, ""marc"": 9, ""random"": 0}"
single_0.33,representative4|kmeans_first|lcb=0|fb=none|gap=0,64,0.682037764497318,0.6687175154796483,herding,0.7059333595529326,-0.02389559505561456,-0.01944382332351434,"[-3.06,-0.97]",0.0,0.0,"{""boundary"": 0, ""herding"": 13, ""kcenter"": 6, ""kmeans"": 38, ""marc"": 7, ""random"": 0}"
single_0.33,representative4|marc_first|lcb=0|fb=none|gap=0,64,0.682037764497318,0.6687175022543133,herding,0.7059333595529326,-0.02389559505561456,-0.01944382332351434,"[-3.06,-0.97]",0.0,0.0,"{""boundary"": 0, ""herding"": 12, ""kcenter"": 6, ""kmeans"": 9, ""marc"": 37, ""random"": 0}"
single_0.33,representative4|default|lcb=0|fb=none|gap=0,64,0.6820350009670739,0.6687068508650093,herding,0.7059333595529326,-0.023898358585858648,-0.01944658685375842,"[-3.06,-0.97]",0.0,0.0,"{""boundary"": 0, ""herding"": 40, ""kcenter"": 8, ""kmeans"": 9, ""marc"": 7, ""random"": 0}"
single_0.33,representative4|herding_first|lcb=0|fb=none|gap=0,64,0.6820350009670739,0.6687068508650093,herding,0.7059333595529326,-0.023898358585858648,-0.01944658685375842,"[-3.06,-0.97]",0.0,0.0,"{""boundary"": 0, ""herding"": 40, ""kcenter"": 6, ""kmeans"": 11, ""marc"": 7, ""random"": 0}"
single_0.25,coverage3|default|lcb=0|fb=herding|gap=0,64,0.6819905684645279,0.6687537361173186,herding,0.7059333595529326,-0.02394279108840469,-0.01949101935630453,"[-3.07,-0.97]",0.609375,0.0,"{""boundary"": 0, ""herding"": 48, ""kcenter"": 5, ""kmeans"": 11, ""marc"": 0, ""random"": 0}"
single_0.25,coverage3|marc_first|lcb=0|fb=herding|gap=0,64,0.6819905684645279,0.6687537361173186,herding,0.7059333595529326,-0.02394279108840469,-0.01949101935630453,"[-3.07,-0.97]",0.609375,0.0,"{""boundary"": 0, ""herding"": 48, ""kcenter"": 5, ""kmeans"": 11, ""marc"": 0, ""random"": 0}"
single_0.25,coverage3|kmeans_first|lcb=0|fb=herding|gap=0,64,0.6819905684645279,0.6687537361173186,herding,0.7059333595529326,-0.02394279108840469,-0.01949101935630453,"[-3.07,-0.97]",0.609375,0.0,"{""boundary"": 0, ""herding"": 48, ""kcenter"": 5, ""kmeans"": 11, ""marc"": 0, ""random"": 0}"
single_0.25,coverage3|herding_first|lcb=0|fb=herding|gap=0,64,0.6819905684645279,0.6687537361173186,herding,0.7059333595529326,-0.02394279108840469,-0.01949101935630453,"[-3.07,-0.97]",0.609375,0.0,"{""boundary"": 0, ""herding"": 48, ""kcenter"": 5, ""kmeans"": 11, ""marc"": 0, ""random"": 0}"
single_0.20,all6|herding_first|lcb=0|fb=herding|gap=0,64,0.681892262744518,0.6771660958932924,herding,0.7059333595529326,-0.024041096808414597,-0.019589325076314383,"[-2.98,-1.05]",0.453125,0.011636352153593488,"{""boundary"": 11, ""herding"": 34, ""kcenter"": 0, ""kmeans"": 4, ""marc"": 6, ""random"": 9}"
single_0.20,all6|herding_first|lcb=0|fb=herding|gap=0.005,64,0.681892262744518,0.6771660958932924,herding,0.7059333595529326,-0.024041096808414597,-0.019589325076314383,"[-2.98,-1.05]",0.46875,0.011636352153593488,"{""boundary"": 11, ""herding"": 34, ""kcenter"": 0, ""kmeans"": 4, ""marc"": 6, ""random"": 9}"
single_0.20,all6|marc_first|lcb=0|fb=herding|gap=0,64,0.681892262744518,0.6771660958932924,herding,0.7059333595529326,-0.024041096808414597,-0.019589325076314383,"[-2.98,-1.05]",0.453125,0.011636352153593488,"{""boundary"": 11, ""herding"": 34, ""kcenter"": 0, ""kmeans"": 4, ""marc"": 6, ""random"": 9}"
single_0.20,all6|marc_first|lcb=0|fb=herding|gap=0.005,64,0.681892262744518,0.6771660958932924,herding,0.7059333595529326,-0.024041096808414597,-0.019589325076314383,"[-2.98,-1.05]",0.46875,0.011636352153593488,"{""boundary"": 11, ""herding"": 34, ""kcenter"": 0, ""kmeans"": 4, ""marc"": 6, ""random"": 9}"
single_0.20,all6|kmeans_first|lcb=0|fb=herding|gap=0.005,64,0.681892262744518,0.6771660958932924,herding,0.7059333595529326,-0.024041096808414597,-0.019589325076314383,"[-2.98,-1.05]",0.46875,0.011636352153593488,"{""boundary"": 11, ""herding"": 34, ""kcenter"": 0, ""kmeans"": 4, ""marc"": 6, ""random"": 9}"
single_0.20,all6|kmeans_first|lcb=0|fb=herding|gap=0,64,0.681892262744518,0.6771660958932924,herding,0.7059333595529326,-0.024041096808414597,-0.019589325076314383,"[-2.98,-1.05]",0.453125,0.011636352153593488,"{""boundary"": 11, ""herding"": 34, ""kcenter"": 0, ""kmeans"": 4, ""marc"": 6, ""random"": 9}"
single_0.20,all6|default|lcb=0|fb=herding|gap=0,64,0.681892262744518,0.6771660958932924,herding,0.7059333595529326,-0.024041096808414597,-0.019589325076314383,"[-2.98,-1.05]",0.453125,0.011636352153593488,"{""boundary"": 11, ""herding"": 34, ""kcenter"": 0, ""kmeans"": 4, ""marc"": 6, ""random"": 9}"
single_0.20,all6|default|lcb=0|fb=herding|gap=0.005,64,0.681892262744518,0.6771660958932924,herding,0.7059333595529326,-0.024041096808414597,-0.019589325076314383,"[-2.98,-1.05]",0.46875,0.011636352153593488,"{""boundary"": 11, ""herding"": 34, ""kcenter"": 0, ""kmeans"": 4, ""marc"": 6, ""random"": 9}"
single_0.20,all6|default|lcb=0|fb=kmeans|gap=0,64,0.681825254947247,0.6772329105380759,herding,0.7059333595529326,-0.024108104605685576,-0.019656332873585338,"[-3.03,-1.02]",0.453125,0.011636352153593488,"{""boundary"": 11, ""herding"": 5, ""kcenter"": 0, ""kmeans"": 33, ""marc"": 6, ""random"": 9}"
single_0.20,all6|marc_first|lcb=0|fb=kmeans|gap=0,64,0.681825254947247,0.6772329105380759,herding,0.7059333595529326,-0.024108104605685576,-0.019656332873585338,"[-3.03,-1.02]",0.453125,0.011636352153593488,"{""boundary"": 11, ""herding"": 5, ""kcenter"": 0, ""kmeans"": 33, ""marc"": 6, ""random"": 9}"
single_0.20,all6|herding_first|lcb=0|fb=kmeans|gap=0,64,0.681825254947247,0.6772329105380759,herding,0.7059333595529326,-0.024108104605685576,-0.019656332873585338,"[-3.03,-1.02]",0.453125,0.011636352153593488,"{""boundary"": 11, ""herding"": 5, ""kcenter"": 0, ""kmeans"": 33, ""marc"": 6, ""random"": 9}"
single_0.20,all6|kmeans_first|lcb=0|fb=kmeans|gap=0,64,0.681825254947247,0.6772329105380759,herding,0.7059333595529326,-0.024108104605685576,-0.019656332873585338,"[-3.03,-1.02]",0.453125,0.011636352153593488,"{""boundary"": 11, ""herding"": 5, ""kcenter"": 0, ""kmeans"": 33, ""marc"": 6, ""random"": 9}"
single_0.33,coverage3|marc_first|lcb=0|fb=none|gap=0,64,0.6817922945967629,0.6684069020336874,herding,0.7059333595529326,-0.024141064956169633,-0.01968929322406949,"[-3.11,-0.96]",0.0,0.0,"{""boundary"": 0, ""herding"": 15, ""kcenter"": 7, ""kmeans"": 42, ""marc"": 0, ""random"": 0}"
single_0.33,coverage3|kmeans_first|lcb=0|fb=none|gap=0,64,0.6817922945967629,0.6684069020336874,herding,0.7059333595529326,-0.024141064956169633,-0.01968929322406949,"[-3.11,-0.96]",0.0,0.0,"{""boundary"": 0, ""herding"": 15, ""kcenter"": 7, ""kmeans"": 42, ""marc"": 0, ""random"": 0}"
single_0.33,coverage3|herding_first|lcb=0|fb=none|gap=0,64,0.6817895310665187,0.6683962374190484,herding,0.7059333595529326,-0.024143828486413832,-0.019692056754313562,"[-3.11,-0.96]",0.0,0.0,"{""boundary"": 0, ""herding"": 42, ""kcenter"": 7, ""kmeans"": 15, ""marc"": 0, ""random"": 0}"
single_0.33,coverage3|default|lcb=0|fb=none|gap=0,64,0.6817895310665187,0.6683962374190484,herding,0.7059333595529326,-0.024143828486413832,-0.019692056754313562,"[-3.11,-0.96]",0.0,0.0,"{""boundary"": 0, ""herding"": 42, ""kcenter"": 9, ""kmeans"": 13, ""marc"": 0, ""random"": 0}"
single_0.20,coverage3|herding_first|lcb=0|fb=herding|gap=0.005,64,0.6817862169850253,0.6680748403945995,herding,0.7059333595529326,-0.024147142567907287,-0.019695370835807045,"[-3.10,-0.98]",0.734375,0.0,"{""boundary"": 0, ""herding"": 55, ""kcenter"": 0, ""kmeans"": 9, ""marc"": 0, ""random"": 0}"
single_0.20,coverage3|kmeans_first|lcb=0|fb=herding|gap=0.01,64,0.6817862169850253,0.6680748403945995,herding,0.7059333595529326,-0.024147142567907287,-0.019695370835807045,"[-3.10,-0.98]",0.75,0.0,"{""boundary"": 0, ""herding"": 55, ""kcenter"": 0, ""kmeans"": 9, ""marc"": 0, ""random"": 0}"
single_0.20,coverage3|marc_first|lcb=0|fb=herding|gap=0.005,64,0.6817862169850253,0.6680748403945995,herding,0.7059333595529326,-0.024147142567907287,-0.019695370835807045,"[-3.10,-0.98]",0.734375,0.0,"{""boundary"": 0, ""herding"": 55, ""kcenter"": 0, ""kmeans"": 9, ""marc"": 0, ""random"": 0}"
single_0.20,coverage3|default|lcb=0|fb=herding|gap=0.005,64,0.6817862169850253,0.6680748403945995,herding,0.7059333595529326,-0.024147142567907287,-0.019695370835807045,"[-3.10,-0.98]",0.734375,0.0,"{""boundary"": 0, ""herding"": 55, ""kcenter"": 0, ""kmeans"": 9, ""marc"": 0, ""random"": 0}"
single_0.20,coverage3|default|lcb=0|fb=herding|gap=0.01,64,0.6817862169850253,0.6680748403945995,herding,0.7059333595529326,-0.024147142567907287,-0.019695370835807045,"[-3.10,-0.98]",0.75,0.0,"{""boundary"": 0, ""herding"": 55, ""kcenter"": 0, ""kmeans"": 9, ""marc"": 0, ""random"": 0}"
single_0.20,coverage3|herding_first|lcb=0|fb=herding|gap=0.01,64,0.6817862169850253,0.6680748403945995,herding,0.7059333595529326,-0.024147142567907287,-0.019695370835807045,"[-3.10,-0.98]",0.75,0.0,"{""boundary"": 0, ""herding"": 55, ""kcenter"": 0, ""kmeans"": 9, ""marc"": 0, ""random"": 0}"
single_0.20,coverage3|kmeans_first|lcb=0|fb=herding|gap=0.005,64,0.6817862169850253,0.6680748403945995,herding,0.7059333595529326,-0.024147142567907287,-0.019695370835807045,"[-3.10,-0.98]",0.734375,0.0,"{""boundary"": 0, ""herding"": 55, ""kcenter"": 0, ""kmeans"": 9, ""marc"": 0, ""random"": 0}"
single_0.20,coverage3|marc_first|lcb=0|fb=herding|gap=0.01,64,0.6817862169850253,0.6680748403945995,herding,0.7059333595529326,-0.024147142567907287,-0.019695370835807045,"[-3.10,-0.98]",0.75,0.0,"{""boundary"": 0, ""herding"": 55, ""kcenter"": 0, ""kmeans"": 9, ""marc"": 0, ""random"": 0}"
single_0.20,all6|default|lcb=0|fb=kmeans|gap=0.005,64,0.6817673845768766,0.6771600148708223,herding,0.7059333595529326,-0.024165974976055993,-0.01971420324395571,"[-3.03,-1.03]",0.46875,0.011636352153593488,"{""boundary"": 11, ""herding"": 4, ""kcenter"": 0, ""kmeans"": 34, ""marc"": 6, ""random"": 9}"
single_0.20,all6|marc_first|lcb=0|fb=kmeans|gap=0.005,64,0.6817673845768766,0.6771600148708223,herding,0.7059333595529326,-0.024165974976055993,-0.01971420324395571,"[-3.03,-1.03]",0.46875,0.011636352153593488,"{""boundary"": 11, ""herding"": 4, ""kcenter"": 0, ""kmeans"": 34, ""marc"": 6, ""random"": 9}"
single_0.20,all6|herding_first|lcb=0|fb=kmeans|gap=0.005,64,0.6817673845768766,0.6771600148708223,herding,0.7059333595529326,-0.024165974976055993,-0.01971420324395571,"[-3.03,-1.03]",0.46875,0.011636352153593488,"{""boundary"": 11, ""herding"": 4, ""kcenter"": 0, ""kmeans"": 34, ""marc"": 6, ""random"": 9}"
single_0.20,all6|kmeans_first|lcb=0|fb=kmeans|gap=0.005,64,0.6817673845768766,0.6771600148708223,herding,0.7059333595529326,-0.024165974976055993,-0.01971420324395571,"[-3.03,-1.03]",0.46875,0.011636352153593488,"{""boundary"": 11, ""herding"": 4, ""kcenter"": 0, ""kmeans"": 34, ""marc"": 6, ""random"": 9}"
single_0.20,coverage3|kmeans_first|lcb=0|fb=herding|gap=0,64,0.6817475275616083,0.6683171066601532,herding,0.7059333595529326,-0.02418583199132429,-0.01973406025922409,"[-3.10,-0.99]",0.578125,0.0,"{""boundary"": 0, ""herding"": 50, ""kcenter"": 5, ""kmeans"": 9, ""marc"": 0, ""random"": 0}"
single_0.20,coverage3|marc_first|lcb=0|fb=herding|gap=0,64,0.6817475275616083,0.6683171066601532,herding,0.7059333595529326,-0.02418583199132429,-0.01973406025922409,"[-3.10,-0.99]",0.578125,0.0,"{""boundary"": 0, ""herding"": 50, ""kcenter"": 5, ""kmeans"": 9, ""marc"": 0, ""random"": 0}"
single_0.20,coverage3|herding_first|lcb=0|fb=herding|gap=0,64,0.6817475275616083,0.6683171066601532,herding,0.7059333595529326,-0.02418583199132429,-0.01973406025922409,"[-3.10,-0.99]",0.578125,0.0,"{""boundary"": 0, ""herding"": 50, ""kcenter"": 5, ""kmeans"": 9, ""marc"": 0, ""random"": 0}"
single_0.20,coverage3|default|lcb=0|fb=herding|gap=0,64,0.6817475275616083,0.6683171066601532,herding,0.7059333595529326,-0.02418583199132429,-0.01973406025922409,"[-3.10,-0.99]",0.578125,0.0,"{""boundary"": 0, ""herding"": 50, ""kcenter"": 5, ""kmeans"": 9, ""marc"": 0, ""random"": 0}"
single_0.33,centroid3|herding_first|lcb=0|fb=kmeans|gap=0.02,64,0.6817288971659043,0.6683607644638734,herding,0.7059333595529326,-0.024204462387028225,-0.01975269065492801,"[-3.09,-1.00]",0.828125,0.0,"{""boundary"": 0, ""herding"": 6, ""kcenter"": 0, ""kmeans"": 56, ""marc"": 2, ""random"": 0}"
single_0.33,representative4|herding_first|lcb=0|fb=kmeans|gap=0.02,64,0.6817288971659043,0.6683607644638734,herding,0.7059333595529326,-0.024204462387028225,-0.01975269065492801,"[-3.09,-1.00]",0.828125,0.0,"{""boundary"": 0, ""herding"": 6, ""kcenter"": 0, ""kmeans"": 56, ""marc"": 2, ""random"": 0}"
single_0.33,representative4|default|lcb=0|fb=kmeans|gap=0.02,64,0.6817288971659043,0.6683607644638734,herding,0.7059333595529326,-0.024204462387028225,-0.01975269065492801,"[-3.09,-1.00]",0.828125,0.0,"{""boundary"": 0, ""herding"": 6, ""kcenter"": 0, ""kmeans"": 56, ""marc"": 2, ""random"": 0}"
single_0.33,centroid3|marc_first|lcb=0|fb=kmeans|gap=0.02,64,0.6817288971659043,0.6683607644638734,herding,0.7059333595529326,-0.024204462387028225,-0.01975269065492801,"[-3.09,-1.00]",0.828125,0.0,"{""boundary"": 0, ""herding"": 6, ""kcenter"": 0, ""kmeans"": 56, ""marc"": 2, ""random"": 0}"
single_0.33,centroid3|default|lcb=0|fb=kmeans|gap=0.02,64,0.6817288971659043,0.6683607644638734,herding,0.7059333595529326,-0.024204462387028225,-0.01975269065492801,"[-3.09,-1.00]",0.828125,0.0,"{""boundary"": 0, ""herding"": 6, ""kcenter"": 0, ""kmeans"": 56, ""marc"": 2, ""random"": 0}"
single_0.33,centroid3|kmeans_first|lcb=0|fb=kmeans|gap=0.02,64,0.6817288971659043,0.6683607644638734,herding,0.7059333595529326,-0.024204462387028225,-0.01975269065492801,"[-3.09,-1.00]",0.828125,0.0,"{""boundary"": 0, ""herding"": 6, ""kcenter"": 0, ""kmeans"": 56, ""marc"": 2, ""random"": 0}"
single_0.33,representative4|marc_first|lcb=0|fb=kmeans|gap=0.02,64,0.6817288971659043,0.6683607644638734,herding,0.7059333595529326,-0.024204462387028225,-0.01975269065492801,"[-3.09,-1.00]",0.828125,0.0,"{""boundary"": 0, ""herding"": 6, ""kcenter"": 0, ""kmeans"": 56, ""marc"": 2, ""random"": 0}"
single_0.33,representative4|kmeans_first|lcb=0|fb=kmeans|gap=0.02,64,0.6817288971659043,0.6683607644638734,herding,0.7059333595529326,-0.024204462387028225,-0.01975269065492801,"[-3.09,-1.00]",0.828125,0.0,"{""boundary"": 0, ""herding"": 6, ""kcenter"": 0, ""kmeans"": 56, ""marc"": 2, ""random"": 0}"
single_0.10,centroid3|marc_first|lcb=0|fb=none|gap=0,64,0.6817282351037854,0.668500735827759,herding,0.7059333595529326,-0.02420512444914713,-0.01975335271704691,"[-3.11,-0.98]",0.0,0.0,"{""boundary"": 0, ""herding"": 12, ""kcenter"": 0, ""kmeans"": 11, ""marc"": 41, ""random"": 0}"
single_0.20,all6|marc_first|lcb=0|fb=herding|gap=0.05,64,0.6817195733488547,0.6692249432227425,herding,0.7059333595529326,-0.02421378620407788,-0.01976201447197761,"[-3.07,-1.02]",0.875,0.011636352153593488,"{""boundary"": 0, ""herding"": 56, ""kcenter"": 0, ""kmeans"": 0, ""marc"": 1, ""random"": 7}"
single_0.20,no_boundary|kmeans_first|lcb=0|fb=herding|gap=0.05,64,0.6817195733488547,0.6692249432227425,herding,0.7059333595529326,-0.02421378620407788,-0.01976201447197761,"[-3.07,-1.02]",0.875,0.0013262599469496018,"{""boundary"": 0, ""herding"": 56, ""kcenter"": 0, ""kmeans"": 0, ""marc"": 1, ""random"": 7}"
single_0.20,all6|default|lcb=0|fb=herding|gap=0.05,64,0.6817195733488547,0.6692249432227425,herding,0.7059333595529326,-0.02421378620407788,-0.01976201447197761,"[-3.07,-1.02]",0.875,0.011636352153593488,"{""boundary"": 0, ""herding"": 56, ""kcenter"": 0, ""kmeans"": 0, ""marc"": 1, ""random"": 7}"
single_0.20,no_boundary|marc_first|lcb=0|fb=herding|gap=0.05,64,0.6817195733488547,0.6692249432227425,herding,0.7059333595529326,-0.02421378620407788,-0.01976201447197761,"[-3.07,-1.02]",0.875,0.0013262599469496018,"{""boundary"": 0, ""herding"": 56, ""kcenter"": 0, ""kmeans"": 0, ""marc"": 1, ""random"": 7}"
single_0.20,all6|kmeans_first|lcb=0|fb=herding|gap=0.05,64,0.6817195733488547,0.6692249432227425,herding,0.7059333595529326,-0.02421378620407788,-0.01976201447197761,"[-3.07,-1.02]",0.875,0.011636352153593488,"{""boundary"": 0, ""herding"": 56, ""kcenter"": 0, ""kmeans"": 0, ""marc"": 1, ""random"": 7}"
single_0.20,no_boundary|default|lcb=0|fb=herding|gap=0.05,64,0.6817195733488547,0.6692249432227425,herding,0.7059333595529326,-0.02421378620407788,-0.01976201447197761,"[-3.07,-1.02]",0.875,0.0013262599469496018,"{""boundary"": 0, ""herding"": 56, ""kcenter"": 0, ""kmeans"": 0, ""marc"": 1, ""random"": 7}"
single_0.20,all6|herding_first|lcb=0|fb=herding|gap=0.05,64,0.6817195733488547,0.6692249432227425,herding,0.7059333595529326,-0.02421378620407788,-0.01976201447197761,"[-3.07,-1.02]",0.875,0.011636352153593488,"{""boundary"": 0, ""herding"": 56, ""kcenter"": 0, ""kmeans"": 0, ""marc"": 1, ""random"": 7}"
single_0.20,no_boundary|herding_first|lcb=0|fb=herding|gap=0.05,64,0.6817195733488547,0.6692249432227425,herding,0.7059333595529326,-0.02421378620407788,-0.01976201447197761,"[-3.07,-1.02]",0.875,0.0013262599469496018,"{""boundary"": 0, ""herding"": 56, ""kcenter"": 0, ""kmeans"": 0, ""marc"": 1, ""random"": 7}"
single_0.20,all6|default|lcb=0|fb=herding|gap=0.01,64,0.681671180324992,0.6762683051805424,herding,0.7059333595529326,-0.024262179227940606,-0.019810407495840385,"[-3.02,-1.05]",0.484375,0.011636352153593488,"{""boundary"": 10, ""herding"": 35, ""kcenter"": 0, ""kmeans"": 4, ""marc"": 6, ""random"": 9}"
single_0.20,all6|kmeans_first|lcb=0|fb=herding|gap=0.01,64,0.681671180324992,0.6762683051805424,herding,0.7059333595529326,-0.024262179227940606,-0.019810407495840385,"[-3.02,-1.05]",0.484375,0.011636352153593488,"{""boundary"": 10, ""herding"": 35, ""kcenter"": 0, ""kmeans"": 4, ""marc"": 6, ""random"": 9}"
single_0.20,all6|herding_first|lcb=0|fb=herding|gap=0.01,64,0.681671180324992,0.6762683051805424,herding,0.7059333595529326,-0.024262179227940606,-0.019810407495840385,"[-3.02,-1.05]",0.484375,0.011636352153593488,"{""boundary"": 10, ""herding"": 35, ""kcenter"": 0, ""kmeans"": 4, ""marc"": 6, ""random"": 9}"
single_0.20,all6|marc_first|lcb=0|fb=herding|gap=0.01,64,0.681671180324992,0.6762683051805424,herding,0.7059333595529326,-0.024262179227940606,-0.019810407495840385,"[-3.02,-1.05]",0.484375,0.011636352153593488,"{""boundary"": 10, ""herding"": 35, ""kcenter"": 0, ""kmeans"": 4, ""marc"": 6, ""random"": 9}"
single_0.10,representative4|kmeans_first|lcb=0|fb=herding|gap=0.02,64,0.681636972345649,0.6680071119642348,herding,0.7059333595529326,-0.024296387207283554,-0.019844615475183257,"[-3.12,-0.99]",0.734375,0.0,"{""boundary"": 0, ""herding"": 54, ""kcenter"": 1, ""kmeans"": 8, ""marc"": 1, ""random"": 0}"
single_0.10,representative4|default|lcb=0|fb=herding|gap=0.02,64,0.681636972345649,0.6680071119642348,herding,0.7059333595529326,-0.024296387207283554,-0.019844615475183257,"[-3.12,-0.99]",0.734375,0.0,"{""boundary"": 0, ""herding"": 54, ""kcenter"": 1, ""kmeans"": 8, ""marc"": 1, ""random"": 0}"
single_0.10,representative4|herding_first|lcb=0|fb=herding|gap=0.02,64,0.681636972345649,0.6680071119642348,herding,0.7059333595529326,-0.024296387207283554,-0.019844615475183257,"[-3.12,-0.99]",0.734375,0.0,"{""boundary"": 0, ""herding"": 54, ""kcenter"": 1, ""kmeans"": 8, ""marc"": 1, ""random"": 0}"
single_0.10,representative4|marc_first|lcb=0|fb=herding|gap=0.02,64,0.681636972345649,0.6680071119642348,herding,0.7059333595529326,-0.024296387207283554,-0.019844615475183257,"[-3.12,-0.99]",0.734375,0.0,"{""boundary"": 0, ""herding"": 54, ""kcenter"": 1, ""kmeans"": 8, ""marc"": 1, ""random"": 0}"
single_0.20,all6|marc_first|lcb=0|fb=none|gap=0,64,0.6815876818478319,0.6768423001361354,herding,0.7059333595529326,-0.024345677705100655,-0.019893905973000545,"[-3.06,-1.02]",0.0,0.011636352153593488,"{""boundary"": 11, ""herding"": 7, ""kcenter"": 0, ""kmeans"": 6, ""marc"": 31, ""random"": 9}"
single_0.20,all6|marc_first|lcb=0|fb=kmeans|gap=0.01,64,0.6815407750968625,0.6762617250760723,herding,0.7059333595529326,-0.024392584456070066,-0.01994081272396986,"[-3.07,-1.04]",0.484375,0.011636352153593488,"{""boundary"": 10, ""herding"": 4, ""kcenter"": 0, ""kmeans"": 35, ""marc"": 6, ""random"": 9}"
single_0.20,all6|herding_first|lcb=0|fb=kmeans|gap=0.01,64,0.6815407750968625,0.6762617250760723,herding,0.7059333595529326,-0.024392584456070066,-0.01994081272396986,"[-3.07,-1.04]",0.484375,0.011636352153593488,"{""boundary"": 10, ""herding"": 4, ""kcenter"": 0, ""kmeans"": 35, ""marc"": 6, ""random"": 9}"
single_0.20,all6|kmeans_first|lcb=0|fb=kmeans|gap=0.01,64,0.6815407750968625,0.6762617250760723,herding,0.7059333595529326,-0.024392584456070066,-0.01994081272396986,"[-3.07,-1.04]",0.484375,0.011636352153593488,"{""boundary"": 10, ""herding"": 4, ""kcenter"": 0, ""kmeans"": 35, ""marc"": 6, ""random"": 9}"
single_0.20,all6|default|lcb=0|fb=kmeans|gap=0.01,64,0.6815407750968625,0.6762617250760723,herding,0.7059333595529326,-0.024392584456070066,-0.01994081272396986,"[-3.07,-1.04]",0.484375,0.011636352153593488,"{""boundary"": 10, ""herding"": 4, ""kcenter"": 0, ""kmeans"": 35, ""marc"": 6, ""random"": 9}"
single_0.33,representative4|default|lcb=0|fb=kmeans|gap=0.01,64,0.6815379695480299,0.6682100192660663,herding,0.7059333595529326,-0.02439539000490265,-0.019943618272802433,"[-3.11,-1.02]",0.71875,0.0,"{""boundary"": 0, ""herding"": 8, ""kcenter"": 0, ""kmeans"": 52, ""marc"": 4, ""random"": 0}"
single_0.33,centroid3|herding_first|lcb=0|fb=kmeans|gap=0.01,64,0.6815379695480299,0.6682100192660663,herding,0.7059333595529326,-0.02439539000490265,-0.019943618272802433,"[-3.11,-1.02]",0.71875,0.0,"{""boundary"": 0, ""herding"": 8, ""kcenter"": 0, ""kmeans"": 52, ""marc"": 4, ""random"": 0}"
single_0.33,centroid3|kmeans_first|lcb=0|fb=kmeans|gap=0.01,64,0.6815379695480299,0.6682100192660663,herding,0.7059333595529326,-0.02439539000490265,-0.019943618272802433,"[-3.11,-1.02]",0.71875,0.0,"{""boundary"": 0, ""herding"": 8, ""kcenter"": 0, ""kmeans"": 52, ""marc"": 4, ""random"": 0}"
single_0.33,centroid3|default|lcb=0|fb=kmeans|gap=0.01,64,0.6815379695480299,0.6682100192660663,herding,0.7059333595529326,-0.02439539000490265,-0.019943618272802433,"[-3.11,-1.02]",0.71875,0.0,"{""boundary"": 0, ""herding"": 8, ""kcenter"": 0, ""kmeans"": 52, ""marc"": 4, ""random"": 0}"
single_0.33,representative4|kmeans_first|lcb=0|fb=kmeans|gap=0.01,64,0.6815379695480299,0.6682100192660663,herding,0.7059333595529326,-0.02439539000490265,-0.019943618272802433,"[-3.11,-1.02]",0.71875,0.0,"{""boundary"": 0, ""herding"": 8, ""kcenter"": 0, ""kmeans"": 52, ""marc"": 4, ""random"": 0}"
single_0.33,representative4|marc_first|lcb=0|fb=kmeans|gap=0.01,64,0.6815379695480299,0.6682100192660663,herding,0.7059333595529326,-0.02439539000490265,-0.019943618272802433,"[-3.11,-1.02]",0.71875,0.0,"{""boundary"": 0, ""herding"": 8, ""kcenter"": 0, ""kmeans"": 52, ""marc"": 4, ""random"": 0}"
single_0.33,centroid3|marc_first|lcb=0|fb=kmeans|gap=0.01,64,0.6815379695480299,0.6682100192660663,herding,0.7059333595529326,-0.02439539000490265,-0.019943618272802433,"[-3.11,-1.02]",0.71875,0.0,"{""boundary"": 0, ""herding"": 8, ""kcenter"": 0, ""kmeans"": 52, ""marc"": 4, ""random"": 0}"
single_0.33,representative4|herding_first|lcb=0|fb=kmeans|gap=0.01,64,0.6815379695480299,0.6682100192660663,herding,0.7059333595529326,-0.02439539000490265,-0.019943618272802433,"[-3.11,-1.02]",0.71875,0.0,"{""boundary"": 0, ""herding"": 8, ""kcenter"": 0, ""kmeans"": 52, ""marc"": 4, ""random"": 0}"
single_0.33,coverage3|marc_first|lcb=0|fb=herding|gap=0.02,64,0.6815181857959415,0.6677718653588144,herding,0.7059333595529326,-0.024415173756991093,-0.019963402024890862,"[-3.13,-1.01]",0.8125,0.0,"{""boundary"": 0, ""herding"": 60, ""kcenter"": 0, ""kmeans"": 4, ""marc"": 0, ""random"": 0}"
single_0.33,coverage3|kmeans_first|lcb=0|fb=herding|gap=0.02,64,0.6815181857959415,0.6677718653588144,herding,0.7059333595529326,-0.024415173756991093,-0.019963402024890862,"[-3.13,-1.01]",0.8125,0.0,"{""boundary"": 0, ""herding"": 60, ""kcenter"": 0, ""kmeans"": 4, ""marc"": 0, ""random"": 0}"
single_0.33,coverage3|default|lcb=0|fb=herding|gap=0.02,64,0.6815181857959415,0.6677718653588144,herding,0.7059333595529326,-0.024415173756991093,-0.019963402024890862,"[-3.13,-1.01]",0.8125,0.0,"{""boundary"": 0, ""herding"": 60, ""kcenter"": 0, ""kmeans"": 4, ""marc"": 0, ""random"": 0}"
single_0.33,coverage3|herding_first|lcb=0|fb=herding|gap=0.02,64,0.6815181857959415,0.6677718653588144,herding,0.7059333595529326,-0.024415173756991093,-0.019963402024890862,"[-3.13,-1.01]",0.8125,0.0,"{""boundary"": 0, ""herding"": 60, ""kcenter"": 0, ""kmeans"": 4, ""marc"": 0, ""random"": 0}"
single_0.33,representative4|marc_first|lcb=0|fb=herding|gap=0.01,64,0.681516662891458,0.6678344051606911,herding,0.7059333595529326,-0.024416696661474613,-0.01996492492937429,"[-3.13,-1.01]",0.71875,0.0,"{""boundary"": 0, ""herding"": 54, ""kcenter"": 0, ""kmeans"": 6, ""marc"": 4, ""random"": 0}"
single_0.33,centroid3|default|lcb=0|fb=herding|gap=0.01,64,0.681516662891458,0.6678344051606911,herding,0.7059333595529326,-0.024416696661474613,-0.01996492492937429,"[-3.13,-1.01]",0.71875,0.0,"{""boundary"": 0, ""herding"": 54, ""kcenter"": 0, ""kmeans"": 6, ""marc"": 4, ""random"": 0}"
single_0.33,centroid3|default|lcb=0|fb=herding|gap=0.005,64,0.681516662891458,0.6678491903717321,herding,0.7059333595529326,-0.024416696661474613,-0.01996492492937429,"[-3.13,-1.01]",0.703125,0.0,"{""boundary"": 0, ""herding"": 53, ""kcenter"": 0, ""kmeans"": 6, ""marc"": 5, ""random"": 0}"
single_0.33,centroid3|herding_first|lcb=0|fb=herding|gap=0.01,64,0.681516662891458,0.6678344051606911,herding,0.7059333595529326,-0.024416696661474613,-0.01996492492937429,"[-3.13,-1.01]",0.71875,0.0,"{""boundary"": 0, ""herding"": 54, ""kcenter"": 0, ""kmeans"": 6, ""marc"": 4, ""random"": 0}"
single_0.33,representative4|herding_first|lcb=0|fb=herding|gap=0.005,64,0.681516662891458,0.6678491903717321,herding,0.7059333595529326,-0.024416696661474613,-0.01996492492937429,"[-3.13,-1.01]",0.703125,0.0,"{""boundary"": 0, ""herding"": 53, ""kcenter"": 0, ""kmeans"": 6, ""marc"": 5, ""random"": 0}"
single_0.33,representative4|marc_first|lcb=0|fb=herding|gap=0.005,64,0.681516662891458,0.6678491903717321,herding,0.7059333595529326,-0.024416696661474613,-0.01996492492937429,"[-3.13,-1.01]",0.703125,0.0,"{""boundary"": 0, ""herding"": 53, ""kcenter"": 0, ""kmeans"": 6, ""marc"": 5, ""random"": 0}"
single_0.33,representative4|kmeans_first|lcb=0|fb=herding|gap=0.01,64,0.681516662891458,0.6678344051606911,herding,0.7059333595529326,-0.024416696661474613,-0.01996492492937429,"[-3.13,-1.01]",0.71875,0.0,"{""boundary"": 0, ""herding"": 54, ""kcenter"": 0, ""kmeans"": 6, ""marc"": 4, ""random"": 0}"
single_0.33,representative4|kmeans_first|lcb=0|fb=herding|gap=0.005,64,0.681516662891458,0.6678491903717321,herding,0.7059333595529326,-0.024416696661474613,-0.01996492492937429,"[-3.13,-1.01]",0.703125,0.0,"{""boundary"": 0, ""herding"": 53, ""kcenter"": 0, ""kmeans"": 6, ""marc"": 5, ""random"": 0}"
single_0.33,centroid3|herding_first|lcb=0|fb=herding|gap=0.005,64,0.681516662891458,0.6678491903717321,herding,0.7059333595529326,-0.024416696661474613,-0.01996492492937429,"[-3.13,-1.01]",0.703125,0.0,"{""boundary"": 0, ""herding"": 53, ""kcenter"": 0, ""kmeans"": 6, ""marc"": 5, ""random"": 0}"
single_0.33,representative4|default|lcb=0|fb=herding|gap=0.005,64,0.681516662891458,0.6678491903717321,herding,0.7059333595529326,-0.024416696661474613,-0.01996492492937429,"[-3.13,-1.01]",0.703125,0.0,"{""boundary"": 0, ""herding"": 53, ""kcenter"": 0, ""kmeans"": 6, ""marc"": 5, ""random"": 0}"
single_0.33,representative4|herding_first|lcb=0|fb=herding|gap=0.01,64,0.681516662891458,0.6678344051606911,herding,0.7059333595529326,-0.024416696661474613,-0.01996492492937429,"[-3.13,-1.01]",0.71875,0.0,"{""boundary"": 0, ""herding"": 54, ""kcenter"": 0, ""kmeans"": 6, ""marc"": 4, ""random"": 0}"
single_0.33,centroid3|marc_first|lcb=0|fb=herding|gap=0.01,64,0.681516662891458,0.6678344051606911,herding,0.7059333595529326,-0.024416696661474613,-0.01996492492937429,"[-3.13,-1.01]",0.71875,0.0,"{""boundary"": 0, ""herding"": 54, ""kcenter"": 0, ""kmeans"": 6, ""marc"": 4, ""random"": 0}"
single_0.33,centroid3|marc_first|lcb=0|fb=herding|gap=0.005,64,0.681516662891458,0.6678491903717321,herding,0.7059333595529326,-0.024416696661474613,-0.01996492492937429,"[-3.13,-1.01]",0.703125,0.0,"{""boundary"": 0, ""herding"": 53, ""kcenter"": 0, ""kmeans"": 6, ""marc"": 5, ""random"": 0}"
single_0.33,centroid3|kmeans_first|lcb=0|fb=herding|gap=0.005,64,0.681516662891458,0.6678491903717321,herding,0.7059333595529326,-0.024416696661474613,-0.01996492492937429,"[-3.13,-1.01]",0.703125,0.0,"{""boundary"": 0, ""herding"": 53, ""kcenter"": 0, ""kmeans"": 6, ""marc"": 5, ""random"": 0}"
single_0.33,centroid3|kmeans_first|lcb=0|fb=herding|gap=0.01,64,0.681516662891458,0.6678344051606911,herding,0.7059333595529326,-0.024416696661474613,-0.01996492492937429,"[-3.13,-1.01]",0.71875,0.0,"{""boundary"": 0, ""herding"": 54, ""kcenter"": 0, ""kmeans"": 6, ""marc"": 4, ""random"": 0}"
single_0.33,representative4|default|lcb=0|fb=herding|gap=0.01,64,0.681516662891458,0.6678344051606911,herding,0.7059333595529326,-0.024416696661474613,-0.01996492492937429,"[-3.13,-1.01]",0.71875,0.0,"{""boundary"": 0, ""herding"": 54, ""kcenter"": 0, ""kmeans"": 6, ""marc"": 4, ""random"": 0}"
single_0.33,coverage3|default|lcb=0|fb=kmeans|gap=0.005,64,0.6815029427449111,0.6681090779762697,herding,0.7059333595529326,-0.024430416808021493,-0.019978645075921342,"[-3.13,-0.99]",0.703125,0.0,"{""boundary"": 0, ""herding"": 10, ""kcenter"": 0, ""kmeans"": 54, ""marc"": 0, ""random"": 0}"
single_0.33,coverage3|herding_first|lcb=0|fb=kmeans|gap=0.005,64,0.6815029427449111,0.6681090779762697,herding,0.7059333595529326,-0.024430416808021493,-0.019978645075921342,"[-3.13,-0.99]",0.703125,0.0,"{""boundary"": 0, ""herding"": 10, ""kcenter"": 0, ""kmeans"": 54, ""marc"": 0, ""random"": 0}"
single_0.33,coverage3|default|lcb=0|fb=kmeans|gap=0,64,0.6815029427449111,0.6681005294846677,herding,0.7059333595529326,-0.024430416808021493,-0.019978645075921342,"[-3.13,-0.99]",0.53125,0.0,"{""boundary"": 0, ""herding"": 13, ""kcenter"": 7, ""kmeans"": 44, ""marc"": 0, ""random"": 0}"
single_0.33,coverage3|marc_first|lcb=0|fb=kmeans|gap=0.01,64,0.6815029427449111,0.6681090779762697,herding,0.7059333595529326,-0.024430416808021493,-0.019978645075921342,"[-3.13,-0.99]",0.734375,0.0,"{""boundary"": 0, ""herding"": 10, ""kcenter"": 0, ""kmeans"": 54, ""marc"": 0, ""random"": 0}"
single_0.33,coverage3|kmeans_first|lcb=0|fb=kmeans|gap=0.01,64,0.6815029427449111,0.6681090779762697,herding,0.7059333595529326,-0.024430416808021493,-0.019978645075921342,"[-3.13,-0.99]",0.734375,0.0,"{""boundary"": 0, ""herding"": 10, ""kcenter"": 0, ""kmeans"": 54, ""marc"": 0, ""random"": 0}"
single_0.33,coverage3|kmeans_first|lcb=0|fb=kmeans|gap=0.005,64,0.6815029427449111,0.6681090779762697,herding,0.7059333595529326,-0.024430416808021493,-0.019978645075921342,"[-3.13,-0.99]",0.703125,0.0,"{""boundary"": 0, ""herding"": 10, ""kcenter"": 0, ""kmeans"": 54, ""marc"": 0, ""random"": 0}"
single_0.33,coverage3|kmeans_first|lcb=0|fb=kmeans|gap=0,64,0.6815029427449111,0.6681005294846677,herding,0.7059333595529326,-0.024430416808021493,-0.019978645075921342,"[-3.13,-0.99]",0.53125,0.0,"{""boundary"": 0, ""herding"": 13, ""kcenter"": 7, ""kmeans"": 44, ""marc"": 0, ""random"": 0}"
single_0.33,coverage3|default|lcb=0|fb=kmeans|gap=0.01,64,0.6815029427449111,0.6681090779762697,herding,0.7059333595529326,-0.024430416808021493,-0.019978645075921342,"[-3.13,-0.99]",0.734375,0.0,"{""boundary"": 0, ""herding"": 10, ""kcenter"": 0, ""kmeans"": 54, ""marc"": 0, ""random"": 0}"
single_0.33,coverage3|herding_first|lcb=0|fb=kmeans|gap=0.01,64,0.6815029427449111,0.6681090779762697,herding,0.7059333595529326,-0.024430416808021493,-0.019978645075921342,"[-3.13,-0.99]",0.734375,0.0,"{""boundary"": 0, ""herding"": 10, ""kcenter"": 0, ""kmeans"": 54, ""marc"": 0, ""random"": 0}"
single_0.33,coverage3|marc_first|lcb=0|fb=kmeans|gap=0,64,0.6815029427449111,0.6681005294846677,herding,0.7059333595529326,-0.024430416808021493,-0.019978645075921342,"[-3.13,-0.99]",0.53125,0.0,"{""boundary"": 0, ""herding"": 13, ""kcenter"": 7, ""kmeans"": 44, ""marc"": 0, ""random"": 0}"
single_0.33,coverage3|marc_first|lcb=0|fb=kmeans|gap=0.005,64,0.6815029427449111,0.6681090779762697,herding,0.7059333595529326,-0.024430416808021493,-0.019978645075921342,"[-3.13,-0.99]",0.703125,0.0,"{""boundary"": 0, ""herding"": 10, ""kcenter"": 0, ""kmeans"": 54, ""marc"": 0, ""random"": 0}"
single_0.33,coverage3|herding_first|lcb=0|fb=kmeans|gap=0,64,0.6815029427449111,0.6681005294846677,herding,0.7059333595529326,-0.024430416808021493,-0.019978645075921342,"[-3.13,-0.99]",0.53125,0.0,"{""boundary"": 0, ""herding"": 13, ""kcenter"": 7, ""kmeans"": 44, ""marc"": 0, ""random"": 0}"
single_0.33,coverage3|kmeans_first|lcb=0|fb=kmeans|gap=0.02,64,0.6814395453140525,0.6680356832270162,herding,0.7059333595529326,-0.024493814238880085,-0.020042042506779864,"[-3.14,-1.00]",0.8125,0.0,"{""boundary"": 0, ""herding"": 8, ""kcenter"": 0, ""kmeans"": 56, ""marc"": 0, ""random"": 0}"
single_0.33,coverage3|herding_first|lcb=0|fb=kmeans|gap=0.02,64,0.6814395453140525,0.6680356832270162,herding,0.7059333595529326,-0.024493814238880085,-0.020042042506779864,"[-3.14,-1.00]",0.8125,0.0,"{""boundary"": 0, ""herding"": 8, ""kcenter"": 0, ""kmeans"": 56, ""marc"": 0, ""random"": 0}"
single_0.33,coverage3|marc_first|lcb=0|fb=kmeans|gap=0.02,64,0.6814395453140525,0.6680356832270162,herding,0.7059333595529326,-0.024493814238880085,-0.020042042506779864,"[-3.14,-1.00]",0.8125,0.0,"{""boundary"": 0, ""herding"": 8, ""kcenter"": 0, ""kmeans"": 56, ""marc"": 0, ""random"": 0}"
single_0.33,coverage3|default|lcb=0|fb=kmeans|gap=0.02,64,0.6814395453140525,0.6680356832270162,herding,0.7059333595529326,-0.024493814238880085,-0.020042042506779864,"[-3.14,-1.00]",0.8125,0.0,"{""boundary"": 0, ""herding"": 8, ""kcenter"": 0, ""kmeans"": 56, ""marc"": 0, ""random"": 0}"
single_0.25,coverage3|marc_first|lcb=0|fb=herding|gap=0.02,64,0.6814359489538362,0.6678003977808048,herding,0.7059333595529326,-0.02449741059909638,-0.020045638866996122,"[-3.13,-1.02]",0.84375,0.0,"{""boundary"": 0, ""herding"": 59, ""kcenter"": 0, ""kmeans"": 5, ""marc"": 0, ""random"": 0}"
single_0.25,coverage3|herding_first|lcb=0|fb=herding|gap=0.02,64,0.6814359489538362,0.6678003977808048,herding,0.7059333595529326,-0.02449741059909638,-0.020045638866996122,"[-3.13,-1.02]",0.84375,0.0,"{""boundary"": 0, ""herding"": 59, ""kcenter"": 0, ""kmeans"": 5, ""marc"": 0, ""random"": 0}"
single_0.25,coverage3|kmeans_first|lcb=0|fb=herding|gap=0.02,64,0.6814359489538362,0.6678003977808048,herding,0.7059333595529326,-0.02449741059909638,-0.020045638866996122,"[-3.13,-1.02]",0.84375,0.0,"{""boundary"": 0, ""herding"": 59, ""kcenter"": 0, ""kmeans"": 5, ""marc"": 0, ""random"": 0}"
single_0.25,coverage3|default|lcb=0|fb=herding|gap=0.02,64,0.6814359489538362,0.6678003977808048,herding,0.7059333595529326,-0.02449741059909638,-0.020045638866996122,"[-3.13,-1.02]",0.84375,0.0,"{""boundary"": 0, ""herding"": 59, ""kcenter"": 0, ""kmeans"": 5, ""marc"": 0, ""random"": 0}"
single_0.20,all6|default|lcb=0|fb=none|gap=0,64,0.6813897042649858,0.6767079602381345,herding,0.7059333595529326,-0.024543655287946775,-0.020091883555846547,"[-3.04,-1.09]",0.0,0.011636352153593488,"{""boundary"": 11, ""herding"": 32, ""kcenter"": 0, ""kmeans"": 5, ""marc"": 6, ""random"": 10}"
single_0.10,representative4|marc_first|lcb=0|fb=herding|gap=0.01,64,0.6813765556789824,0.6678423622171223,herding,0.7059333595529326,-0.024556803873950206,-0.020105032141849926,"[-3.15,-1.02]",0.71875,0.0,"{""boundary"": 0, ""herding"": 53, ""kcenter"": 1, ""kmeans"": 8, ""marc"": 2, ""random"": 0}"
single_0.10,representative4|marc_first|lcb=0|fb=herding|gap=0.005,64,0.6813765556789824,0.6678423622171223,herding,0.7059333595529326,-0.024556803873950206,-0.020105032141849926,"[-3.15,-1.02]",0.703125,0.0,"{""boundary"": 0, ""herding"": 53, ""kcenter"": 1, ""kmeans"": 8, ""marc"": 2, ""random"": 0}"
single_0.10,representative4|default|lcb=0|fb=herding|gap=0.01,64,0.6813765556789824,0.6678423622171223,herding,0.7059333595529326,-0.024556803873950206,-0.020105032141849926,"[-3.15,-1.02]",0.71875,0.0,"{""boundary"": 0, ""herding"": 53, ""kcenter"": 1, ""kmeans"": 8, ""marc"": 2, ""random"": 0}"
single_0.10,representative4|default|lcb=0|fb=herding|gap=0.005,64,0.6813765556789824,0.6678423622171223,herding,0.7059333595529326,-0.024556803873950206,-0.020105032141849926,"[-3.15,-1.02]",0.703125,0.0,"{""boundary"": 0, ""herding"": 53, ""kcenter"": 1, ""kmeans"": 8, ""marc"": 2, ""random"": 0}"
single_0.10,representative4|herding_first|lcb=0|fb=herding|gap=0.005,64,0.6813765556789824,0.6678423622171223,herding,0.7059333595529326,-0.024556803873950206,-0.020105032141849926,"[-3.15,-1.02]",0.703125,0.0,"{""boundary"": 0, ""herding"": 53, ""kcenter"": 1, ""kmeans"": 8, ""marc"": 2, ""random"": 0}"
single_0.10,representative4|herding_first|lcb=0|fb=herding|gap=0.01,64,0.6813765556789824,0.6678423622171223,herding,0.7059333595529326,-0.024556803873950206,-0.020105032141849926,"[-3.15,-1.02]",0.71875,0.0,"{""boundary"": 0, ""herding"": 53, ""kcenter"": 1, ""kmeans"": 8, ""marc"": 2, ""random"": 0}"
single_0.10,representative4|kmeans_first|lcb=0|fb=herding|gap=0.01,64,0.6813765556789824,0.6678423622171223,herding,0.7059333595529326,-0.024556803873950206,-0.020105032141849926,"[-3.15,-1.02]",0.71875,0.0,"{""boundary"": 0, ""herding"": 53, ""kcenter"": 1, ""kmeans"": 8, ""marc"": 2, ""random"": 0}"
single_0.10,representative4|kmeans_first|lcb=0|fb=herding|gap=0.005,64,0.6813765556789824,0.6678423622171223,herding,0.7059333595529326,-0.024556803873950206,-0.020105032141849926,"[-3.15,-1.02]",0.703125,0.0,"{""boundary"": 0, ""herding"": 53, ""kcenter"": 1, ""kmeans"": 8, ""marc"": 2, ""random"": 0}"
single_0.20,all6|kmeans_first|lcb=0|fb=none|gap=0,64,0.6813592461753172,0.6766017440689924,herding,0.7059333595529326,-0.024574113377615392,-0.02012234164551516,"[-3.07,-1.07]",0.0,0.011636352153593488,"{""boundary"": 11, ""herding"": 8, ""kcenter"": 0, ""kmeans"": 30, ""marc"": 6, ""random"": 9}"
single_0.10,representative4|marc_first|lcb=0|fb=herding|gap=0,64,0.6813544474370299,0.6681357386267177,herding,0.7059333595529326,-0.024578912115902685,-0.02012714038380253,"[-3.14,-1.03]",0.5625,0.0,"{""boundary"": 0, ""herding"": 47, ""kcenter"": 5, ""kmeans"": 8, ""marc"": 4, ""random"": 0}"
single_0.10,representative4|herding_first|lcb=0|fb=herding|gap=0,64,0.6813544474370299,0.6681357386267177,herding,0.7059333595529326,-0.024578912115902685,-0.02012714038380253,"[-3.14,-1.03]",0.5625,0.0,"{""boundary"": 0, ""herding"": 47, ""kcenter"": 5, ""kmeans"": 8, ""marc"": 4, ""random"": 0}"
single_0.10,representative4|default|lcb=0|fb=herding|gap=0,64,0.6813544474370299,0.6681357386267177,herding,0.7059333595529326,-0.024578912115902685,-0.02012714038380253,"[-3.14,-1.03]",0.5625,0.0,"{""boundary"": 0, ""herding"": 47, ""kcenter"": 5, ""kmeans"": 8, ""marc"": 4, ""random"": 0}"
single_0.10,representative4|kmeans_first|lcb=0|fb=herding|gap=0,64,0.6813544474370299,0.6681357386267177,herding,0.7059333595529326,-0.024578912115902685,-0.02012714038380253,"[-3.14,-1.03]",0.5625,0.0,"{""boundary"": 0, ""herding"": 47, ""kcenter"": 5, ""kmeans"": 8, ""marc"": 4, ""random"": 0}"
single_0.33,representative4|kmeans_first|lcb=0|fb=herding|gap=0,64,0.6813292341291266,0.6680899560157452,herding,0.7059333595529326,-0.024604125423805967,-0.02015235369170578,"[-3.15,-1.03]",0.53125,0.0,"{""boundary"": 0, ""herding"": 45, ""kcenter"": 6, ""kmeans"": 7, ""marc"": 6, ""random"": 0}"
single_0.33,representative4|marc_first|lcb=0|fb=herding|gap=0,64,0.6813292341291266,0.6680899560157452,herding,0.7059333595529326,-0.024604125423805967,-0.02015235369170578,"[-3.15,-1.03]",0.53125,0.0,"{""boundary"": 0, ""herding"": 45, ""kcenter"": 6, ""kmeans"": 7, ""marc"": 6, ""random"": 0}"
single_0.33,representative4|default|lcb=0|fb=herding|gap=0,64,0.6813292341291266,0.6680899560157452,herding,0.7059333595529326,-0.024604125423805967,-0.02015235369170578,"[-3.15,-1.03]",0.53125,0.0,"{""boundary"": 0, ""herding"": 45, ""kcenter"": 6, ""kmeans"": 7, ""marc"": 6, ""random"": 0}"
single_0.33,representative4|herding_first|lcb=0|fb=herding|gap=0,64,0.6813292341291266,0.6680899560157452,herding,0.7059333595529326,-0.024604125423805967,-0.02015235369170578,"[-3.15,-1.03]",0.53125,0.0,"{""boundary"": 0, ""herding"": 45, ""kcenter"": 6, ""kmeans"": 7, ""marc"": 6, ""random"": 0}"
single_0.33,centroid3|kmeans_first|lcb=0|fb=herding|gap=0,64,0.6812905447057096,0.6679911723428872,herding,0.7059333595529326,-0.02464281484722297,-0.020191043115122827,"[-3.15,-1.03]",0.546875,0.0,"{""boundary"": 0, ""herding"": 47, ""kcenter"": 0, ""kmeans"": 9, ""marc"": 8, ""random"": 0}"
single_0.33,centroid3|default|lcb=0|fb=herding|gap=0,64,0.6812905447057096,0.6679911723428872,herding,0.7059333595529326,-0.02464281484722297,-0.020191043115122827,"[-3.15,-1.03]",0.546875,0.0,"{""boundary"": 0, ""herding"": 47, ""kcenter"": 0, ""kmeans"": 9, ""marc"": 8, ""random"": 0}"
single_0.33,centroid3|herding_first|lcb=0|fb=herding|gap=0,64,0.6812905447057096,0.6679911723428872,herding,0.7059333595529326,-0.02464281484722297,-0.020191043115122827,"[-3.15,-1.03]",0.546875,0.0,"{""boundary"": 0, ""herding"": 47, ""kcenter"": 0, ""kmeans"": 9, ""marc"": 8, ""random"": 0}"
single_0.33,centroid3|marc_first|lcb=0|fb=herding|gap=0,64,0.6812905447057096,0.6679911723428872,herding,0.7059333595529326,-0.02464281484722297,-0.020191043115122827,"[-3.15,-1.03]",0.546875,0.0,"{""boundary"": 0, ""herding"": 47, ""kcenter"": 0, ""kmeans"": 9, ""marc"": 8, ""random"": 0}"
single_0.20,coverage3|kmeans_first|lcb=0|fb=herding|gap=0.02,64,0.6812288339440895,0.667470109524126,herding,0.7059333595529326,-0.024704525608843064,-0.02025275387674272,"[-3.16,-1.04]",0.8125,0.0,"{""boundary"": 0, ""herding"": 58, ""kcenter"": 0, ""kmeans"": 6, ""marc"": 0, ""random"": 0}"
single_0.20,coverage3|default|lcb=0|fb=herding|gap=0.02,64,0.6812288339440895,0.667470109524126,herding,0.7059333595529326,-0.024704525608843064,-0.02025275387674272,"[-3.16,-1.04]",0.8125,0.0,"{""boundary"": 0, ""herding"": 58, ""kcenter"": 0, ""kmeans"": 6, ""marc"": 0, ""random"": 0}"
single_0.20,coverage3|marc_first|lcb=0|fb=herding|gap=0.02,64,0.6812288339440895,0.667470109524126,herding,0.7059333595529326,-0.024704525608843064,-0.02025275387674272,"[-3.16,-1.04]",0.8125,0.0,"{""boundary"": 0, ""herding"": 58, ""kcenter"": 0, ""kmeans"": 6, ""marc"": 0, ""random"": 0}"
single_0.20,coverage3|herding_first|lcb=0|fb=herding|gap=0.02,64,0.6812288339440895,0.667470109524126,herding,0.7059333595529326,-0.024704525608843064,-0.02025275387674272,"[-3.16,-1.04]",0.8125,0.0,"{""boundary"": 0, ""herding"": 58, ""kcenter"": 0, ""kmeans"": 6, ""marc"": 0, ""random"": 0}"
single_0.33,centroid3|marc_first|lcb=0|fb=kmeans|gap=0,64,0.6811807630627387,0.6678146458045179,herding,0.7059333595529326,-0.0247525964901939,-0.020300824758093597,"[-3.15,-1.05]",0.546875,0.0,"{""boundary"": 0, ""herding"": 12, ""kcenter"": 0, ""kmeans"": 44, ""marc"": 8, ""random"": 0}"
single_0.33,centroid3|default|lcb=0|fb=kmeans|gap=0,64,0.6811807630627387,0.6678146458045179,herding,0.7059333595529326,-0.0247525964901939,-0.020300824758093597,"[-3.15,-1.05]",0.546875,0.0,"{""boundary"": 0, ""herding"": 12, ""kcenter"": 0, ""kmeans"": 44, ""marc"": 8, ""random"": 0}"
single_0.33,centroid3|herding_first|lcb=0|fb=kmeans|gap=0,64,0.6811807630627387,0.6678146458045179,herding,0.7059333595529326,-0.0247525964901939,-0.020300824758093597,"[-3.15,-1.05]",0.546875,0.0,"{""boundary"": 0, ""herding"": 12, ""kcenter"": 0, ""kmeans"": 44, ""marc"": 8, ""random"": 0}"
single_0.33,centroid3|kmeans_first|lcb=0|fb=kmeans|gap=0,64,0.6811807630627387,0.6678146458045179,herding,0.7059333595529326,-0.0247525964901939,-0.020300824758093597,"[-3.15,-1.05]",0.546875,0.0,"{""boundary"": 0, ""herding"": 12, ""kcenter"": 0, ""kmeans"": 44, ""marc"": 8, ""random"": 0}"
single_0.33,representative4|default|lcb=0|fb=kmeans|gap=0.005,64,0.6811724724720065,0.6678347207918289,herding,0.7059333595529326,-0.024760887080926053,-0.020309115348825825,"[-3.15,-1.05]",0.703125,0.0,"{""boundary"": 0, ""herding"": 8, ""kcenter"": 0, ""kmeans"": 51, ""marc"": 5, ""random"": 0}"
single_0.33,representative4|herding_first|lcb=0|fb=kmeans|gap=0.005,64,0.6811724724720065,0.6678347207918289,herding,0.7059333595529326,-0.024760887080926053,-0.020309115348825825,"[-3.15,-1.05]",0.703125,0.0,"{""boundary"": 0, ""herding"": 8, ""kcenter"": 0, ""kmeans"": 51, ""marc"": 5, ""random"": 0}"
single_0.33,representative4|kmeans_first|lcb=0|fb=kmeans|gap=0.005,64,0.6811724724720065,0.6678347207918289,herding,0.7059333595529326,-0.024760887080926053,-0.020309115348825825,"[-3.15,-1.05]",0.703125,0.0,"{""boundary"": 0, ""herding"": 8, ""kcenter"": 0, ""kmeans"": 51, ""marc"": 5, ""random"": 0}"
single_0.33,centroid3|default|lcb=0|fb=kmeans|gap=0.005,64,0.6811724724720065,0.6678347207918289,herding,0.7059333595529326,-0.024760887080926053,-0.020309115348825825,"[-3.15,-1.05]",0.703125,0.0,"{""boundary"": 0, ""herding"": 8, ""kcenter"": 0, ""kmeans"": 51, ""marc"": 5, ""random"": 0}"
single_0.33,representative4|marc_first|lcb=0|fb=kmeans|gap=0.005,64,0.6811724724720065,0.6678347207918289,herding,0.7059333595529326,-0.024760887080926053,-0.020309115348825825,"[-3.15,-1.05]",0.703125,0.0,"{""boundary"": 0, ""herding"": 8, ""kcenter"": 0, ""kmeans"": 51, ""marc"": 5, ""random"": 0}"
single_0.33,centroid3|herding_first|lcb=0|fb=kmeans|gap=0.005,64,0.6811724724720065,0.6678347207918289,herding,0.7059333595529326,-0.024760887080926053,-0.020309115348825825,"[-3.15,-1.05]",0.703125,0.0,"{""boundary"": 0, ""herding"": 8, ""kcenter"": 0, ""kmeans"": 51, ""marc"": 5, ""random"": 0}"
single_0.33,centroid3|marc_first|lcb=0|fb=kmeans|gap=0.005,64,0.6811724724720065,0.6678347207918289,herding,0.7059333595529326,-0.024760887080926053,-0.020309115348825825,"[-3.15,-1.05]",0.703125,0.0,"{""boundary"": 0, ""herding"": 8, ""kcenter"": 0, ""kmeans"": 51, ""marc"": 5, ""random"": 0}"
single_0.33,centroid3|kmeans_first|lcb=0|fb=kmeans|gap=0.005,64,0.6811724724720065,0.6678347207918289,herding,0.7059333595529326,-0.024760887080926053,-0.020309115348825825,"[-3.15,-1.05]",0.703125,0.0,"{""boundary"": 0, ""herding"": 8, ""kcenter"": 0, ""kmeans"": 51, ""marc"": 5, ""random"": 0}"
single_0.33,representative4|kmeans_first|lcb=0|fb=kmeans|gap=0,64,0.6811697089417624,0.6678207308627351,herding,0.7059333595529326,-0.02476365061117014,-0.0203118788790699,"[-3.15,-1.05]",0.53125,0.0,"{""boundary"": 0, ""herding"": 11, ""kcenter"": 6, ""kmeans"": 41, ""marc"": 6, ""random"": 0}"
single_0.33,representative4|herding_first|lcb=0|fb=kmeans|gap=0,64,0.6811697089417624,0.6678207308627351,herding,0.7059333595529326,-0.02476365061117014,-0.0203118788790699,"[-3.15,-1.05]",0.53125,0.0,"{""boundary"": 0, ""herding"": 11, ""kcenter"": 6, ""kmeans"": 41, ""marc"": 6, ""random"": 0}"
single_0.33,representative4|default|lcb=0|fb=kmeans|gap=0,64,0.6811697089417624,0.6678207308627351,herding,0.7059333595529326,-0.02476365061117014,-0.0203118788790699,"[-3.15,-1.05]",0.53125,0.0,"{""boundary"": 0, ""herding"": 11, ""kcenter"": 6, ""kmeans"": 41, ""marc"": 6, ""random"": 0}"
single_0.33,representative4|marc_first|lcb=0|fb=kmeans|gap=0,64,0.6811697089417624,0.6678207308627351,herding,0.7059333595529326,-0.02476365061117014,-0.0203118788790699,"[-3.15,-1.05]",0.53125,0.0,"{""boundary"": 0, ""herding"": 11, ""kcenter"": 6, ""kmeans"": 41, ""marc"": 6, ""random"": 0}"
single_0.10,centroid3|herding_first|lcb=0|fb=herding|gap=0.05,64,0.6811374596750838,0.6673337066482287,herding,0.7059333595529326,-0.024795899877848804,-0.020344128145748562,"[-3.17,-1.05]",0.875,0.0,"{""boundary"": 0, ""herding"": 60, ""kcenter"": 0, ""kmeans"": 3, ""marc"": 1, ""random"": 0}"
single_0.10,centroid3|marc_first|lcb=0|fb=herding|gap=0.05,64,0.6811374596750838,0.6673337066482287,herding,0.7059333595529326,-0.024795899877848804,-0.020344128145748562,"[-3.17,-1.05]",0.875,0.0,"{""boundary"": 0, ""herding"": 60, ""kcenter"": 0, ""kmeans"": 3, ""marc"": 1, ""random"": 0}"
single_0.10,centroid3|default|lcb=0|fb=herding|gap=0.05,64,0.6811374596750838,0.6673337066482287,herding,0.7059333595529326,-0.024795899877848804,-0.020344128145748562,"[-3.17,-1.05]",0.875,0.0,"{""boundary"": 0, ""herding"": 60, ""kcenter"": 0, ""kmeans"": 3, ""marc"": 1, ""random"": 0}"
single_0.10,centroid3|kmeans_first|lcb=0|fb=herding|gap=0.05,64,0.6811374596750838,0.6673337066482287,herding,0.7059333595529326,-0.024795899877848804,-0.020344128145748562,"[-3.17,-1.05]",0.875,0.0,"{""boundary"": 0, ""herding"": 60, ""kcenter"": 0, ""kmeans"": 3, ""marc"": 1, ""random"": 0}"
single_0.10,centroid3|default|lcb=0|fb=none|gap=0,64,0.6811357137488614,0.6678294709993129,herding,0.7059333595529326,-0.024797645804071178,-0.02034587407197099,"[-3.19,-1.03]",0.0,0.0,"{""boundary"": 0, ""herding"": 42, ""kcenter"": 0, ""kmeans"": 16, ""marc"": 6, ""random"": 0}"
single_0.10,centroid3|herding_first|lcb=0|fb=none|gap=0,64,0.6811357137488614,0.6678294709993129,herding,0.7059333595529326,-0.024797645804071178,-0.02034587407197099,"[-3.19,-1.03]",0.0,0.0,"{""boundary"": 0, ""herding"": 42, ""kcenter"": 0, ""kmeans"": 16, ""marc"": 6, ""random"": 0}"
single_0.20,coverage3|kmeans_first|lcb=0|fb=herding|gap=0.05,64,0.6810460854060778,0.6672436216263173,herding,0.7059333595529326,-0.024887274146854765,-0.020435502414754406,"[-3.17,-1.06]",0.96875,0.0,"{""boundary"": 0, ""herding"": 63, ""kcenter"": 0, ""kmeans"": 1, ""marc"": 0, ""random"": 0}"
single_0.20,coverage3|marc_first|lcb=0|fb=herding|gap=0.05,64,0.6810460854060778,0.6672436216263173,herding,0.7059333595529326,-0.024887274146854765,-0.020435502414754406,"[-3.17,-1.06]",0.96875,0.0,"{""boundary"": 0, ""herding"": 63, ""kcenter"": 0, ""kmeans"": 1, ""marc"": 0, ""random"": 0}"
single_0.20,coverage3|default|lcb=0|fb=herding|gap=0.05,64,0.6810460854060778,0.6672436216263173,herding,0.7059333595529326,-0.024887274146854765,-0.020435502414754406,"[-3.17,-1.06]",0.96875,0.0,"{""boundary"": 0, ""herding"": 63, ""kcenter"": 0, ""kmeans"": 1, ""marc"": 0, ""random"": 0}"
single_0.20,coverage3|herding_first|lcb=0|fb=herding|gap=0.05,64,0.6810460854060778,0.6672436216263173,herding,0.7059333595529326,-0.024887274146854765,-0.020435502414754406,"[-3.17,-1.06]",0.96875,0.0,"{""boundary"": 0, ""herding"": 63, ""kcenter"": 0, ""kmeans"": 1, ""marc"": 0, ""random"": 0}"
single_0.20,all6|marc_first|lcb=0|fb=kmeans|gap=0.05,64,0.6810124263618849,0.6688582894447764,herding,0.7059333595529326,-0.02492093319104771,-0.020469161458947456,"[-3.17,-1.06]",0.875,0.011636352153593488,"{""boundary"": 0, ""herding"": 0, ""kcenter"": 0, ""kmeans"": 56, ""marc"": 1, ""random"": 7}"
single_0.20,no_boundary|kmeans_first|lcb=0|fb=kmeans|gap=0.05,64,0.6810124263618849,0.6688582894447764,herding,0.7059333595529326,-0.02492093319104771,-0.020469161458947456,"[-3.17,-1.06]",0.875,0.0013262599469496018,"{""boundary"": 0, ""herding"": 0, ""kcenter"": 0, ""kmeans"": 56, ""marc"": 1, ""random"": 7}"
single_0.20,no_boundary|marc_first|lcb=0|fb=kmeans|gap=0.05,64,0.6810124263618849,0.6688582894447764,herding,0.7059333595529326,-0.02492093319104771,-0.020469161458947456,"[-3.17,-1.06]",0.875,0.0013262599469496018,"{""boundary"": 0, ""herding"": 0, ""kcenter"": 0, ""kmeans"": 56, ""marc"": 1, ""random"": 7}"
single_0.20,no_boundary|herding_first|lcb=0|fb=kmeans|gap=0.05,64,0.6810124263618849,0.6688582894447764,herding,0.7059333595529326,-0.02492093319104771,-0.020469161458947456,"[-3.17,-1.06]",0.875,0.0013262599469496018,"{""boundary"": 0, ""herding"": 0, ""kcenter"": 0, ""kmeans"": 56, ""marc"": 1, ""random"": 7}"
single_0.20,all6|herding_first|lcb=0|fb=kmeans|gap=0.05,64,0.6810124263618849,0.6688582894447764,herding,0.7059333595529326,-0.02492093319104771,-0.020469161458947456,"[-3.17,-1.06]",0.875,0.011636352153593488,"{""boundary"": 0, ""herding"": 0, ""kcenter"": 0, ""kmeans"": 56, ""marc"": 1, ""random"": 7}"
single_0.20,all6|default|lcb=0|fb=kmeans|gap=0.05,64,0.6810124263618849,0.6688582894447764,herding,0.7059333595529326,-0.02492093319104771,-0.020469161458947456,"[-3.17,-1.06]",0.875,0.011636352153593488,"{""boundary"": 0, ""herding"": 0, ""kcenter"": 0, ""kmeans"": 56, ""marc"": 1, ""random"": 7}"
single_0.20,all6|kmeans_first|lcb=0|fb=kmeans|gap=0.05,64,0.6810124263618849,0.6688582894447764,herding,0.7059333595529326,-0.02492093319104771,-0.020469161458947456,"[-3.17,-1.06]",0.875,0.011636352153593488,"{""boundary"": 0, ""herding"": 0, ""kcenter"": 0, ""kmeans"": 56, ""marc"": 1, ""random"": 7}"
single_0.20,no_boundary|default|lcb=0|fb=kmeans|gap=0.05,64,0.6810124263618849,0.6688582894447764,herding,0.7059333595529326,-0.02492093319104771,-0.020469161458947456,"[-3.17,-1.06]",0.875,0.0013262599469496018,"{""boundary"": 0, ""herding"": 0, ""kcenter"": 0, ""kmeans"": 56, ""marc"": 1, ""random"": 7}"
single_0.20,coverage3|herding_first|lcb=0|fb=none|gap=0,64,0.6809015802480053,0.6675490505827419,herding,0.7059333595529326,-0.025031779304927282,-0.02058000757282705,"[-3.18,-1.07]",0.0,0.0,"{""boundary"": 0, ""herding"": 46, ""kcenter"": 7, ""kmeans"": 11, ""marc"": 0, ""random"": 0}"
single_0.20,coverage3|default|lcb=0|fb=none|gap=0,64,0.6809015802480053,0.6675490505827419,herding,0.7059333595529326,-0.025031779304927282,-0.02058000757282705,"[-3.18,-1.07]",0.0,0.0,"{""boundary"": 0, ""herding"": 46, ""kcenter"": 9, ""kmeans"": 9, ""marc"": 0, ""random"": 0}"
single_0.10,representative4|marc_first|lcb=0|fb=none|gap=0,64,0.6808684701389621,0.667662348874243,herding,0.7059333595529326,-0.025064889413970448,-0.02061311768187024,"[-3.20,-1.06]",0.0,0.0,"{""boundary"": 0, ""herding"": 11, ""kcenter"": 7, ""kmeans"": 9, ""marc"": 37, ""random"": 0}"
single_0.20,coverage3|kmeans_first|lcb=0|fb=kmeans|gap=0.02,64,0.6808090628579122,0.6673861512896695,herding,0.7059333595529326,-0.025124296695020365,-0.020672524962920213,"[-3.19,-1.06]",0.8125,0.0,"{""boundary"": 0, ""herding"": 6, ""kcenter"": 0, ""kmeans"": 58, ""marc"": 0, ""random"": 0}"
single_0.20,coverage3|marc_first|lcb=0|fb=kmeans|gap=0.02,64,0.6808090628579122,0.6673861512896695,herding,0.7059333595529326,-0.025124296695020365,-0.020672524962920213,"[-3.19,-1.06]",0.8125,0.0,"{""boundary"": 0, ""herding"": 6, ""kcenter"": 0, ""kmeans"": 58, ""marc"": 0, ""random"": 0}"
single_0.20,coverage3|default|lcb=0|fb=kmeans|gap=0.02,64,0.6808090628579122,0.6673861512896695,herding,0.7059333595529326,-0.025124296695020365,-0.020672524962920213,"[-3.19,-1.06]",0.8125,0.0,"{""boundary"": 0, ""herding"": 6, ""kcenter"": 0, ""kmeans"": 58, ""marc"": 0, ""random"": 0}"
single_0.20,coverage3|herding_first|lcb=0|fb=kmeans|gap=0.02,64,0.6808090628579122,0.6673861512896695,herding,0.7059333595529326,-0.025124296695020365,-0.020672524962920213,"[-3.19,-1.06]",0.8125,0.0,"{""boundary"": 0, ""herding"": 6, ""kcenter"": 0, ""kmeans"": 58, ""marc"": 0, ""random"": 0}"
single_0.33,coverage3|herding_first|lcb=0|fb=herding|gap=0.05,64,0.6807963290707953,0.6670077308265415,herding,0.7059333595529326,-0.025137030482137224,-0.02068525875003706,"[-3.20,-1.09]",0.953125,0.0,"{""boundary"": 0, ""herding"": 63, ""kcenter"": 0, ""kmeans"": 1, ""marc"": 0, ""random"": 0}"
single_0.33,coverage3|marc_first|lcb=0|fb=herding|gap=0.05,64,0.6807963290707953,0.6670077308265415,herding,0.7059333595529326,-0.025137030482137224,-0.02068525875003706,"[-3.20,-1.09]",0.953125,0.0,"{""boundary"": 0, ""herding"": 63, ""kcenter"": 0, ""kmeans"": 1, ""marc"": 0, ""random"": 0}"
single_0.33,coverage3|default|lcb=0|fb=herding|gap=0.05,64,0.6807963290707953,0.6670077308265415,herding,0.7059333595529326,-0.025137030482137224,-0.02068525875003706,"[-3.20,-1.09]",0.953125,0.0,"{""boundary"": 0, ""herding"": 63, ""kcenter"": 0, ""kmeans"": 1, ""marc"": 0, ""random"": 0}"
single_0.33,coverage3|kmeans_first|lcb=0|fb=herding|gap=0.05,64,0.6807963290707953,0.6670077308265415,herding,0.7059333595529326,-0.025137030482137224,-0.02068525875003706,"[-3.20,-1.09]",0.953125,0.0,"{""boundary"": 0, ""herding"": 63, ""kcenter"": 0, ""kmeans"": 1, ""marc"": 0, ""random"": 0}"
single_0.33,centroid3|kmeans_first|lcb=0|fb=herding|gap=0.02,64,0.6807567335542262,0.6669373743339881,herding,0.7059333595529326,-0.025176625998706403,-0.020724854266606262,"[-3.20,-1.08]",0.828125,0.0,"{""boundary"": 0, ""herding"": 59, ""kcenter"": 0, ""kmeans"": 3, ""marc"": 2, ""random"": 0}"
single_0.33,centroid3|marc_first|lcb=0|fb=herding|gap=0.02,64,0.6807567335542262,0.6669373743339881,herding,0.7059333595529326,-0.025176625998706403,-0.020724854266606262,"[-3.20,-1.08]",0.828125,0.0,"{""boundary"": 0, ""herding"": 59, ""kcenter"": 0, ""kmeans"": 3, ""marc"": 2, ""random"": 0}"
single_0.33,centroid3|herding_first|lcb=0|fb=herding|gap=0.02,64,0.6807567335542262,0.6669373743339881,herding,0.7059333595529326,-0.025176625998706403,-0.020724854266606262,"[-3.20,-1.08]",0.828125,0.0,"{""boundary"": 0, ""herding"": 59, ""kcenter"": 0, ""kmeans"": 3, ""marc"": 2, ""random"": 0}"
single_0.33,representative4|kmeans_first|lcb=0|fb=herding|gap=0.02,64,0.6807567335542262,0.6669373743339881,herding,0.7059333595529326,-0.025176625998706403,-0.020724854266606262,"[-3.20,-1.08]",0.828125,0.0,"{""boundary"": 0, ""herding"": 59, ""kcenter"": 0, ""kmeans"": 3, ""marc"": 2, ""random"": 0}"
single_0.33,representative4|herding_first|lcb=0|fb=herding|gap=0.02,64,0.6807567335542262,0.6669373743339881,herding,0.7059333595529326,-0.025176625998706403,-0.020724854266606262,"[-3.20,-1.08]",0.828125,0.0,"{""boundary"": 0, ""herding"": 59, ""kcenter"": 0, ""kmeans"": 3, ""marc"": 2, ""random"": 0}"
single_0.33,representative4|marc_first|lcb=0|fb=herding|gap=0.02,64,0.6807567335542262,0.6669373743339881,herding,0.7059333595529326,-0.025176625998706403,-0.020724854266606262,"[-3.20,-1.08]",0.828125,0.0,"{""boundary"": 0, ""herding"": 59, ""kcenter"": 0, ""kmeans"": 3, ""marc"": 2, ""random"": 0}"
single_0.33,representative4|default|lcb=0|fb=herding|gap=0.02,64,0.6807567335542262,0.6669373743339881,herding,0.7059333595529326,-0.025176625998706403,-0.020724854266606262,"[-3.20,-1.08]",0.828125,0.0,"{""boundary"": 0, ""herding"": 59, ""kcenter"": 0, ""kmeans"": 3, ""marc"": 2, ""random"": 0}"
single_0.33,centroid3|default|lcb=0|fb=herding|gap=0.02,64,0.6807567335542262,0.6669373743339881,herding,0.7059333595529326,-0.025176625998706403,-0.020724854266606262,"[-3.20,-1.08]",0.828125,0.0,"{""boundary"": 0, ""herding"": 59, ""kcenter"": 0, ""kmeans"": 3, ""marc"": 2, ""random"": 0}"
single_0.33,representative4|kmeans_first|lcb=0|fb=herding|gap=0.05,64,0.6806805883300545,0.6668396028209406,herding,0.7059333595529326,-0.025252771222878057,-0.0208009994907778,"[-3.21,-1.10]",1.0,0.0,"{""boundary"": 0, ""herding"": 64, ""kcenter"": 0, ""kmeans"": 0, ""marc"": 0, ""random"": 0}"
single_0.33,centroid3|default|lcb=0|fb=herding|gap=0.05,64,0.6806805883300545,0.6668396028209406,herding,0.7059333595529326,-0.025252771222878057,-0.0208009994907778,"[-3.21,-1.10]",1.0,0.0,"{""boundary"": 0, ""herding"": 64, ""kcenter"": 0, ""kmeans"": 0, ""marc"": 0, ""random"": 0}"
single_0.20,centroid3|kmeans_first|lcb=0|fb=herding|gap=0.05,64,0.6806805883300545,0.6668396028209406,herding,0.7059333595529326,-0.025252771222878057,-0.0208009994907778,"[-3.21,-1.10]",0.984375,0.0,"{""boundary"": 0, ""herding"": 63, ""kcenter"": 0, ""kmeans"": 0, ""marc"": 1, ""random"": 0}"
single_0.33,representative4|marc_first|lcb=0|fb=herding|gap=0.05,64,0.6806805883300545,0.6668396028209406,herding,0.7059333595529326,-0.025252771222878057,-0.0208009994907778,"[-3.21,-1.10]",1.0,0.0,"{""boundary"": 0, ""herding"": 64, ""kcenter"": 0, ""kmeans"": 0, ""marc"": 0, ""random"": 0}"
single_0.25,coverage3|default|lcb=0|fb=herding|gap=0.05,64,0.6806805883300545,0.6668396028209406,herding,0.7059333595529326,-0.025252771222878057,-0.0208009994907778,"[-3.21,-1.10]",0.984375,0.0,"{""boundary"": 0, ""herding"": 64, ""kcenter"": 0, ""kmeans"": 0, ""marc"": 0, ""random"": 0}"
single_0.25,coverage3|marc_first|lcb=0|fb=herding|gap=0.05,64,0.6806805883300545,0.6668396028209406,herding,0.7059333595529326,-0.025252771222878057,-0.0208009994907778,"[-3.21,-1.10]",0.984375,0.0,"{""boundary"": 0, ""herding"": 64, ""kcenter"": 0, ""kmeans"": 0, ""marc"": 0, ""random"": 0}"
single_0.33,no_random|kmeans_first|lcb=0|fb=herding|gap=0.05,64,0.6806805883300545,0.6668396028209406,herding,0.7059333595529326,-0.025252771222878057,-0.0208009994907778,"[-3.21,-1.10]",1.0,0.0059697804874654405,"{""boundary"": 0, ""herding"": 64, ""kcenter"": 0, ""kmeans"": 0, ""marc"": 0, ""random"": 0}"
single_0.20,representative4|herding_first|lcb=0|fb=herding|gap=0.05,64,0.6806805883300545,0.6668396028209406,herding,0.7059333595529326,-0.025252771222878057,-0.0208009994907778,"[-3.21,-1.10]",0.984375,0.0,"{""boundary"": 0, ""herding"": 63, ""kcenter"": 0, ""kmeans"": 0, ""marc"": 1, ""random"": 0}"
single_0.20,no_random|marc_first|lcb=0|fb=herding|gap=0.05,64,0.6806805883300545,0.6668396028209406,herding,0.7059333595529326,-0.025252771222878057,-0.0208009994907778,"[-3.21,-1.10]",0.984375,0.001984126984126977,"{""boundary"": 0, ""herding"": 63, ""kcenter"": 0, ""kmeans"": 0, ""marc"": 1, ""random"": 0}"
single_0.20,no_random|default|lcb=0|fb=herding|gap=0.05,64,0.6806805883300545,0.6668396028209406,herding,0.7059333595529326,-0.025252771222878057,-0.0208009994907778,"[-3.21,-1.10]",0.984375,0.001984126984126977,"{""boundary"": 0, ""herding"": 63, ""kcenter"": 0, ""kmeans"": 0, ""marc"": 1, ""random"": 0}"
single_0.20,centroid3|default|lcb=0|fb=herding|gap=0.05,64,0.6806805883300545,0.6668396028209406,herding,0.7059333595529326,-0.025252771222878057,-0.0208009994907778,"[-3.21,-1.10]",0.984375,0.0,"{""boundary"": 0, ""herding"": 63, ""kcenter"": 0, ""kmeans"": 0, ""marc"": 1, ""random"": 0}"
single_0.25,coverage3|herding_first|lcb=0|fb=herding|gap=0.05,64,0.6806805883300545,0.6668396028209406,herding,0.7059333595529326,-0.025252771222878057,-0.0208009994907778,"[-3.21,-1.10]",0.984375,0.0,"{""boundary"": 0, ""herding"": 64, ""kcenter"": 0, ""kmeans"": 0, ""marc"": 0, ""random"": 0}"
single_0.20,representative4|kmeans_first|lcb=0|fb=herding|gap=0.05,64,0.6806805883300545,0.6668396028209406,herding,0.7059333595529326,-0.025252771222878057,-0.0208009994907778,"[-3.21,-1.10]",0.984375,0.0,"{""boundary"": 0, ""herding"": 63, ""kcenter"": 0, ""kmeans"": 0, ""marc"": 1, ""random"": 0}"
single_0.20,representative4|marc_first|lcb=0|fb=herding|gap=0.05,64,0.6806805883300545,0.6668396028209406,herding,0.7059333595529326,-0.025252771222878057,-0.0208009994907778,"[-3.21,-1.10]",0.984375,0.0,"{""boundary"": 0, ""herding"": 63, ""kcenter"": 0, ""kmeans"": 0, ""marc"": 1, ""random"": 0}"
single_0.20,centroid3|marc_first|lcb=0|fb=herding|gap=0.05,64,0.6806805883300545,0.6668396028209406,herding,0.7059333595529326,-0.025252771222878057,-0.0208009994907778,"[-3.21,-1.10]",0.984375,0.0,"{""boundary"": 0, ""herding"": 63, ""kcenter"": 0, ""kmeans"": 0, ""marc"": 1, ""random"": 0}"
single_0.20,representative4|default|lcb=0|fb=herding|gap=0.05,64,0.6806805883300545,0.6668396028209406,herding,0.7059333595529326,-0.025252771222878057,-0.0208009994907778,"[-3.21,-1.10]",0.984375,0.0,"{""boundary"": 0, ""herding"": 63, ""kcenter"": 0, ""kmeans"": 0, ""marc"": 1, ""random"": 0}"
single_0.20,centroid3|herding_first|lcb=0|fb=herding|gap=0.05,64,0.6806805883300545,0.6668396028209406,herding,0.7059333595529326,-0.025252771222878057,-0.0208009994907778,"[-3.21,-1.10]",0.984375,0.0,"{""boundary"": 0, ""herding"": 63, ""kcenter"": 0, ""kmeans"": 0, ""marc"": 1, ""random"": 0}"
single_0.33,centroid3|kmeans_first|lcb=0|fb=herding|gap=0.05,64,0.6806805883300545,0.6668396028209406,herding,0.7059333595529326,-0.025252771222878057,-0.0208009994907778,"[-3.21,-1.10]",1.0,0.0,"{""boundary"": 0, ""herding"": 64, ""kcenter"": 0, ""kmeans"": 0, ""marc"": 0, ""random"": 0}"
single_0.20,no_random|kmeans_first|lcb=0|fb=herding|gap=0.05,64,0.6806805883300545,0.6668396028209406,herding,0.7059333595529326,-0.025252771222878057,-0.0208009994907778,"[-3.21,-1.10]",0.984375,0.001984126984126977,"{""boundary"": 0, ""herding"": 63, ""kcenter"": 0, ""kmeans"": 0, ""marc"": 1, ""random"": 0}"
single_0.33,centroid3|herding_first|lcb=0|fb=herding|gap=0.05,64,0.6806805883300545,0.6668396028209406,herding,0.7059333595529326,-0.025252771222878057,-0.0208009994907778,"[-3.21,-1.10]",1.0,0.0,"{""boundary"": 0, ""herding"": 64, ""kcenter"": 0, ""kmeans"": 0, ""marc"": 0, ""random"": 0}"
single_0.33,no_random|marc_first|lcb=0|fb=herding|gap=0.05,64,0.6806805883300545,0.6668396028209406,herding,0.7059333595529326,-0.025252771222878057,-0.0208009994907778,"[-3.21,-1.10]",1.0,0.0059697804874654405,"{""boundary"": 0, ""herding"": 64, ""kcenter"": 0, ""kmeans"": 0, ""marc"": 0, ""random"": 0}"
single_0.33,centroid3|marc_first|lcb=0|fb=herding|gap=0.05,64,0.6806805883300545,0.6668396028209406,herding,0.7059333595529326,-0.025252771222878057,-0.0208009994907778,"[-3.21,-1.10]",1.0,0.0,"{""boundary"": 0, ""herding"": 64, ""kcenter"": 0, ""kmeans"": 0, ""marc"": 0, ""random"": 0}"
single_0.33,no_random|herding_first|lcb=0|fb=herding|gap=0.05,64,0.6806805883300545,0.6668396028209406,herding,0.7059333595529326,-0.025252771222878057,-0.0208009994907778,"[-3.21,-1.10]",1.0,0.0059697804874654405,"{""boundary"": 0, ""herding"": 64, ""kcenter"": 0, ""kmeans"": 0, ""marc"": 0, ""random"": 0}"
single_0.33,representative4|default|lcb=0|fb=herding|gap=0.05,64,0.6806805883300545,0.6668396028209406,herding,0.7059333595529326,-0.025252771222878057,-0.0208009994907778,"[-3.21,-1.10]",1.0,0.0,"{""boundary"": 0, ""herding"": 64, ""kcenter"": 0, ""kmeans"": 0, ""marc"": 0, ""random"": 0}"
single_0.33,no_random|default|lcb=0|fb=herding|gap=0.05,64,0.6806805883300545,0.6668396028209406,herding,0.7059333595529326,-0.025252771222878057,-0.0208009994907778,"[-3.21,-1.10]",1.0,0.0059697804874654405,"{""boundary"": 0, ""herding"": 64, ""kcenter"": 0, ""kmeans"": 0, ""marc"": 0, ""random"": 0}"
single_0.33,representative4|herding_first|lcb=0|fb=herding|gap=0.05,64,0.6806805883300545,0.6668396028209406,herding,0.7059333595529326,-0.025252771222878057,-0.0208009994907778,"[-3.21,-1.10]",1.0,0.0,"{""boundary"": 0, ""herding"": 64, ""kcenter"": 0, ""kmeans"": 0, ""marc"": 0, ""random"": 0}"
single_0.20,no_random|herding_first|lcb=0|fb=herding|gap=0.05,64,0.6806805883300545,0.6668396028209406,herding,0.7059333595529326,-0.025252771222878057,-0.0208009994907778,"[-3.21,-1.10]",0.984375,0.001984126984126977,"{""boundary"": 0, ""herding"": 63, ""kcenter"": 0, ""kmeans"": 0, ""marc"": 1, ""random"": 0}"
single_0.25,coverage3|kmeans_first|lcb=0|fb=herding|gap=0.05,64,0.6806805883300545,0.6668396028209406,herding,0.7059333595529326,-0.025252771222878057,-0.0208009994907778,"[-3.21,-1.10]",0.984375,0.0,"{""boundary"": 0, ""herding"": 64, ""kcenter"": 0, ""kmeans"": 0, ""marc"": 0, ""random"": 0}"
single_0.20,centroid3|marc_first|lcb=0|fb=kmeans|gap=0.02,64,0.6806293601288673,0.6672834775585639,herding,0.7059333595529326,-0.02530399942406525,-0.02085222769196505,"[-3.21,-1.08]",0.859375,0.0,"{""boundary"": 0, ""herding"": 4, ""kcenter"": 0, ""kmeans"": 57, ""marc"": 3, ""random"": 0}"
single_0.20,representative4|herding_first|lcb=0|fb=kmeans|gap=0.02,64,0.6806293601288673,0.6672834775585639,herding,0.7059333595529326,-0.02530399942406525,-0.02085222769196505,"[-3.21,-1.08]",0.859375,0.0,"{""boundary"": 0, ""herding"": 4, ""kcenter"": 0, ""kmeans"": 57, ""marc"": 3, ""random"": 0}"
single_0.20,representative4|marc_first|lcb=0|fb=kmeans|gap=0.02,64,0.6806293601288673,0.6672834775585639,herding,0.7059333595529326,-0.02530399942406525,-0.02085222769196505,"[-3.21,-1.08]",0.859375,0.0,"{""boundary"": 0, ""herding"": 4, ""kcenter"": 0, ""kmeans"": 57, ""marc"": 3, ""random"": 0}"
single_0.10,centroid3|herding_first|lcb=0|fb=kmeans|gap=0.05,64,0.6806293601288673,0.667191702960623,herding,0.7059333595529326,-0.02530399942406525,-0.020852227691965042,"[-3.24,-1.05]",0.875,0.0,"{""boundary"": 0, ""herding"": 4, ""kcenter"": 0, ""kmeans"": 59, ""marc"": 1, ""random"": 0}"
single_0.20,centroid3|kmeans_first|lcb=0|fb=kmeans|gap=0.02,64,0.6806293601288673,0.6672834775585639,herding,0.7059333595529326,-0.02530399942406525,-0.02085222769196505,"[-3.21,-1.08]",0.859375,0.0,"{""boundary"": 0, ""herding"": 4, ""kcenter"": 0, ""kmeans"": 57, ""marc"": 3, ""random"": 0}"
single_0.20,centroid3|herding_first|lcb=0|fb=kmeans|gap=0.02,64,0.6806293601288673,0.6672834775585639,herding,0.7059333595529326,-0.02530399942406525,-0.02085222769196505,"[-3.21,-1.08]",0.859375,0.0,"{""boundary"": 0, ""herding"": 4, ""kcenter"": 0, ""kmeans"": 57, ""marc"": 3, ""random"": 0}"
single_0.20,representative4|kmeans_first|lcb=0|fb=kmeans|gap=0.02,64,0.6806293601288673,0.6672834775585639,herding,0.7059333595529326,-0.02530399942406525,-0.02085222769196505,"[-3.21,-1.08]",0.859375,0.0,"{""boundary"": 0, ""herding"": 4, ""kcenter"": 0, ""kmeans"": 57, ""marc"": 3, ""random"": 0}"
single_0.20,representative4|default|lcb=0|fb=kmeans|gap=0.02,64,0.6806293601288673,0.6672834775585639,herding,0.7059333595529326,-0.02530399942406525,-0.02085222769196505,"[-3.21,-1.08]",0.859375,0.0,"{""boundary"": 0, ""herding"": 4, ""kcenter"": 0, ""kmeans"": 57, ""marc"": 3, ""random"": 0}"
single_0.20,centroid3|default|lcb=0|fb=kmeans|gap=0.02,64,0.6806293601288673,0.6672834775585639,herding,0.7059333595529326,-0.02530399942406525,-0.02085222769196505,"[-3.21,-1.08]",0.859375,0.0,"{""boundary"": 0, ""herding"": 4, ""kcenter"": 0, ""kmeans"": 57, ""marc"": 3, ""random"": 0}"
single_0.10,centroid3|default|lcb=0|fb=kmeans|gap=0.05,64,0.6806293601288673,0.667191702960623,herding,0.7059333595529326,-0.02530399942406525,-0.020852227691965042,"[-3.24,-1.05]",0.875,0.0,"{""boundary"": 0, ""herding"": 4, ""kcenter"": 0, ""kmeans"": 59, ""marc"": 1, ""random"": 0}"
single_0.10,centroid3|kmeans_first|lcb=0|fb=kmeans|gap=0.05,64,0.6806293601288673,0.667191702960623,herding,0.7059333595529326,-0.02530399942406525,-0.020852227691965042,"[-3.24,-1.05]",0.875,0.0,"{""boundary"": 0, ""herding"": 4, ""kcenter"": 0, ""kmeans"": 59, ""marc"": 1, ""random"": 0}"
single_0.10,centroid3|marc_first|lcb=0|fb=kmeans|gap=0.05,64,0.6806293601288673,0.667191702960623,herding,0.7059333595529326,-0.02530399942406525,-0.020852227691965042,"[-3.24,-1.05]",0.875,0.0,"{""boundary"": 0, ""herding"": 4, ""kcenter"": 0, ""kmeans"": 59, ""marc"": 1, ""random"": 0}"
single_0.20,coverage3|kmeans_first|lcb=0|fb=kmeans|gap=0.01,64,0.6806263143199005,0.6671857447479044,herding,0.7059333595529326,-0.025307045233032066,-0.020855273500931908,"[-3.21,-1.08]",0.75,0.0,"{""boundary"": 0, ""herding"": 7, ""kcenter"": 0, ""kmeans"": 57, ""marc"": 0, ""random"": 0}"
single_0.20,coverage3|herding_first|lcb=0|fb=kmeans|gap=0.01,64,0.6806263143199005,0.6671857447479044,herding,0.7059333595529326,-0.025307045233032066,-0.020855273500931908,"[-3.21,-1.08]",0.75,0.0,"{""boundary"": 0, ""herding"": 7, ""kcenter"": 0, ""kmeans"": 57, ""marc"": 0, ""random"": 0}"
single_0.20,coverage3|marc_first|lcb=0|fb=kmeans|gap=0.01,64,0.6806263143199005,0.6671857447479044,herding,0.7059333595529326,-0.025307045233032066,-0.020855273500931908,"[-3.21,-1.08]",0.75,0.0,"{""boundary"": 0, ""herding"": 7, ""kcenter"": 0, ""kmeans"": 57, ""marc"": 0, ""random"": 0}"
single_0.20,coverage3|default|lcb=0|fb=kmeans|gap=0.01,64,0.6806263143199005,0.6671857447479044,herding,0.7059333595529326,-0.025307045233032066,-0.020855273500931908,"[-3.21,-1.08]",0.75,0.0,"{""boundary"": 0, ""herding"": 7, ""kcenter"": 0, ""kmeans"": 57, ""marc"": 0, ""random"": 0}"
single_0.20,no_boundary|herding_first|lcb=0|fb=herding|gap=0.01,64,0.6805906399995586,0.6692661364042143,herding,0.7059333595529326,-0.02534271955337397,-0.020890947821273702,"[-3.15,-1.16]",0.59375,0.0013262599469496018,"{""boundary"": 0, ""herding"": 42, ""kcenter"": 0, ""kmeans"": 4, ""marc"": 6, ""random"": 12}"
single_0.20,no_boundary|default|lcb=0|fb=herding|gap=0.01,64,0.6805906399995586,0.6692661364042143,herding,0.7059333595529326,-0.02534271955337397,-0.020890947821273702,"[-3.15,-1.16]",0.59375,0.0013262599469496018,"{""boundary"": 0, ""herding"": 42, ""kcenter"": 0, ""kmeans"": 4, ""marc"": 6, ""random"": 12}"
single_0.20,no_boundary|kmeans_first|lcb=0|fb=herding|gap=0.01,64,0.6805906399995586,0.6692661364042143,herding,0.7059333595529326,-0.02534271955337397,-0.020890947821273702,"[-3.15,-1.16]",0.59375,0.0013262599469496018,"{""boundary"": 0, ""herding"": 42, ""kcenter"": 0, ""kmeans"": 4, ""marc"": 6, ""random"": 12}"
single_0.20,no_boundary|marc_first|lcb=0|fb=herding|gap=0.01,64,0.6805906399995586,0.6692661364042143,herding,0.7059333595529326,-0.02534271955337397,-0.020890947821273702,"[-3.15,-1.16]",0.59375,0.0013262599469496018,"{""boundary"": 0, ""herding"": 42, ""kcenter"": 0, ""kmeans"": 4, ""marc"": 6, ""random"": 12}"
single_0.20,no_boundary|herding_first|lcb=0|fb=kmeans|gap=0.01,64,0.6805624853904599,0.6694925047019628,herding,0.7059333595529326,-0.025370874162472634,-0.0209191024303724,"[-3.18,-1.15]",0.59375,0.0013262599469496018,"{""boundary"": 0, ""herding"": 4, ""kcenter"": 0, ""kmeans"": 42, ""marc"": 6, ""random"": 12}"
single_0.20,no_boundary|marc_first|lcb=0|fb=kmeans|gap=0.01,64,0.6805624853904599,0.6694925047019628,herding,0.7059333595529326,-0.025370874162472634,-0.0209191024303724,"[-3.18,-1.15]",0.59375,0.0013262599469496018,"{""boundary"": 0, ""herding"": 4, ""kcenter"": 0, ""kmeans"": 42, ""marc"": 6, ""random"": 12}"
single_0.20,no_boundary|default|lcb=0|fb=kmeans|gap=0.01,64,0.6805624853904599,0.6694925047019628,herding,0.7059333595529326,-0.025370874162472634,-0.0209191024303724,"[-3.18,-1.15]",0.59375,0.0013262599469496018,"{""boundary"": 0, ""herding"": 4, ""kcenter"": 0, ""kmeans"": 42, ""marc"": 6, ""random"": 12}"
single_0.20,no_boundary|kmeans_first|lcb=0|fb=kmeans|gap=0.01,64,0.6805624853904599,0.6694925047019628,herding,0.7059333595529326,-0.025370874162472634,-0.0209191024303724,"[-3.18,-1.15]",0.59375,0.0013262599469496018,"{""boundary"": 0, ""herding"": 4, ""kcenter"": 0, ""kmeans"": 42, ""marc"": 6, ""random"": 12}"
single_0.10,coverage3|default|lcb=0|fb=herding|gap=0.01,64,0.6805557101624132,0.6668370523614285,herding,0.7059333595529326,-0.02537764939051934,-0.020925877658419127,"[-3.25,-1.07]",0.703125,0.0,"{""boundary"": 0, ""herding"": 53, ""kcenter"": 1, ""kmeans"": 10, ""marc"": 0, ""random"": 0}"
single_0.10,coverage3|kmeans_first|lcb=0|fb=herding|gap=0.02,64,0.6805557101624132,0.6668370523614285,herding,0.7059333595529326,-0.02537764939051934,-0.020925877658419127,"[-3.25,-1.07]",0.71875,0.0,"{""boundary"": 0, ""herding"": 53, ""kcenter"": 1, ""kmeans"": 10, ""marc"": 0, ""random"": 0}"
single_0.10,coverage3|herding_first|lcb=0|fb=herding|gap=0.02,64,0.6805557101624132,0.6668370523614285,herding,0.7059333595529326,-0.02537764939051934,-0.020925877658419127,"[-3.25,-1.07]",0.71875,0.0,"{""boundary"": 0, ""herding"": 53, ""kcenter"": 1, ""kmeans"": 10, ""marc"": 0, ""random"": 0}"
single_0.10,coverage3|kmeans_first|lcb=0|fb=herding|gap=0.005,64,0.6805557101624132,0.6668370523614285,herding,0.7059333595529326,-0.02537764939051934,-0.020925877658419127,"[-3.25,-1.07]",0.6875,0.0,"{""boundary"": 0, ""herding"": 53, ""kcenter"": 1, ""kmeans"": 10, ""marc"": 0, ""random"": 0}"
single_0.10,coverage3|default|lcb=0|fb=herding|gap=0.02,64,0.6805557101624132,0.6668370523614285,herding,0.7059333595529326,-0.02537764939051934,-0.020925877658419127,"[-3.25,-1.07]",0.71875,0.0,"{""boundary"": 0, ""herding"": 53, ""kcenter"": 1, ""kmeans"": 10, ""marc"": 0, ""random"": 0}"
single_0.10,coverage3|herding_first|lcb=0|fb=none|gap=0,64,0.6805557101624132,0.6672022800380066,herding,0.7059333595529326,-0.02537764939051934,-0.020925877658419127,"[-3.25,-1.07]",0.0,0.0,"{""boundary"": 0, ""herding"": 42, ""kcenter"": 9, ""kmeans"": 13, ""marc"": 0, ""random"": 0}"
single_0.10,coverage3|herding_first|lcb=0|fb=herding|gap=0.005,64,0.6805557101624132,0.6668370523614285,herding,0.7059333595529326,-0.02537764939051934,-0.020925877658419127,"[-3.25,-1.07]",0.6875,0.0,"{""boundary"": 0, ""herding"": 53, ""kcenter"": 1, ""kmeans"": 10, ""marc"": 0, ""random"": 0}"
single_0.10,coverage3|herding_first|lcb=0|fb=herding|gap=0.01,64,0.6805557101624132,0.6668370523614285,herding,0.7059333595529326,-0.02537764939051934,-0.020925877658419127,"[-3.25,-1.07]",0.703125,0.0,"{""boundary"": 0, ""herding"": 53, ""kcenter"": 1, ""kmeans"": 10, ""marc"": 0, ""random"": 0}"
single_0.10,coverage3|default|lcb=0|fb=herding|gap=0.005,64,0.6805557101624132,0.6668370523614285,herding,0.7059333595529326,-0.02537764939051934,-0.020925877658419127,"[-3.25,-1.07]",0.6875,0.0,"{""boundary"": 0, ""herding"": 53, ""kcenter"": 1, ""kmeans"": 10, ""marc"": 0, ""random"": 0}"
single_0.10,coverage3|default|lcb=0|fb=none|gap=0,64,0.6805557101624132,0.6672022800380066,herding,0.7059333595529326,-0.02537764939051934,-0.020925877658419127,"[-3.25,-1.07]",0.0,0.0,"{""boundary"": 0, ""herding"": 42, ""kcenter"": 12, ""kmeans"": 10, ""marc"": 0, ""random"": 0}"
single_0.10,coverage3|marc_first|lcb=0|fb=herding|gap=0.02,64,0.6805557101624132,0.6668370523614285,herding,0.7059333595529326,-0.02537764939051934,-0.020925877658419127,"[-3.25,-1.07]",0.71875,0.0,"{""boundary"": 0, ""herding"": 53, ""kcenter"": 1, ""kmeans"": 10, ""marc"": 0, ""random"": 0}"
single_0.10,coverage3|marc_first|lcb=0|fb=herding|gap=0.01,64,0.6805557101624132,0.6668370523614285,herding,0.7059333595529326,-0.02537764939051934,-0.020925877658419127,"[-3.25,-1.07]",0.703125,0.0,"{""boundary"": 0, ""herding"": 53, ""kcenter"": 1, ""kmeans"": 10, ""marc"": 0, ""random"": 0}"
single_0.10,coverage3|kmeans_first|lcb=0|fb=herding|gap=0.01,64,0.6805557101624132,0.6668370523614285,herding,0.7059333595529326,-0.02537764939051934,-0.020925877658419127,"[-3.25,-1.07]",0.703125,0.0,"{""boundary"": 0, ""herding"": 53, ""kcenter"": 1, ""kmeans"": 10, ""marc"": 0, ""random"": 0}"
single_0.10,coverage3|marc_first|lcb=0|fb=herding|gap=0.005,64,0.6805557101624132,0.6668370523614285,herding,0.7059333595529326,-0.02537764939051934,-0.020925877658419127,"[-3.25,-1.07]",0.6875,0.0,"{""boundary"": 0, ""herding"": 53, ""kcenter"": 1, ""kmeans"": 10, ""marc"": 0, ""random"": 0}"
single_0.10,coverage3|herding_first|lcb=0|fb=herding|gap=0,64,0.6805336019204606,0.6671306315037063,herding,0.7059333595529326,-0.02539975763247193,-0.02094798590037173,"[-3.25,-1.08]",0.546875,0.0,"{""boundary"": 0, ""herding"": 47, ""kcenter"": 7, ""kmeans"": 10, ""marc"": 0, ""random"": 0}"
single_0.10,coverage3|default|lcb=0|fb=herding|gap=0,64,0.6805336019204606,0.6671306315037063,herding,0.7059333595529326,-0.02539975763247193,-0.02094798590037173,"[-3.25,-1.08]",0.546875,0.0,"{""boundary"": 0, ""herding"": 47, ""kcenter"": 7, ""kmeans"": 10, ""marc"": 0, ""random"": 0}"
single_0.10,coverage3|marc_first|lcb=0|fb=herding|gap=0,64,0.6805336019204606,0.6671306315037063,herding,0.7059333595529326,-0.02539975763247193,-0.02094798590037173,"[-3.25,-1.08]",0.546875,0.0,"{""boundary"": 0, ""herding"": 47, ""kcenter"": 7, ""kmeans"": 10, ""marc"": 0, ""random"": 0}"
single_0.10,coverage3|kmeans_first|lcb=0|fb=herding|gap=0,64,0.6805336019204606,0.6671306315037063,herding,0.7059333595529326,-0.02539975763247193,-0.02094798590037173,"[-3.25,-1.08]",0.546875,0.0,"{""boundary"": 0, ""herding"": 47, ""kcenter"": 7, ""kmeans"": 10, ""marc"": 0, ""random"": 0}"
single_0.20,centroid3|default|lcb=0|fb=none|gap=0,64,0.6803928186396699,0.6669824564287774,herding,0.7059333595529326,-0.025540540913262633,-0.021088769181162433,"[-3.23,-1.13]",0.0,0.0,"{""boundary"": 0, ""herding"": 46, ""kcenter"": 0, ""kmeans"": 9, ""marc"": 9, ""random"": 0}"
single_0.20,centroid3|herding_first|lcb=0|fb=none|gap=0,64,0.6803928186396699,0.6669824564287774,herding,0.7059333595529326,-0.025540540913262633,-0.021088769181162433,"[-3.23,-1.13]",0.0,0.0,"{""boundary"": 0, ""herding"": 46, ""kcenter"": 0, ""kmeans"": 9, ""marc"": 9, ""random"": 0}"
single_0.20,coverage3|kmeans_first|lcb=0|fb=kmeans|gap=0,64,0.6802956732791428,0.6667930700668947,herding,0.7059333595529326,-0.025637686273789817,-0.02118591454168968,"[-3.24,-1.12]",0.578125,0.0,"{""boundary"": 0, ""herding"": 13, ""kcenter"": 5, ""kmeans"": 46, ""marc"": 0, ""random"": 0}"
single_0.20,coverage3|herding_first|lcb=0|fb=kmeans|gap=0,64,0.6802956732791428,0.6667930700668947,herding,0.7059333595529326,-0.025637686273789817,-0.02118591454168968,"[-3.24,-1.12]",0.578125,0.0,"{""boundary"": 0, ""herding"": 13, ""kcenter"": 5, ""kmeans"": 46, ""marc"": 0, ""random"": 0}"
single_0.20,coverage3|marc_first|lcb=0|fb=kmeans|gap=0,64,0.6802956732791428,0.6667930700668947,herding,0.7059333595529326,-0.025637686273789817,-0.02118591454168968,"[-3.24,-1.12]",0.578125,0.0,"{""boundary"": 0, ""herding"": 13, ""kcenter"": 5, ""kmeans"": 46, ""marc"": 0, ""random"": 0}"
single_0.20,coverage3|default|lcb=0|fb=kmeans|gap=0,64,0.6802956732791428,0.6667930700668947,herding,0.7059333595529326,-0.025637686273789817,-0.02118591454168968,"[-3.24,-1.12]",0.578125,0.0,"{""boundary"": 0, ""herding"": 13, ""kcenter"": 5, ""kmeans"": 46, ""marc"": 0, ""random"": 0}"
single_0.10,representative4|default|lcb=0|fb=none|gap=0,64,0.6802952934957466,0.6670373275582118,herding,0.7059333595529326,-0.025638066057185993,-0.021186294325085796,"[-3.27,-1.10]",0.0,0.0,"{""boundary"": 0, ""herding"": 40, ""kcenter"": 10, ""kmeans"": 10, ""marc"": 4, ""random"": 0}"
single_0.10,representative4|herding_first|lcb=0|fb=none|gap=0,64,0.6802952934957466,0.6670373275582118,herding,0.7059333595529326,-0.025638066057185993,-0.021186294325085796,"[-3.27,-1.10]",0.0,0.0,"{""boundary"": 0, ""herding"": 40, ""kcenter"": 7, ""kmeans"": 13, ""marc"": 4, ""random"": 0}"
single_0.25,no_random|marc_first|lcb=0|fb=kmeans|gap=0.05,64,0.680282137906645,0.6668610596672008,herding,0.7059333595529326,-0.025651221646287525,-0.02119944991418727,"[-3.26,-1.11]",0.984375,0.007571207177028864,"{""boundary"": 0, ""herding"": 0, ""kcenter"": 0, ""kmeans"": 63, ""marc"": 1, ""random"": 0}"
single_0.25,representative4|marc_first|lcb=0|fb=kmeans|gap=0.05,64,0.680282137906645,0.6668610596672008,herding,0.7059333595529326,-0.025651221646287525,-0.02119944991418727,"[-3.26,-1.11]",0.984375,0.0,"{""boundary"": 0, ""herding"": 0, ""kcenter"": 0, ""kmeans"": 63, ""marc"": 1, ""random"": 0}"
single_0.25,representative4|herding_first|lcb=0|fb=kmeans|gap=0.05,64,0.680282137906645,0.6668610596672008,herding,0.7059333595529326,-0.025651221646287525,-0.02119944991418727,"[-3.26,-1.11]",0.984375,0.0,"{""boundary"": 0, ""herding"": 0, ""kcenter"": 0, ""kmeans"": 63, ""marc"": 1, ""random"": 0}"
single_0.25,no_random|default|lcb=0|fb=kmeans|gap=0.05,64,0.680282137906645,0.6668610596672008,herding,0.7059333595529326,-0.025651221646287525,-0.02119944991418727,"[-3.26,-1.11]",0.984375,0.007571207177028864,"{""boundary"": 0, ""herding"": 0, ""kcenter"": 0, ""kmeans"": 63, ""marc"": 1, ""random"": 0}"
single_0.25,centroid3|kmeans_first|lcb=0|fb=kmeans|gap=0.05,64,0.680282137906645,0.6668610596672008,herding,0.7059333595529326,-0.025651221646287525,-0.02119944991418727,"[-3.26,-1.11]",0.984375,0.0,"{""boundary"": 0, ""herding"": 0, ""kcenter"": 0, ""kmeans"": 63, ""marc"": 1, ""random"": 0}"
single_0.25,representative4|kmeans_first|lcb=0|fb=kmeans|gap=0.05,64,0.680282137906645,0.6668610596672008,herding,0.7059333595529326,-0.025651221646287525,-0.02119944991418727,"[-3.26,-1.11]",0.984375,0.0,"{""boundary"": 0, ""herding"": 0, ""kcenter"": 0, ""kmeans"": 63, ""marc"": 1, ""random"": 0}"
single_0.25,centroid3|herding_first|lcb=0|fb=kmeans|gap=0.05,64,0.680282137906645,0.6668610596672008,herding,0.7059333595529326,-0.025651221646287525,-0.02119944991418727,"[-3.26,-1.11]",0.984375,0.0,"{""boundary"": 0, ""herding"": 0, ""kcenter"": 0, ""kmeans"": 63, ""marc"": 1, ""random"": 0}"
single_0.25,representative4|default|lcb=0|fb=kmeans|gap=0.05,64,0.680282137906645,0.6668610596672008,herding,0.7059333595529326,-0.025651221646287525,-0.02119944991418727,"[-3.26,-1.11]",0.984375,0.0,"{""boundary"": 0, ""herding"": 0, ""kcenter"": 0, ""kmeans"": 63, ""marc"": 1, ""random"": 0}"
single_0.25,centroid3|marc_first|lcb=0|fb=kmeans|gap=0.05,64,0.680282137906645,0.6668610596672008,herding,0.7059333595529326,-0.025651221646287525,-0.02119944991418727,"[-3.26,-1.11]",0.984375,0.0,"{""boundary"": 0, ""herding"": 0, ""kcenter"": 0, ""kmeans"": 63, ""marc"": 1, ""random"": 0}"
single_0.25,centroid3|default|lcb=0|fb=kmeans|gap=0.05,64,0.680282137906645,0.6668610596672008,herding,0.7059333595529326,-0.025651221646287525,-0.02119944991418727,"[-3.26,-1.11]",0.984375,0.0,"{""boundary"": 0, ""herding"": 0, ""kcenter"": 0, ""kmeans"": 63, ""marc"": 1, ""random"": 0}"
single_0.25,no_random|herding_first|lcb=0|fb=kmeans|gap=0.05,64,0.680282137906645,0.6668610596672008,herding,0.7059333595529326,-0.025651221646287525,-0.02119944991418727,"[-3.26,-1.11]",0.984375,0.007571207177028864,"{""boundary"": 0, ""herding"": 0, ""kcenter"": 0, ""kmeans"": 63, ""marc"": 1, ""random"": 0}"
single_0.25,no_random|kmeans_first|lcb=0|fb=kmeans|gap=0.05,64,0.680282137906645,0.6668610596672008,herding,0.7059333595529326,-0.025651221646287525,-0.02119944991418727,"[-3.26,-1.11]",0.984375,0.007571207177028864,"{""boundary"": 0, ""herding"": 0, ""kcenter"": 0, ""kmeans"": 63, ""marc"": 1, ""random"": 0}"
single_0.20,coverage3|marc_first|lcb=0|fb=kmeans|gap=0.005,64,0.6802790920976782,0.6667919734577725,herding,0.7059333595529326,-0.025654267455254343,-0.021202495723154132,"[-3.24,-1.12]",0.734375,0.0,"{""boundary"": 0, ""herding"": 8, ""kcenter"": 0, ""kmeans"": 56, ""marc"": 0, ""random"": 0}"
single_0.20,coverage3|kmeans_first|lcb=0|fb=kmeans|gap=0.005,64,0.6802790920976782,0.6667919734577725,herding,0.7059333595529326,-0.025654267455254343,-0.021202495723154132,"[-3.24,-1.12]",0.734375,0.0,"{""boundary"": 0, ""herding"": 8, ""kcenter"": 0, ""kmeans"": 56, ""marc"": 0, ""random"": 0}"
single_0.20,coverage3|herding_first|lcb=0|fb=kmeans|gap=0.005,64,0.6802790920976782,0.6667919734577725,herding,0.7059333595529326,-0.025654267455254343,-0.021202495723154132,"[-3.24,-1.12]",0.734375,0.0,"{""boundary"": 0, ""herding"": 8, ""kcenter"": 0, ""kmeans"": 56, ""marc"": 0, ""random"": 0}"
single_0.20,coverage3|default|lcb=0|fb=kmeans|gap=0.005,64,0.6802790920976782,0.6667919734577725,herding,0.7059333595529326,-0.025654267455254343,-0.021202495723154132,"[-3.24,-1.12]",0.734375,0.0,"{""boundary"": 0, ""herding"": 8, ""kcenter"": 0, ""kmeans"": 56, ""marc"": 0, ""random"": 0}"
single_0.10,no_random|default|lcb=0|fb=herding|gap=0.05,64,0.6802694041195283,0.6664690649167138,herding,0.7059333595529326,-0.025663955433404273,-0.02121218370130412,"[-3.25,-1.13]",0.875,0.00984848484848485,"{""boundary"": 0, ""herding"": 59, ""kcenter"": 1, ""kmeans"": 3, ""marc"": 1, ""random"": 0}"
single_0.10,representative4|marc_first|lcb=0|fb=herding|gap=0.05,64,0.6802694041195283,0.6664690649167138,herding,0.7059333595529326,-0.025663955433404273,-0.02121218370130412,"[-3.25,-1.13]",0.875,0.0,"{""boundary"": 0, ""herding"": 59, ""kcenter"": 1, ""kmeans"": 3, ""marc"": 1, ""random"": 0}"
single_0.10,representative4|kmeans_first|lcb=0|fb=herding|gap=0.05,64,0.6802694041195283,0.6664690649167138,herding,0.7059333595529326,-0.025663955433404273,-0.02121218370130412,"[-3.25,-1.13]",0.875,0.0,"{""boundary"": 0, ""herding"": 59, ""kcenter"": 1, ""kmeans"": 3, ""marc"": 1, ""random"": 0}"
single_0.10,representative4|herding_first|lcb=0|fb=herding|gap=0.05,64,0.6802694041195283,0.6664690649167138,herding,0.7059333595529326,-0.025663955433404273,-0.02121218370130412,"[-3.25,-1.13]",0.875,0.0,"{""boundary"": 0, ""herding"": 59, ""kcenter"": 1, ""kmeans"": 3, ""marc"": 1, ""random"": 0}"
single_0.10,no_random|herding_first|lcb=0|fb=herding|gap=0.05,64,0.6802694041195283,0.6664690649167138,herding,0.7059333595529326,-0.025663955433404273,-0.02121218370130412,"[-3.25,-1.13]",0.875,0.00984848484848485,"{""boundary"": 0, ""herding"": 59, ""kcenter"": 1, ""kmeans"": 3, ""marc"": 1, ""random"": 0}"
single_0.10,no_random|marc_first|lcb=0|fb=herding|gap=0.05,64,0.6802694041195283,0.6664690649167138,herding,0.7059333595529326,-0.025663955433404273,-0.02121218370130412,"[-3.25,-1.13]",0.875,0.00984848484848485,"{""boundary"": 0, ""herding"": 59, ""kcenter"": 1, ""kmeans"": 3, ""marc"": 1, ""random"": 0}"
single_0.10,no_random|kmeans_first|lcb=0|fb=herding|gap=0.05,64,0.6802694041195283,0.6664690649167138,herding,0.7059333595529326,-0.025663955433404273,-0.02121218370130412,"[-3.25,-1.13]",0.875,0.00984848484848485,"{""boundary"": 0, ""herding"": 59, ""kcenter"": 1, ""kmeans"": 3, ""marc"": 1, ""random"": 0}"
single_0.10,representative4|default|lcb=0|fb=herding|gap=0.05,64,0.6802694041195283,0.6664690649167138,herding,0.7059333595529326,-0.025663955433404273,-0.02121218370130412,"[-3.25,-1.13]",0.875,0.0,"{""boundary"": 0, ""herding"": 59, ""kcenter"": 1, ""kmeans"": 3, ""marc"": 1, ""random"": 0}"
single_0.25,representative4|herding_first|lcb=0|fb=none|gap=0,64,0.6802599844139049,0.6670020383218281,herding,0.7059333595529326,-0.025673375139027677,-0.021221603406927497,"[-3.25,-1.13]",0.0,0.0,"{""boundary"": 0, ""herding"": 38, ""kcenter"": 6, ""kmeans"": 11, ""marc"": 9, ""random"": 0}"
single_0.20,all6|marc_first|lcb=0|fb=kmeans|gap=0.02,64,0.6802439688672857,0.6709952017859478,herding,0.7059333595529326,-0.025689390685646907,-0.02123761895354667,"[-3.25,-1.12]",0.65625,0.011636352153593488,"{""boundary"": 4, ""herding"": 4, ""kcenter"": 0, ""kmeans"": 44, ""marc"": 3, ""random"": 9}"
single_0.20,all6|kmeans_first|lcb=0|fb=kmeans|gap=0.02,64,0.6802439688672857,0.6709952017859478,herding,0.7059333595529326,-0.025689390685646907,-0.02123761895354667,"[-3.25,-1.12]",0.65625,0.011636352153593488,"{""boundary"": 4, ""herding"": 4, ""kcenter"": 0, ""kmeans"": 44, ""marc"": 3, ""random"": 9}"
single_0.20,all6|herding_first|lcb=0|fb=kmeans|gap=0.02,64,0.6802439688672857,0.6709952017859478,herding,0.7059333595529326,-0.025689390685646907,-0.02123761895354667,"[-3.25,-1.12]",0.65625,0.011636352153593488,"{""boundary"": 4, ""herding"": 4, ""kcenter"": 0, ""kmeans"": 44, ""marc"": 3, ""random"": 9}"
single_0.20,all6|default|lcb=0|fb=kmeans|gap=0.02,64,0.6802439688672857,0.6709952017859478,herding,0.7059333595529326,-0.025689390685646907,-0.02123761895354667,"[-3.25,-1.12]",0.65625,0.011636352153593488,"{""boundary"": 4, ""herding"": 4, ""kcenter"": 0, ""kmeans"": 44, ""marc"": 3, ""random"": 9}"
single_0.20,centroid3|marc_first|lcb=0|fb=none|gap=0,64,0.6801972490451652,0.6666442148045111,herding,0.7059333595529326,-0.025736110507767362,-0.02128433877566711,"[-3.27,-1.10]",0.0,0.0,"{""boundary"": 0, ""herding"": 12, ""kcenter"": 0, ""kmeans"": 9, ""marc"": 43, ""random"": 0}"
single_0.25,coverage3|marc_first|lcb=0|fb=kmeans|gap=0.02,64,0.6801953323510895,0.6667096318986584,herding,0.7059333595529326,-0.02573802720184304,-0.021286255469742825,"[-3.28,-1.10]",0.84375,0.0,"{""boundary"": 0, ""herding"": 5, ""kcenter"": 0, ""kmeans"": 59, ""marc"": 0, ""random"": 0}"
single_0.25,coverage3|kmeans_first|lcb=0|fb=kmeans|gap=0.02,64,0.6801953323510895,0.6667096318986584,herding,0.7059333595529326,-0.02573802720184304,-0.021286255469742825,"[-3.28,-1.10]",0.84375,0.0,"{""boundary"": 0, ""herding"": 5, ""kcenter"": 0, ""kmeans"": 59, ""marc"": 0, ""random"": 0}"
single_0.25,coverage3|default|lcb=0|fb=kmeans|gap=0.02,64,0.6801953323510895,0.6667096318986584,herding,0.7059333595529326,-0.02573802720184304,-0.021286255469742825,"[-3.28,-1.10]",0.84375,0.0,"{""boundary"": 0, ""herding"": 5, ""kcenter"": 0, ""kmeans"": 59, ""marc"": 0, ""random"": 0}"
single_0.25,coverage3|herding_first|lcb=0|fb=kmeans|gap=0.02,64,0.6801953323510895,0.6667096318986584,herding,0.7059333595529326,-0.02573802720184304,-0.021286255469742825,"[-3.28,-1.10]",0.84375,0.0,"{""boundary"": 0, ""herding"": 5, ""kcenter"": 0, ""kmeans"": 59, ""marc"": 0, ""random"": 0}"
single_0.25,centroid3|herding_first|lcb=0|fb=none|gap=0,64,0.6801798420368267,0.6668382104426118,herding,0.7059333595529326,-0.025753517516105884,-0.02130174578400567,"[-3.26,-1.14]",0.0,0.0,"{""boundary"": 0, ""herding"": 40, ""kcenter"": 0, ""kmeans"": 13, ""marc"": 11, ""random"": 0}"
single_0.25,centroid3|default|lcb=0|fb=none|gap=0,64,0.6801798420368267,0.6668382104426118,herding,0.7059333595529326,-0.025753517516105884,-0.02130174578400567,"[-3.26,-1.14]",0.0,0.0,"{""boundary"": 0, ""herding"": 40, ""kcenter"": 0, ""kmeans"": 13, ""marc"": 11, ""random"": 0}"
single_0.25,representative4|kmeans_first|lcb=0|fb=kmeans|gap=0.02,64,0.6801572597390038,0.6667773850159388,herding,0.7059333595529326,-0.02577609981392881,-0.021324328081828603,"[-3.27,-1.12]",0.859375,0.0,"{""boundary"": 0, ""herding"": 2, ""kcenter"": 0, ""kmeans"": 57, ""marc"": 5, ""random"": 0}"
single_0.25,representative4|marc_first|lcb=0|fb=kmeans|gap=0.02,64,0.6801572597390038,0.6667773850159388,herding,0.7059333595529326,-0.02577609981392881,-0.021324328081828603,"[-3.27,-1.12]",0.859375,0.0,"{""boundary"": 0, ""herding"": 2, ""kcenter"": 0, ""kmeans"": 57, ""marc"": 5, ""random"": 0}"
single_0.25,representative4|herding_first|lcb=0|fb=kmeans|gap=0.02,64,0.6801572597390038,0.6667773850159388,herding,0.7059333595529326,-0.02577609981392881,-0.021324328081828603,"[-3.27,-1.12]",0.859375,0.0,"{""boundary"": 0, ""herding"": 2, ""kcenter"": 0, ""kmeans"": 57, ""marc"": 5, ""random"": 0}"
single_0.25,representative4|default|lcb=0|fb=kmeans|gap=0.02,64,0.6801572597390038,0.6667773850159388,herding,0.7059333595529326,-0.02577609981392881,-0.021324328081828603,"[-3.27,-1.12]",0.859375,0.0,"{""boundary"": 0, ""herding"": 2, ""kcenter"": 0, ""kmeans"": 57, ""marc"": 5, ""random"": 0}"
single_0.10,centroid3|marc_first|lcb=0|fb=kmeans|gap=0.02,64,0.6801100497000174,0.6665963340063863,herding,0.7059333595529326,-0.025823309852915144,-0.021371538120814947,"[-3.29,-1.11]",0.734375,0.0,"{""boundary"": 0, ""herding"": 8, ""kcenter"": 0, ""kmeans"": 55, ""marc"": 1, ""random"": 0}"
single_0.10,centroid3|kmeans_first|lcb=0|fb=kmeans|gap=0.02,64,0.6801100497000174,0.6665963340063863,herding,0.7059333595529326,-0.025823309852915144,-0.021371538120814947,"[-3.29,-1.11]",0.734375,0.0,"{""boundary"": 0, ""herding"": 8, ""kcenter"": 0, ""kmeans"": 55, ""marc"": 1, ""random"": 0}"
single_0.10,centroid3|default|lcb=0|fb=kmeans|gap=0.02,64,0.6801100497000174,0.6665963340063863,herding,0.7059333595529326,-0.025823309852915144,-0.021371538120814947,"[-3.29,-1.11]",0.734375,0.0,"{""boundary"": 0, ""herding"": 8, ""kcenter"": 0, ""kmeans"": 55, ""marc"": 1, ""random"": 0}"
single_0.10,centroid3|herding_first|lcb=0|fb=kmeans|gap=0.02,64,0.6801100497000174,0.6665963340063863,herding,0.7059333595529326,-0.025823309852915144,-0.021371538120814947,"[-3.29,-1.11]",0.734375,0.0,"{""boundary"": 0, ""herding"": 8, ""kcenter"": 0, ""kmeans"": 55, ""marc"": 1, ""random"": 0}"
single_0.20,centroid3|marc_first|lcb=0|fb=herding|gap=0.01,64,0.6800577203963314,0.6663250870117319,herding,0.7059333595529326,-0.025875639156601182,-0.021423867424501,"[-3.26,-1.16]",0.765625,0.0,"{""boundary"": 0, ""herding"": 54, ""kcenter"": 0, ""kmeans"": 4, ""marc"": 6, ""random"": 0}"
single_0.20,representative4|herding_first|lcb=0|fb=herding|gap=0.005,64,0.6800577203963314,0.6663250870117319,herding,0.7059333595529326,-0.025875639156601182,-0.021423867424501,"[-3.26,-1.16]",0.765625,0.0,"{""boundary"": 0, ""herding"": 54, ""kcenter"": 0, ""kmeans"": 4, ""marc"": 6, ""random"": 0}"
single_0.20,centroid3|herding_first|lcb=0|fb=herding|gap=0.005,64,0.6800577203963314,0.6663250870117319,herding,0.7059333595529326,-0.025875639156601182,-0.021423867424501,"[-3.26,-1.16]",0.765625,0.0,"{""boundary"": 0, ""herding"": 54, ""kcenter"": 0, ""kmeans"": 4, ""marc"": 6, ""random"": 0}"
single_0.20,representative4|default|lcb=0|fb=herding|gap=0.01,64,0.6800577203963314,0.6663250870117319,herding,0.7059333595529326,-0.025875639156601182,-0.021423867424501,"[-3.26,-1.16]",0.765625,0.0,"{""boundary"": 0, ""herding"": 54, ""kcenter"": 0, ""kmeans"": 4, ""marc"": 6, ""random"": 0}"
single_0.20,representative4|herding_first|lcb=0|fb=herding|gap=0.01,64,0.6800577203963314,0.6663250870117319,herding,0.7059333595529326,-0.025875639156601182,-0.021423867424501,"[-3.26,-1.16]",0.765625,0.0,"{""boundary"": 0, ""herding"": 54, ""kcenter"": 0, ""kmeans"": 4, ""marc"": 6, ""random"": 0}"
single_0.20,representative4|default|lcb=0|fb=herding|gap=0.005,64,0.6800577203963314,0.6663250870117319,herding,0.7059333595529326,-0.025875639156601182,-0.021423867424501,"[-3.26,-1.16]",0.765625,0.0,"{""boundary"": 0, ""herding"": 54, ""kcenter"": 0, ""kmeans"": 4, ""marc"": 6, ""random"": 0}"
single_0.20,centroid3|kmeans_first|lcb=0|fb=herding|gap=0.01,64,0.6800577203963314,0.6663250870117319,herding,0.7059333595529326,-0.025875639156601182,-0.021423867424501,"[-3.26,-1.16]",0.765625,0.0,"{""boundary"": 0, ""herding"": 54, ""kcenter"": 0, ""kmeans"": 4, ""marc"": 6, ""random"": 0}"
single_0.20,centroid3|herding_first|lcb=0|fb=herding|gap=0.01,64,0.6800577203963314,0.6663250870117319,herding,0.7059333595529326,-0.025875639156601182,-0.021423867424501,"[-3.26,-1.16]",0.765625,0.0,"{""boundary"": 0, ""herding"": 54, ""kcenter"": 0, ""kmeans"": 4, ""marc"": 6, ""random"": 0}"
single_0.20,centroid3|default|lcb=0|fb=herding|gap=0.005,64,0.6800577203963314,0.6663250870117319,herding,0.7059333595529326,-0.025875639156601182,-0.021423867424501,"[-3.26,-1.16]",0.765625,0.0,"{""boundary"": 0, ""herding"": 54, ""kcenter"": 0, ""kmeans"": 4, ""marc"": 6, ""random"": 0}"
single_0.20,representative4|marc_first|lcb=0|fb=herding|gap=0.005,64,0.6800577203963314,0.6663250870117319,herding,0.7059333595529326,-0.025875639156601182,-0.021423867424501,"[-3.26,-1.16]",0.765625,0.0,"{""boundary"": 0, ""herding"": 54, ""kcenter"": 0, ""kmeans"": 4, ""marc"": 6, ""random"": 0}"
single_0.20,centroid3|default|lcb=0|fb=herding|gap=0.01,64,0.6800577203963314,0.6663250870117319,herding,0.7059333595529326,-0.025875639156601182,-0.021423867424501,"[-3.26,-1.16]",0.765625,0.0,"{""boundary"": 0, ""herding"": 54, ""kcenter"": 0, ""kmeans"": 4, ""marc"": 6, ""random"": 0}"
single_0.20,representative4|kmeans_first|lcb=0|fb=herding|gap=0.01,64,0.6800577203963314,0.6663250870117319,herding,0.7059333595529326,-0.025875639156601182,-0.021423867424501,"[-3.26,-1.16]",0.765625,0.0,"{""boundary"": 0, ""herding"": 54, ""kcenter"": 0, ""kmeans"": 4, ""marc"": 6, ""random"": 0}"
single_0.20,representative4|kmeans_first|lcb=0|fb=herding|gap=0.005,64,0.6800577203963314,0.6663250870117319,herding,0.7059333595529326,-0.025875639156601182,-0.021423867424501,"[-3.26,-1.16]",0.765625,0.0,"{""boundary"": 0, ""herding"": 54, ""kcenter"": 0, ""kmeans"": 4, ""marc"": 6, ""random"": 0}"
single_0.20,representative4|marc_first|lcb=0|fb=herding|gap=0.01,64,0.6800577203963314,0.6663250870117319,herding,0.7059333595529326,-0.025875639156601182,-0.021423867424501,"[-3.26,-1.16]",0.765625,0.0,"{""boundary"": 0, ""herding"": 54, ""kcenter"": 0, ""kmeans"": 4, ""marc"": 6, ""random"": 0}"
single_0.20,centroid3|kmeans_first|lcb=0|fb=herding|gap=0.005,64,0.6800577203963314,0.6663250870117319,herding,0.7059333595529326,-0.025875639156601182,-0.021423867424501,"[-3.26,-1.16]",0.765625,0.0,"{""boundary"": 0, ""herding"": 54, ""kcenter"": 0, ""kmeans"": 4, ""marc"": 6, ""random"": 0}"
single_0.20,centroid3|marc_first|lcb=0|fb=herding|gap=0.005,64,0.6800577203963314,0.6663250870117319,herding,0.7059333595529326,-0.025875639156601182,-0.021423867424501,"[-3.26,-1.16]",0.765625,0.0,"{""boundary"": 0, ""herding"": 54, ""kcenter"": 0, ""kmeans"": 4, ""marc"": 6, ""random"": 0}"
single_0.10,centroid3|herding_first|lcb=0|fb=kmeans|gap=0.01,64,0.6800232441444618,0.6665099540970656,herding,0.7059333595529326,-0.02591011540847077,-0.021458343676370503,"[-3.30,-1.11]",0.71875,0.0,"{""boundary"": 0, ""herding"": 8, ""kcenter"": 0, ""kmeans"": 54, ""marc"": 2, ""random"": 0}"
single_0.10,centroid3|default|lcb=0|fb=kmeans|gap=0.01,64,0.6800232441444618,0.6665099540970656,herding,0.7059333595529326,-0.02591011540847077,-0.021458343676370503,"[-3.30,-1.11]",0.71875,0.0,"{""boundary"": 0, ""herding"": 8, ""kcenter"": 0, ""kmeans"": 54, ""marc"": 2, ""random"": 0}"
single_0.10,centroid3|marc_first|lcb=0|fb=kmeans|gap=0.01,64,0.6800232441444618,0.6665099540970656,herding,0.7059333595529326,-0.02591011540847077,-0.021458343676370503,"[-3.30,-1.11]",0.71875,0.0,"{""boundary"": 0, ""herding"": 8, ""kcenter"": 0, ""kmeans"": 54, ""marc"": 2, ""random"": 0}"
single_0.10,centroid3|kmeans_first|lcb=0|fb=kmeans|gap=0.01,64,0.6800232441444618,0.6665099540970656,herding,0.7059333595529326,-0.02591011540847077,-0.021458343676370503,"[-3.30,-1.11]",0.71875,0.0,"{""boundary"": 0, ""herding"": 8, ""kcenter"": 0, ""kmeans"": 54, ""marc"": 2, ""random"": 0}"
single_0.33,coverage3|herding_first|lcb=0|fb=kmeans|gap=0.05,64,0.6799927860547932,0.6665175912800017,herding,0.7059333595529326,-0.025940573498139385,-0.021488801766039123,"[-3.30,-1.12]",0.953125,0.0,"{""boundary"": 0, ""herding"": 2, ""kcenter"": 0, ""kmeans"": 62, ""marc"": 0, ""random"": 0}"
single_0.33,coverage3|default|lcb=0|fb=kmeans|gap=0.05,64,0.6799927860547932,0.6665175912800017,herding,0.7059333595529326,-0.025940573498139385,-0.021488801766039123,"[-3.30,-1.12]",0.953125,0.0,"{""boundary"": 0, ""herding"": 2, ""kcenter"": 0, ""kmeans"": 62, ""marc"": 0, ""random"": 0}"
single_0.33,coverage3|kmeans_first|lcb=0|fb=kmeans|gap=0.05,64,0.6799927860547932,0.6665175912800017,herding,0.7059333595529326,-0.025940573498139385,-0.021488801766039123,"[-3.30,-1.12]",0.953125,0.0,"{""boundary"": 0, ""herding"": 2, ""kcenter"": 0, ""kmeans"": 62, ""marc"": 0, ""random"": 0}"
single_0.33,coverage3|marc_first|lcb=0|fb=kmeans|gap=0.05,64,0.6799927860547932,0.6665175912800017,herding,0.7059333595529326,-0.025940573498139385,-0.021488801766039123,"[-3.30,-1.12]",0.953125,0.0,"{""boundary"": 0, ""herding"": 2, ""kcenter"": 0, ""kmeans"": 62, ""marc"": 0, ""random"": 0}"
single_0.25,coverage3|default|lcb=0|fb=kmeans|gap=0.05,64,0.6799927860547932,0.6665175912800017,herding,0.7059333595529326,-0.025940573498139385,-0.021488801766039123,"[-3.30,-1.12]",0.984375,0.0,"{""boundary"": 0, ""herding"": 1, ""kcenter"": 0, ""kmeans"": 63, ""marc"": 0, ""random"": 0}"
single_0.25,coverage3|herding_first|lcb=0|fb=kmeans|gap=0.05,64,0.6799927860547932,0.6665175912800017,herding,0.7059333595529326,-0.025940573498139385,-0.021488801766039123,"[-3.30,-1.12]",0.984375,0.0,"{""boundary"": 0, ""herding"": 1, ""kcenter"": 0, ""kmeans"": 63, ""marc"": 0, ""random"": 0}"
single_0.25,coverage3|marc_first|lcb=0|fb=kmeans|gap=0.05,64,0.6799927860547932,0.6665175912800017,herding,0.7059333595529326,-0.025940573498139385,-0.021488801766039123,"[-3.30,-1.12]",0.984375,0.0,"{""boundary"": 0, ""herding"": 1, ""kcenter"": 0, ""kmeans"": 63, ""marc"": 0, ""random"": 0}"
single_0.25,coverage3|kmeans_first|lcb=0|fb=kmeans|gap=0.05,64,0.6799927860547932,0.6665175912800017,herding,0.7059333595529326,-0.025940573498139385,-0.021488801766039123,"[-3.30,-1.12]",0.984375,0.0,"{""boundary"": 0, ""herding"": 1, ""kcenter"": 0, ""kmeans"": 63, ""marc"": 0, ""random"": 0}"
single_0.20,representative4|default|lcb=0|fb=herding|gap=0,64,0.6799913956704735,0.666506509187047,herding,0.7059333595529326,-0.025941963882459063,-0.0214901921503588,"[-3.26,-1.17]",0.59375,0.0,"{""boundary"": 0, ""herding"": 49, ""kcenter"": 3, ""kmeans"": 4, ""marc"": 8, ""random"": 0}"
single_0.20,representative4|kmeans_first|lcb=0|fb=herding|gap=0,64,0.6799913956704735,0.666506509187047,herding,0.7059333595529326,-0.025941963882459063,-0.0214901921503588,"[-3.26,-1.17]",0.59375,0.0,"{""boundary"": 0, ""herding"": 49, ""kcenter"": 3, ""kmeans"": 4, ""marc"": 8, ""random"": 0}"
single_0.20,representative4|herding_first|lcb=0|fb=herding|gap=0,64,0.6799913956704735,0.666506509187047,herding,0.7059333595529326,-0.025941963882459063,-0.0214901921503588,"[-3.26,-1.17]",0.59375,0.0,"{""boundary"": 0, ""herding"": 49, ""kcenter"": 3, ""kmeans"": 4, ""marc"": 8, ""random"": 0}"
single_0.20,representative4|marc_first|lcb=0|fb=herding|gap=0,64,0.6799913956704735,0.666506509187047,herding,0.7059333595529326,-0.025941963882459063,-0.0214901921503588,"[-3.26,-1.17]",0.59375,0.0,"{""boundary"": 0, ""herding"": 49, ""kcenter"": 3, ""kmeans"": 4, ""marc"": 8, ""random"": 0}"
single_0.20,centroid3|default|lcb=0|fb=herding|gap=0,64,0.6799831050797414,0.6664908548050908,herding,0.7059333595529326,-0.025950254473191214,-0.021498482741091025,"[-3.27,-1.17]",0.609375,0.0,"{""boundary"": 0, ""herding"": 50, ""kcenter"": 0, ""kmeans"": 5, ""marc"": 9, ""random"": 0}"
single_0.20,centroid3|marc_first|lcb=0|fb=herding|gap=0,64,0.6799831050797414,0.6664908548050908,herding,0.7059333595529326,-0.025950254473191214,-0.021498482741091025,"[-3.27,-1.17]",0.609375,0.0,"{""boundary"": 0, ""herding"": 50, ""kcenter"": 0, ""kmeans"": 5, ""marc"": 9, ""random"": 0}"
single_0.20,centroid3|herding_first|lcb=0|fb=herding|gap=0,64,0.6799831050797414,0.6664908548050908,herding,0.7059333595529326,-0.025950254473191214,-0.021498482741091025,"[-3.27,-1.17]",0.609375,0.0,"{""boundary"": 0, ""herding"": 50, ""kcenter"": 0, ""kmeans"": 5, ""marc"": 9, ""random"": 0}"
single_0.20,centroid3|kmeans_first|lcb=0|fb=herding|gap=0,64,0.6799831050797414,0.6664908548050908,herding,0.7059333595529326,-0.025950254473191214,-0.021498482741091025,"[-3.27,-1.17]",0.609375,0.0,"{""boundary"": 0, ""herding"": 50, ""kcenter"": 0, ""kmeans"": 5, ""marc"": 9, ""random"": 0}"
single_0.25,representative4|default|lcb=0|fb=none|gap=0,64,0.679970632562053,0.6666823166788891,herding,0.7059333595529326,-0.025962726990879537,-0.021510955258779343,"[-3.28,-1.16]",0.0,0.0,"{""boundary"": 0, ""herding"": 38, ""kcenter"": 8, ""kmeans"": 9, ""marc"": 9, ""random"": 0}"
single_0.20,coverage3|marc_first|lcb=0|fb=none|gap=0,64,0.6798933442167941,0.6663497015900808,herding,0.7059333595529326,-0.026040015336138422,-0.0215882436040382,"[-3.29,-1.15]",0.0,0.0,"{""boundary"": 0, ""herding"": 14, ""kcenter"": 7, ""kmeans"": 43, ""marc"": 0, ""random"": 0}"
single_0.20,coverage3|kmeans_first|lcb=0|fb=none|gap=0,64,0.6798933442167941,0.6663497015900808,herding,0.7059333595529326,-0.026040015336138422,-0.0215882436040382,"[-3.29,-1.15]",0.0,0.0,"{""boundary"": 0, ""herding"": 14, ""kcenter"": 7, ""kmeans"": 43, ""marc"": 0, ""random"": 0}"
single_0.25,representative4|default|lcb=0|fb=herding|gap=0.01,64,0.6798673573359024,0.6661607648903487,herding,0.7059333595529326,-0.02606600221703015,-0.02161423048492985,"[-3.29,-1.17]",0.765625,0.0,"{""boundary"": 0, ""herding"": 54, ""kcenter"": 0, ""kmeans"": 4, ""marc"": 6, ""random"": 0}"
single_0.25,representative4|kmeans_first|lcb=0|fb=herding|gap=0.01,64,0.6798673573359024,0.6661607648903487,herding,0.7059333595529326,-0.02606600221703015,-0.02161423048492985,"[-3.29,-1.17]",0.765625,0.0,"{""boundary"": 0, ""herding"": 54, ""kcenter"": 0, ""kmeans"": 4, ""marc"": 6, ""random"": 0}"
single_0.25,centroid3|default|lcb=0|fb=herding|gap=0.01,64,0.6798673573359024,0.6661607648903487,herding,0.7059333595529326,-0.02606600221703015,-0.02161423048492985,"[-3.29,-1.17]",0.765625,0.0,"{""boundary"": 0, ""herding"": 54, ""kcenter"": 0, ""kmeans"": 4, ""marc"": 6, ""random"": 0}"
single_0.25,representative4|herding_first|lcb=0|fb=herding|gap=0.01,64,0.6798673573359024,0.6661607648903487,herding,0.7059333595529326,-0.02606600221703015,-0.02161423048492985,"[-3.29,-1.17]",0.765625,0.0,"{""boundary"": 0, ""herding"": 54, ""kcenter"": 0, ""kmeans"": 4, ""marc"": 6, ""random"": 0}"
single_0.25,centroid3|kmeans_first|lcb=0|fb=herding|gap=0.01,64,0.6798673573359024,0.6661607648903487,herding,0.7059333595529326,-0.02606600221703015,-0.02161423048492985,"[-3.29,-1.17]",0.765625,0.0,"{""boundary"": 0, ""herding"": 54, ""kcenter"": 0, ""kmeans"": 4, ""marc"": 6, ""random"": 0}"
single_0.25,centroid3|marc_first|lcb=0|fb=herding|gap=0.01,64,0.6798673573359024,0.6661607648903487,herding,0.7059333595529326,-0.02606600221703015,-0.02161423048492985,"[-3.29,-1.17]",0.765625,0.0,"{""boundary"": 0, ""herding"": 54, ""kcenter"": 0, ""kmeans"": 4, ""marc"": 6, ""random"": 0}"
single_0.25,representative4|marc_first|lcb=0|fb=herding|gap=0.01,64,0.6798673573359024,0.6661607648903487,herding,0.7059333595529326,-0.02606600221703015,-0.02161423048492985,"[-3.29,-1.17]",0.765625,0.0,"{""boundary"": 0, ""herding"": 54, ""kcenter"": 0, ""kmeans"": 4, ""marc"": 6, ""random"": 0}"
single_0.25,centroid3|herding_first|lcb=0|fb=herding|gap=0.01,64,0.6798673573359024,0.6661607648903487,herding,0.7059333595529326,-0.02606600221703015,-0.02161423048492985,"[-3.29,-1.17]",0.765625,0.0,"{""boundary"": 0, ""herding"": 54, ""kcenter"": 0, ""kmeans"": 4, ""marc"": 6, ""random"": 0}"
single_0.20,centroid3|default|lcb=0|fb=herding|gap=0.02,64,0.6798216702013995,0.6660661264610335,herding,0.7059333595529326,-0.026111689351533074,-0.021659917619432777,"[-3.29,-1.18]",0.859375,0.0,"{""boundary"": 0, ""herding"": 59, ""kcenter"": 0, ""kmeans"": 2, ""marc"": 3, ""random"": 0}"
single_0.20,representative4|herding_first|lcb=0|fb=herding|gap=0.02,64,0.6798216702013995,0.6660661264610335,herding,0.7059333595529326,-0.026111689351533074,-0.021659917619432777,"[-3.29,-1.18]",0.859375,0.0,"{""boundary"": 0, ""herding"": 59, ""kcenter"": 0, ""kmeans"": 2, ""marc"": 3, ""random"": 0}"
single_0.20,representative4|kmeans_first|lcb=0|fb=herding|gap=0.02,64,0.6798216702013995,0.6660661264610335,herding,0.7059333595529326,-0.026111689351533074,-0.021659917619432777,"[-3.29,-1.18]",0.859375,0.0,"{""boundary"": 0, ""herding"": 59, ""kcenter"": 0, ""kmeans"": 2, ""marc"": 3, ""random"": 0}"
single_0.20,centroid3|marc_first|lcb=0|fb=herding|gap=0.02,64,0.6798216702013995,0.6660661264610335,herding,0.7059333595529326,-0.026111689351533074,-0.021659917619432777,"[-3.29,-1.18]",0.859375,0.0,"{""boundary"": 0, ""herding"": 59, ""kcenter"": 0, ""kmeans"": 2, ""marc"": 3, ""random"": 0}"
single_0.20,representative4|marc_first|lcb=0|fb=herding|gap=0.02,64,0.6798216702013995,0.6660661264610335,herding,0.7059333595529326,-0.026111689351533074,-0.021659917619432777,"[-3.29,-1.18]",0.859375,0.0,"{""boundary"": 0, ""herding"": 59, ""kcenter"": 0, ""kmeans"": 2, ""marc"": 3, ""random"": 0}"
single_0.20,centroid3|kmeans_first|lcb=0|fb=herding|gap=0.02,64,0.6798216702013995,0.6660661264610335,herding,0.7059333595529326,-0.026111689351533074,-0.021659917619432777,"[-3.29,-1.18]",0.859375,0.0,"{""boundary"": 0, ""herding"": 59, ""kcenter"": 0, ""kmeans"": 2, ""marc"": 3, ""random"": 0}"
single_0.20,representative4|default|lcb=0|fb=herding|gap=0.02,64,0.6798216702013995,0.6660661264610335,herding,0.7059333595529326,-0.026111689351533074,-0.021659917619432777,"[-3.29,-1.18]",0.859375,0.0,"{""boundary"": 0, ""herding"": 59, ""kcenter"": 0, ""kmeans"": 2, ""marc"": 3, ""random"": 0}"
single_0.20,centroid3|herding_first|lcb=0|fb=herding|gap=0.02,64,0.6798216702013995,0.6660661264610335,herding,0.7059333595529326,-0.026111689351533074,-0.021659917619432777,"[-3.29,-1.18]",0.859375,0.0,"{""boundary"": 0, ""herding"": 59, ""kcenter"": 0, ""kmeans"": 2, ""marc"": 3, ""random"": 0}"
single_0.25,centroid3|herding_first|lcb=0|fb=herding|gap=0.05,64,0.679812532774499,0.6659264751500005,herding,0.7059333595529326,-0.026120826778433526,-0.021669055046333357,"[-3.30,-1.18]",0.984375,0.0,"{""boundary"": 0, ""herding"": 63, ""kcenter"": 0, ""kmeans"": 0, ""marc"": 1, ""random"": 0}"
single_0.25,representative4|marc_first|lcb=0|fb=herding|gap=0.05,64,0.679812532774499,0.6659264751500005,herding,0.7059333595529326,-0.026120826778433526,-0.021669055046333357,"[-3.30,-1.18]",0.984375,0.0,"{""boundary"": 0, ""herding"": 63, ""kcenter"": 0, ""kmeans"": 0, ""marc"": 1, ""random"": 0}"
single_0.25,centroid3|kmeans_first|lcb=0|fb=herding|gap=0.05,64,0.679812532774499,0.6659264751500005,herding,0.7059333595529326,-0.026120826778433526,-0.021669055046333357,"[-3.30,-1.18]",0.984375,0.0,"{""boundary"": 0, ""herding"": 63, ""kcenter"": 0, ""kmeans"": 0, ""marc"": 1, ""random"": 0}"
single_0.25,no_random|default|lcb=0|fb=herding|gap=0.05,64,0.679812532774499,0.6659264751500005,herding,0.7059333595529326,-0.026120826778433526,-0.021669055046333357,"[-3.30,-1.18]",0.984375,0.007571207177028864,"{""boundary"": 0, ""herding"": 63, ""kcenter"": 0, ""kmeans"": 0, ""marc"": 1, ""random"": 0}"
single_0.25,representative4|kmeans_first|lcb=0|fb=herding|gap=0.05,64,0.679812532774499,0.6659264751500005,herding,0.7059333595529326,-0.026120826778433526,-0.021669055046333357,"[-3.30,-1.18]",0.984375,0.0,"{""boundary"": 0, ""herding"": 63, ""kcenter"": 0, ""kmeans"": 0, ""marc"": 1, ""random"": 0}"
single_0.25,no_random|herding_first|lcb=0|fb=herding|gap=0.05,64,0.679812532774499,0.6659264751500005,herding,0.7059333595529326,-0.026120826778433526,-0.021669055046333357,"[-3.30,-1.18]",0.984375,0.007571207177028864,"{""boundary"": 0, ""herding"": 63, ""kcenter"": 0, ""kmeans"": 0, ""marc"": 1, ""random"": 0}"
single_0.25,representative4|herding_first|lcb=0|fb=herding|gap=0.05,64,0.679812532774499,0.6659264751500005,herding,0.7059333595529326,-0.026120826778433526,-0.021669055046333357,"[-3.30,-1.18]",0.984375,0.0,"{""boundary"": 0, ""herding"": 63, ""kcenter"": 0, ""kmeans"": 0, ""marc"": 1, ""random"": 0}"
single_0.25,centroid3|default|lcb=0|fb=herding|gap=0.05,64,0.679812532774499,0.6659264751500005,herding,0.7059333595529326,-0.026120826778433526,-0.021669055046333357,"[-3.30,-1.18]",0.984375,0.0,"{""boundary"": 0, ""herding"": 63, ""kcenter"": 0, ""kmeans"": 0, ""marc"": 1, ""random"": 0}"
single_0.25,representative4|default|lcb=0|fb=herding|gap=0.05,64,0.679812532774499,0.6659264751500005,herding,0.7059333595529326,-0.026120826778433526,-0.021669055046333357,"[-3.30,-1.18]",0.984375,0.0,"{""boundary"": 0, ""herding"": 63, ""kcenter"": 0, ""kmeans"": 0, ""marc"": 1, ""random"": 0}"
single_0.25,no_random|kmeans_first|lcb=0|fb=herding|gap=0.05,64,0.679812532774499,0.6659264751500005,herding,0.7059333595529326,-0.026120826778433526,-0.021669055046333357,"[-3.30,-1.18]",0.984375,0.007571207177028864,"{""boundary"": 0, ""herding"": 63, ""kcenter"": 0, ""kmeans"": 0, ""marc"": 1, ""random"": 0}"
single_0.25,no_random|marc_first|lcb=0|fb=herding|gap=0.05,64,0.679812532774499,0.6659264751500005,herding,0.7059333595529326,-0.026120826778433526,-0.021669055046333357,"[-3.30,-1.18]",0.984375,0.007571207177028864,"{""boundary"": 0, ""herding"": 63, ""kcenter"": 0, ""kmeans"": 0, ""marc"": 1, ""random"": 0}"
single_0.25,centroid3|marc_first|lcb=0|fb=herding|gap=0.05,64,0.679812532774499,0.6659264751500005,herding,0.7059333595529326,-0.026120826778433526,-0.021669055046333357,"[-3.30,-1.18]",0.984375,0.0,"{""boundary"": 0, ""herding"": 63, ""kcenter"": 0, ""kmeans"": 0, ""marc"": 1, ""random"": 0}"
single_0.25,centroid3|default|lcb=0|fb=kmeans|gap=0.02,64,0.6798100375167815,0.6663836137258068,herding,0.7059333595529326,-0.026123322036151087,-0.021671550304050824,"[-3.31,-1.16]",0.84375,0.0,"{""boundary"": 0, ""herding"": 3, ""kcenter"": 0, ""kmeans"": 56, ""marc"": 5, ""random"": 0}"
single_0.25,centroid3|herding_first|lcb=0|fb=kmeans|gap=0.02,64,0.6798100375167815,0.6663836137258068,herding,0.7059333595529326,-0.026123322036151087,-0.021671550304050824,"[-3.31,-1.16]",0.84375,0.0,"{""boundary"": 0, ""herding"": 3, ""kcenter"": 0, ""kmeans"": 56, ""marc"": 5, ""random"": 0}"
single_0.25,centroid3|kmeans_first|lcb=0|fb=kmeans|gap=0.02,64,0.6798100375167815,0.6663836137258068,herding,0.7059333595529326,-0.026123322036151087,-0.021671550304050824,"[-3.31,-1.16]",0.84375,0.0,"{""boundary"": 0, ""herding"": 3, ""kcenter"": 0, ""kmeans"": 56, ""marc"": 5, ""random"": 0}"
single_0.25,centroid3|marc_first|lcb=0|fb=kmeans|gap=0.02,64,0.6798100375167815,0.6663836137258068,herding,0.7059333595529326,-0.026123322036151087,-0.021671550304050824,"[-3.31,-1.16]",0.84375,0.0,"{""boundary"": 0, ""herding"": 3, ""kcenter"": 0, ""kmeans"": 56, ""marc"": 5, ""random"": 0}"
single_0.10,coverage3|default|lcb=0|fb=kmeans|gap=0.05,64,0.6797613045733117,0.6663270612291082,herding,0.7059333595529326,-0.02617205497962083,-0.0217202832475206,"[-3.34,-1.13]",0.859375,0.0,"{""boundary"": 0, ""herding"": 3, ""kcenter"": 1, ""kmeans"": 60, ""marc"": 0, ""random"": 0}"
single_0.10,representative4|default|lcb=0|fb=kmeans|gap=0.05,64,0.6797613045733117,0.6663270612291082,herding,0.7059333595529326,-0.02617205497962083,-0.0217202832475206,"[-3.34,-1.13]",0.875,0.0,"{""boundary"": 0, ""herding"": 3, ""kcenter"": 1, ""kmeans"": 59, ""marc"": 1, ""random"": 0}"
single_0.10,no_random|default|lcb=0|fb=kmeans|gap=0.05,64,0.6797613045733117,0.6663270612291082,herding,0.7059333595529326,-0.02617205497962083,-0.0217202832475206,"[-3.34,-1.13]",0.875,0.00984848484848485,"{""boundary"": 0, ""herding"": 3, ""kcenter"": 1, ""kmeans"": 59, ""marc"": 1, ""random"": 0}"
single_0.10,representative4|kmeans_first|lcb=0|fb=kmeans|gap=0.05,64,0.6797613045733117,0.6663270612291082,herding,0.7059333595529326,-0.02617205497962083,-0.0217202832475206,"[-3.34,-1.13]",0.875,0.0,"{""boundary"": 0, ""herding"": 3, ""kcenter"": 1, ""kmeans"": 59, ""marc"": 1, ""random"": 0}"
single_0.10,representative4|herding_first|lcb=0|fb=kmeans|gap=0.05,64,0.6797613045733117,0.6663270612291082,herding,0.7059333595529326,-0.02617205497962083,-0.0217202832475206,"[-3.34,-1.13]",0.875,0.0,"{""boundary"": 0, ""herding"": 3, ""kcenter"": 1, ""kmeans"": 59, ""marc"": 1, ""random"": 0}"
single_0.10,coverage3|marc_first|lcb=0|fb=kmeans|gap=0.05,64,0.6797613045733117,0.6663270612291082,herding,0.7059333595529326,-0.02617205497962083,-0.0217202832475206,"[-3.34,-1.13]",0.859375,0.0,"{""boundary"": 0, ""herding"": 3, ""kcenter"": 1, ""kmeans"": 60, ""marc"": 0, ""random"": 0}"
single_0.10,coverage3|kmeans_first|lcb=0|fb=kmeans|gap=0.05,64,0.6797613045733117,0.6663270612291082,herding,0.7059333595529326,-0.02617205497962083,-0.0217202832475206,"[-3.34,-1.13]",0.859375,0.0,"{""boundary"": 0, ""herding"": 3, ""kcenter"": 1, ""kmeans"": 60, ""marc"": 0, ""random"": 0}"
single_0.10,no_random|marc_first|lcb=0|fb=kmeans|gap=0.05,64,0.6797613045733117,0.6663270612291082,herding,0.7059333595529326,-0.02617205497962083,-0.0217202832475206,"[-3.34,-1.13]",0.875,0.00984848484848485,"{""boundary"": 0, ""herding"": 3, ""kcenter"": 1, ""kmeans"": 59, ""marc"": 1, ""random"": 0}"
single_0.10,coverage3|herding_first|lcb=0|fb=kmeans|gap=0.05,64,0.6797613045733117,0.6663270612291082,herding,0.7059333595529326,-0.02617205497962083,-0.0217202832475206,"[-3.34,-1.13]",0.859375,0.0,"{""boundary"": 0, ""herding"": 3, ""kcenter"": 1, ""kmeans"": 60, ""marc"": 0, ""random"": 0}"
single_0.10,representative4|marc_first|lcb=0|fb=kmeans|gap=0.05,64,0.6797613045733117,0.6663270612291082,herding,0.7059333595529326,-0.02617205497962083,-0.0217202832475206,"[-3.34,-1.13]",0.875,0.0,"{""boundary"": 0, ""herding"": 3, ""kcenter"": 1, ""kmeans"": 59, ""marc"": 1, ""random"": 0}"
single_0.10,no_random|kmeans_first|lcb=0|fb=kmeans|gap=0.05,64,0.6797613045733117,0.6663270612291082,herding,0.7059333595529326,-0.02617205497962083,-0.0217202832475206,"[-3.34,-1.13]",0.875,0.00984848484848485,"{""boundary"": 0, ""herding"": 3, ""kcenter"": 1, ""kmeans"": 59, ""marc"": 1, ""random"": 0}"
single_0.10,no_random|herding_first|lcb=0|fb=kmeans|gap=0.05,64,0.6797613045733117,0.6663270612291082,herding,0.7059333595529326,-0.02617205497962083,-0.0217202832475206,"[-3.34,-1.13]",0.875,0.00984848484848485,"{""boundary"": 0, ""herding"": 3, ""kcenter"": 1, ""kmeans"": 59, ""marc"": 1, ""random"": 0}"
single_0.33,representative4|default|lcb=0|fb=kmeans|gap=0.05,64,0.6797034342029413,0.6662140440500565,herding,0.7059333595529326,-0.026229925349991245,-0.021778153617890976,"[-3.33,-1.15]",1.0,0.0,"{""boundary"": 0, ""herding"": 0, ""kcenter"": 0, ""kmeans"": 64, ""marc"": 0, ""random"": 0}"
single_0.33,no_random|marc_first|lcb=0|fb=kmeans|gap=0.05,64,0.6797034342029413,0.6662140440500565,herding,0.7059333595529326,-0.026229925349991245,-0.021778153617890976,"[-3.33,-1.15]",1.0,0.0059697804874654405,"{""boundary"": 0, ""herding"": 0, ""kcenter"": 0, ""kmeans"": 64, ""marc"": 0, ""random"": 0}"
single_0.33,no_random|default|lcb=0|fb=kmeans|gap=0.05,64,0.6797034342029413,0.6662140440500565,herding,0.7059333595529326,-0.026229925349991245,-0.021778153617890976,"[-3.33,-1.15]",1.0,0.0059697804874654405,"{""boundary"": 0, ""herding"": 0, ""kcenter"": 0, ""kmeans"": 64, ""marc"": 0, ""random"": 0}"
single_0.33,representative4|marc_first|lcb=0|fb=kmeans|gap=0.05,64,0.6797034342029413,0.6662140440500565,herding,0.7059333595529326,-0.026229925349991245,-0.021778153617890976,"[-3.33,-1.15]",1.0,0.0,"{""boundary"": 0, ""herding"": 0, ""kcenter"": 0, ""kmeans"": 64, ""marc"": 0, ""random"": 0}"
single_0.33,no_random|kmeans_first|lcb=0|fb=kmeans|gap=0.05,64,0.6797034342029413,0.6662140440500565,herding,0.7059333595529326,-0.026229925349991245,-0.021778153617890976,"[-3.33,-1.15]",1.0,0.0059697804874654405,"{""boundary"": 0, ""herding"": 0, ""kcenter"": 0, ""kmeans"": 64, ""marc"": 0, ""random"": 0}"
single_0.33,centroid3|marc_first|lcb=0|fb=kmeans|gap=0.05,64,0.6797034342029413,0.6662140440500565,herding,0.7059333595529326,-0.026229925349991245,-0.021778153617890976,"[-3.33,-1.15]",1.0,0.0,"{""boundary"": 0, ""herding"": 0, ""kcenter"": 0, ""kmeans"": 64, ""marc"": 0, ""random"": 0}"
single_0.33,representative4|herding_first|lcb=0|fb=kmeans|gap=0.05,64,0.6797034342029413,0.6662140440500565,herding,0.7059333595529326,-0.026229925349991245,-0.021778153617890976,"[-3.33,-1.15]",1.0,0.0,"{""boundary"": 0, ""herding"": 0, ""kcenter"": 0, ""kmeans"": 64, ""marc"": 0, ""random"": 0}"
single_0.33,representative4|kmeans_first|lcb=0|fb=kmeans|gap=0.05,64,0.6797034342029413,0.6662140440500565,herding,0.7059333595529326,-0.026229925349991245,-0.021778153617890976,"[-3.33,-1.15]",1.0,0.0,"{""boundary"": 0, ""herding"": 0, ""kcenter"": 0, ""kmeans"": 64, ""marc"": 0, ""random"": 0}"
single_0.33,no_random|herding_first|lcb=0|fb=kmeans|gap=0.05,64,0.6797034342029413,0.6662140440500565,herding,0.7059333595529326,-0.026229925349991245,-0.021778153617890976,"[-3.33,-1.15]",1.0,0.0059697804874654405,"{""boundary"": 0, ""herding"": 0, ""kcenter"": 0, ""kmeans"": 64, ""marc"": 0, ""random"": 0}"
single_0.33,centroid3|kmeans_first|lcb=0|fb=kmeans|gap=0.05,64,0.6797034342029413,0.6662140440500565,herding,0.7059333595529326,-0.026229925349991245,-0.021778153617890976,"[-3.33,-1.15]",1.0,0.0,"{""boundary"": 0, ""herding"": 0, ""kcenter"": 0, ""kmeans"": 64, ""marc"": 0, ""random"": 0}"
single_0.33,centroid3|default|lcb=0|fb=kmeans|gap=0.05,64,0.6797034342029413,0.6662140440500565,herding,0.7059333595529326,-0.026229925349991245,-0.021778153617890976,"[-3.33,-1.15]",1.0,0.0,"{""boundary"": 0, ""herding"": 0, ""kcenter"": 0, ""kmeans"": 64, ""marc"": 0, ""random"": 0}"
single_0.33,centroid3|herding_first|lcb=0|fb=kmeans|gap=0.05,64,0.6797034342029413,0.6662140440500565,herding,0.7059333595529326,-0.026229925349991245,-0.021778153617890976,"[-3.33,-1.15]",1.0,0.0,"{""boundary"": 0, ""herding"": 0, ""kcenter"": 0, ""kmeans"": 64, ""marc"": 0, ""random"": 0}"
single_0.20,representative4|marc_first|lcb=0|fb=kmeans|gap=0.05,64,0.6797034342029413,0.6662140440500565,herding,0.7059333595529326,-0.026229925349991245,-0.021778153617890976,"[-3.33,-1.15]",0.984375,0.0,"{""boundary"": 0, ""herding"": 0, ""kcenter"": 0, ""kmeans"": 63, ""marc"": 1, ""random"": 0}"
single_0.20,no_random|default|lcb=0|fb=kmeans|gap=0.05,64,0.6797034342029413,0.6662140440500565,herding,0.7059333595529326,-0.026229925349991245,-0.021778153617890976,"[-3.33,-1.15]",0.984375,0.001984126984126977,"{""boundary"": 0, ""herding"": 0, ""kcenter"": 0, ""kmeans"": 63, ""marc"": 1, ""random"": 0}"
single_0.20,representative4|default|lcb=0|fb=kmeans|gap=0.05,64,0.6797034342029413,0.6662140440500565,herding,0.7059333595529326,-0.026229925349991245,-0.021778153617890976,"[-3.33,-1.15]",0.984375,0.0,"{""boundary"": 0, ""herding"": 0, ""kcenter"": 0, ""kmeans"": 63, ""marc"": 1, ""random"": 0}"
single_0.20,no_random|marc_first|lcb=0|fb=kmeans|gap=0.05,64,0.6797034342029413,0.6662140440500565,herding,0.7059333595529326,-0.026229925349991245,-0.021778153617890976,"[-3.33,-1.15]",0.984375,0.001984126984126977,"{""boundary"": 0, ""herding"": 0, ""kcenter"": 0, ""kmeans"": 63, ""marc"": 1, ""random"": 0}"
single_0.20,no_random|kmeans_first|lcb=0|fb=kmeans|gap=0.05,64,0.6797034342029413,0.6662140440500565,herding,0.7059333595529326,-0.026229925349991245,-0.021778153617890976,"[-3.33,-1.15]",0.984375,0.001984126984126977,"{""boundary"": 0, ""herding"": 0, ""kcenter"": 0, ""kmeans"": 63, ""marc"": 1, ""random"": 0}"
single_0.20,centroid3|kmeans_first|lcb=0|fb=kmeans|gap=0.05,64,0.6797034342029413,0.6662140440500565,herding,0.7059333595529326,-0.026229925349991245,-0.021778153617890976,"[-3.33,-1.15]",0.984375,0.0,"{""boundary"": 0, ""herding"": 0, ""kcenter"": 0, ""kmeans"": 63, ""marc"": 1, ""random"": 0}"
single_0.20,representative4|herding_first|lcb=0|fb=kmeans|gap=0.05,64,0.6797034342029413,0.6662140440500565,herding,0.7059333595529326,-0.026229925349991245,-0.021778153617890976,"[-3.33,-1.15]",0.984375,0.0,"{""boundary"": 0, ""herding"": 0, ""kcenter"": 0, ""kmeans"": 63, ""marc"": 1, ""random"": 0}"
single_0.20,centroid3|marc_first|lcb=0|fb=kmeans|gap=0.05,64,0.6797034342029413,0.6662140440500565,herding,0.7059333595529326,-0.026229925349991245,-0.021778153617890976,"[-3.33,-1.15]",0.984375,0.0,"{""boundary"": 0, ""herding"": 0, ""kcenter"": 0, ""kmeans"": 63, ""marc"": 1, ""random"": 0}"
single_0.20,centroid3|default|lcb=0|fb=kmeans|gap=0.05,64,0.6797034342029413,0.6662140440500565,herding,0.7059333595529326,-0.026229925349991245,-0.021778153617890976,"[-3.33,-1.15]",0.984375,0.0,"{""boundary"": 0, ""herding"": 0, ""kcenter"": 0, ""kmeans"": 63, ""marc"": 1, ""random"": 0}"
single_0.20,no_random|herding_first|lcb=0|fb=kmeans|gap=0.05,64,0.6797034342029413,0.6662140440500565,herding,0.7059333595529326,-0.026229925349991245,-0.021778153617890976,"[-3.33,-1.15]",0.984375,0.001984126984126977,"{""boundary"": 0, ""herding"": 0, ""kcenter"": 0, ""kmeans"": 63, ""marc"": 1, ""random"": 0}"
single_0.20,representative4|kmeans_first|lcb=0|fb=kmeans|gap=0.05,64,0.6797034342029413,0.6662140440500565,herding,0.7059333595529326,-0.026229925349991245,-0.021778153617890976,"[-3.33,-1.15]",0.984375,0.0,"{""boundary"": 0, ""herding"": 0, ""kcenter"": 0, ""kmeans"": 63, ""marc"": 1, ""random"": 0}"
single_0.20,centroid3|herding_first|lcb=0|fb=kmeans|gap=0.05,64,0.6797034342029413,0.6662140440500565,herding,0.7059333595529326,-0.026229925349991245,-0.021778153617890976,"[-3.33,-1.15]",0.984375,0.0,"{""boundary"": 0, ""herding"": 0, ""kcenter"": 0, ""kmeans"": 63, ""marc"": 1, ""random"": 0}"
single_0.25,representative4|marc_first|lcb=0|fb=herding|gap=0.005,64,0.6796891775113411,0.6660686086444148,herding,0.7059333595529326,-0.026244182041591513,-0.021792410309491257,"[-3.31,-1.18]",0.71875,0.0,"{""boundary"": 0, ""herding"": 51, ""kcenter"": 0, ""kmeans"": 5, ""marc"": 8, ""random"": 0}"
single_0.25,centroid3|marc_first|lcb=0|fb=herding|gap=0.005,64,0.6796891775113411,0.6660686086444148,herding,0.7059333595529326,-0.026244182041591513,-0.021792410309491257,"[-3.31,-1.18]",0.71875,0.0,"{""boundary"": 0, ""herding"": 51, ""kcenter"": 0, ""kmeans"": 5, ""marc"": 8, ""random"": 0}"
single_0.25,centroid3|herding_first|lcb=0|fb=herding|gap=0.005,64,0.6796891775113411,0.6660686086444148,herding,0.7059333595529326,-0.026244182041591513,-0.021792410309491257,"[-3.31,-1.18]",0.71875,0.0,"{""boundary"": 0, ""herding"": 51, ""kcenter"": 0, ""kmeans"": 5, ""marc"": 8, ""random"": 0}"
single_0.25,representative4|default|lcb=0|fb=herding|gap=0.005,64,0.6796891775113411,0.6660686086444148,herding,0.7059333595529326,-0.026244182041591513,-0.021792410309491257,"[-3.31,-1.18]",0.71875,0.0,"{""boundary"": 0, ""herding"": 51, ""kcenter"": 0, ""kmeans"": 5, ""marc"": 8, ""random"": 0}"
single_0.25,centroid3|default|lcb=0|fb=herding|gap=0.005,64,0.6796891775113411,0.6660686086444148,herding,0.7059333595529326,-0.026244182041591513,-0.021792410309491257,"[-3.31,-1.18]",0.71875,0.0,"{""boundary"": 0, ""herding"": 51, ""kcenter"": 0, ""kmeans"": 5, ""marc"": 8, ""random"": 0}"
single_0.25,representative4|herding_first|lcb=0|fb=herding|gap=0.005,64,0.6796891775113411,0.6660686086444148,herding,0.7059333595529326,-0.026244182041591513,-0.021792410309491257,"[-3.31,-1.18]",0.71875,0.0,"{""boundary"": 0, ""herding"": 51, ""kcenter"": 0, ""kmeans"": 5, ""marc"": 8, ""random"": 0}"
single_0.25,representative4|kmeans_first|lcb=0|fb=herding|gap=0.005,64,0.6796891775113411,0.6660686086444148,herding,0.7059333595529326,-0.026244182041591513,-0.021792410309491257,"[-3.31,-1.18]",0.71875,0.0,"{""boundary"": 0, ""herding"": 51, ""kcenter"": 0, ""kmeans"": 5, ""marc"": 8, ""random"": 0}"
single_0.25,centroid3|kmeans_first|lcb=0|fb=herding|gap=0.005,64,0.6796891775113411,0.6660686086444148,herding,0.7059333595529326,-0.026244182041591513,-0.021792410309491257,"[-3.31,-1.18]",0.71875,0.0,"{""boundary"": 0, ""herding"": 51, ""kcenter"": 0, ""kmeans"": 5, ""marc"": 8, ""random"": 0}"
single_0.20,centroid3|marc_first|lcb=0|fb=kmeans|gap=0,64,0.679673369902865,0.6662257567657018,herding,0.7059333595529326,-0.026259989650067594,-0.0218082179179673,"[-3.30,-1.18]",0.609375,0.0,"{""boundary"": 0, ""herding"": 11, ""kcenter"": 0, ""kmeans"": 44, ""marc"": 9, ""random"": 0}"
single_0.20,centroid3|herding_first|lcb=0|fb=kmeans|gap=0,64,0.679673369902865,0.6662257567657018,herding,0.7059333595529326,-0.026259989650067594,-0.0218082179179673,"[-3.30,-1.18]",0.609375,0.0,"{""boundary"": 0, ""herding"": 11, ""kcenter"": 0, ""kmeans"": 44, ""marc"": 9, ""random"": 0}"
single_0.20,centroid3|default|lcb=0|fb=kmeans|gap=0,64,0.679673369902865,0.6662257567657018,herding,0.7059333595529326,-0.026259989650067594,-0.0218082179179673,"[-3.30,-1.18]",0.609375,0.0,"{""boundary"": 0, ""herding"": 11, ""kcenter"": 0, ""kmeans"": 44, ""marc"": 9, ""random"": 0}"
single_0.20,centroid3|kmeans_first|lcb=0|fb=kmeans|gap=0,64,0.679673369902865,0.6662257567657018,herding,0.7059333595529326,-0.026259989650067594,-0.0218082179179673,"[-3.30,-1.18]",0.609375,0.0,"{""boundary"": 0, ""herding"": 11, ""kcenter"": 0, ""kmeans"": 44, ""marc"": 9, ""random"": 0}"
single_0.20,representative4|default|lcb=0|fb=kmeans|gap=0,64,0.6796512616609125,0.6661858479142921,herding,0.7059333595529326,-0.026282097892020073,-0.0218303261599199,"[-3.31,-1.18]",0.59375,0.0,"{""boundary"": 0, ""herding"": 11, ""kcenter"": 3, ""kmeans"": 42, ""marc"": 8, ""random"": 0}"
single_0.20,representative4|herding_first|lcb=0|fb=kmeans|gap=0,64,0.6796512616609125,0.6661858479142921,herding,0.7059333595529326,-0.026282097892020073,-0.0218303261599199,"[-3.31,-1.18]",0.59375,0.0,"{""boundary"": 0, ""herding"": 11, ""kcenter"": 3, ""kmeans"": 42, ""marc"": 8, ""random"": 0}"
single_0.20,representative4|kmeans_first|lcb=0|fb=kmeans|gap=0,64,0.6796512616609125,0.6661858479142921,herding,0.7059333595529326,-0.026282097892020073,-0.0218303261599199,"[-3.31,-1.18]",0.59375,0.0,"{""boundary"": 0, ""herding"": 11, ""kcenter"": 3, ""kmeans"": 42, ""marc"": 8, ""random"": 0}"
single_0.20,representative4|marc_first|lcb=0|fb=kmeans|gap=0,64,0.6796512616609125,0.6661858479142921,herding,0.7059333595529326,-0.026282097892020073,-0.0218303261599199,"[-3.31,-1.18]",0.59375,0.0,"{""boundary"": 0, ""herding"": 11, ""kcenter"": 3, ""kmeans"": 42, ""marc"": 8, ""random"": 0}"
single_0.10,centroid3|default|lcb=0|fb=kmeans|gap=0.005,64,0.6796470867370544,0.6661521170268307,herding,0.7059333595529326,-0.026286272815878142,-0.021834501083777907,"[-3.33,-1.15]",0.703125,0.0,"{""boundary"": 0, ""herding"": 9, ""kcenter"": 0, ""kmeans"": 53, ""marc"": 2, ""random"": 0}"
single_0.10,centroid3|kmeans_first|lcb=0|fb=kmeans|gap=0.005,64,0.6796470867370544,0.6661521170268307,herding,0.7059333595529326,-0.026286272815878142,-0.021834501083777907,"[-3.33,-1.15]",0.703125,0.0,"{""boundary"": 0, ""herding"": 9, ""kcenter"": 0, ""kmeans"": 53, ""marc"": 2, ""random"": 0}"
single_0.10,centroid3|herding_first|lcb=0|fb=kmeans|gap=0.005,64,0.6796470867370544,0.6661521170268307,herding,0.7059333595529326,-0.026286272815878142,-0.021834501083777907,"[-3.33,-1.15]",0.703125,0.0,"{""boundary"": 0, ""herding"": 9, ""kcenter"": 0, ""kmeans"": 53, ""marc"": 2, ""random"": 0}"
single_0.10,centroid3|marc_first|lcb=0|fb=kmeans|gap=0.005,64,0.6796470867370544,0.6661521170268307,herding,0.7059333595529326,-0.026286272815878142,-0.021834501083777907,"[-3.33,-1.15]",0.703125,0.0,"{""boundary"": 0, ""herding"": 9, ""kcenter"": 0, ""kmeans"": 53, ""marc"": 2, ""random"": 0}"
single_0.20,representative4|marc_first|lcb=0|fb=kmeans|gap=0.005,64,0.6796044454115183,0.6661726997281547,herding,0.7059333595529326,-0.02632891414141425,-0.021877142409313974,"[-3.31,-1.19]",0.765625,0.0,"{""boundary"": 0, ""herding"": 5, ""kcenter"": 0, ""kmeans"": 53, ""marc"": 6, ""random"": 0}"
single_0.20,centroid3|marc_first|lcb=0|fb=kmeans|gap=0.01,64,0.6796044454115183,0.6661726997281547,herding,0.7059333595529326,-0.02632891414141425,-0.021877142409313974,"[-3.31,-1.19]",0.765625,0.0,"{""boundary"": 0, ""herding"": 5, ""kcenter"": 0, ""kmeans"": 53, ""marc"": 6, ""random"": 0}"
single_0.20,centroid3|herding_first|lcb=0|fb=kmeans|gap=0.01,64,0.6796044454115183,0.6661726997281547,herding,0.7059333595529326,-0.02632891414141425,-0.021877142409313974,"[-3.31,-1.19]",0.765625,0.0,"{""boundary"": 0, ""herding"": 5, ""kcenter"": 0, ""kmeans"": 53, ""marc"": 6, ""random"": 0}"
single_0.20,representative4|default|lcb=0|fb=kmeans|gap=0.005,64,0.6796044454115183,0.6661726997281547,herding,0.7059333595529326,-0.02632891414141425,-0.021877142409313974,"[-3.31,-1.19]",0.765625,0.0,"{""boundary"": 0, ""herding"": 5, ""kcenter"": 0, ""kmeans"": 53, ""marc"": 6, ""random"": 0}"
single_0.20,representative4|default|lcb=0|fb=kmeans|gap=0.01,64,0.6796044454115183,0.6661726997281547,herding,0.7059333595529326,-0.02632891414141425,-0.021877142409313974,"[-3.31,-1.19]",0.765625,0.0,"{""boundary"": 0, ""herding"": 5, ""kcenter"": 0, ""kmeans"": 53, ""marc"": 6, ""random"": 0}"
single_0.20,centroid3|marc_first|lcb=0|fb=kmeans|gap=0.005,64,0.6796044454115183,0.6661726997281547,herding,0.7059333595529326,-0.02632891414141425,-0.021877142409313974,"[-3.31,-1.19]",0.765625,0.0,"{""boundary"": 0, ""herding"": 5, ""kcenter"": 0, ""kmeans"": 53, ""marc"": 6, ""random"": 0}"
single_0.20,representative4|kmeans_first|lcb=0|fb=kmeans|gap=0.005,64,0.6796044454115183,0.6661726997281547,herding,0.7059333595529326,-0.02632891414141425,-0.021877142409313974,"[-3.31,-1.19]",0.765625,0.0,"{""boundary"": 0, ""herding"": 5, ""kcenter"": 0, ""kmeans"": 53, ""marc"": 6, ""random"": 0}"
single_0.20,centroid3|herding_first|lcb=0|fb=kmeans|gap=0.005,64,0.6796044454115183,0.6661726997281547,herding,0.7059333595529326,-0.02632891414141425,-0.021877142409313974,"[-3.31,-1.19]",0.765625,0.0,"{""boundary"": 0, ""herding"": 5, ""kcenter"": 0, ""kmeans"": 53, ""marc"": 6, ""random"": 0}"
single_0.20,centroid3|kmeans_first|lcb=0|fb=kmeans|gap=0.005,64,0.6796044454115183,0.6661726997281547,herding,0.7059333595529326,-0.02632891414141425,-0.021877142409313974,"[-3.31,-1.19]",0.765625,0.0,"{""boundary"": 0, ""herding"": 5, ""kcenter"": 0, ""kmeans"": 53, ""marc"": 6, ""random"": 0}"
single_0.20,centroid3|kmeans_first|lcb=0|fb=kmeans|gap=0.01,64,0.6796044454115183,0.6661726997281547,herding,0.7059333595529326,-0.02632891414141425,-0.021877142409313974,"[-3.31,-1.19]",0.765625,0.0,"{""boundary"": 0, ""herding"": 5, ""kcenter"": 0, ""kmeans"": 53, ""marc"": 6, ""random"": 0}"
single_0.20,representative4|herding_first|lcb=0|fb=kmeans|gap=0.005,64,0.6796044454115183,0.6661726997281547,herding,0.7059333595529326,-0.02632891414141425,-0.021877142409313974,"[-3.31,-1.19]",0.765625,0.0,"{""boundary"": 0, ""herding"": 5, ""kcenter"": 0, ""kmeans"": 53, ""marc"": 6, ""random"": 0}"
single_0.20,centroid3|default|lcb=0|fb=kmeans|gap=0.005,64,0.6796044454115183,0.6661726997281547,herding,0.7059333595529326,-0.02632891414141425,-0.021877142409313974,"[-3.31,-1.19]",0.765625,0.0,"{""boundary"": 0, ""herding"": 5, ""kcenter"": 0, ""kmeans"": 53, ""marc"": 6, ""random"": 0}"
single_0.20,representative4|marc_first|lcb=0|fb=kmeans|gap=0.01,64,0.6796044454115183,0.6661726997281547,herding,0.7059333595529326,-0.02632891414141425,-0.021877142409313974,"[-3.31,-1.19]",0.765625,0.0,"{""boundary"": 0, ""herding"": 5, ""kcenter"": 0, ""kmeans"": 53, ""marc"": 6, ""random"": 0}"
single_0.20,centroid3|default|lcb=0|fb=kmeans|gap=0.01,64,0.6796044454115183,0.6661726997281547,herding,0.7059333595529326,-0.02632891414141425,-0.021877142409313974,"[-3.31,-1.19]",0.765625,0.0,"{""boundary"": 0, ""herding"": 5, ""kcenter"": 0, ""kmeans"": 53, ""marc"": 6, ""random"": 0}"
single_0.20,representative4|herding_first|lcb=0|fb=kmeans|gap=0.01,64,0.6796044454115183,0.6661726997281547,herding,0.7059333595529326,-0.02632891414141425,-0.021877142409313974,"[-3.31,-1.19]",0.765625,0.0,"{""boundary"": 0, ""herding"": 5, ""kcenter"": 0, ""kmeans"": 53, ""marc"": 6, ""random"": 0}"
single_0.20,representative4|kmeans_first|lcb=0|fb=kmeans|gap=0.01,64,0.6796044454115183,0.6661726997281547,herding,0.7059333595529326,-0.02632891414141425,-0.021877142409313974,"[-3.31,-1.19]",0.765625,0.0,"{""boundary"": 0, ""herding"": 5, ""kcenter"": 0, ""kmeans"": 53, ""marc"": 6, ""random"": 0}"
single_0.25,coverage3|marc_first|lcb=0|fb=kmeans|gap=0,64,0.6795933320335583,0.6660670156553099,herding,0.7059333595529326,-0.026340027519374254,-0.02188825578727406,"[-3.33,-1.16]",0.609375,0.0,"{""boundary"": 0, ""herding"": 9, ""kcenter"": 5, ""kmeans"": 50, ""marc"": 0, ""random"": 0}"
single_0.25,coverage3|kmeans_first|lcb=0|fb=kmeans|gap=0,64,0.6795933320335583,0.6660670156553099,herding,0.7059333595529326,-0.026340027519374254,-0.02188825578727406,"[-3.33,-1.16]",0.609375,0.0,"{""boundary"": 0, ""herding"": 9, ""kcenter"": 5, ""kmeans"": 50, ""marc"": 0, ""random"": 0}"
single_0.25,coverage3|herding_first|lcb=0|fb=kmeans|gap=0,64,0.6795933320335583,0.6660670156553099,herding,0.7059333595529326,-0.026340027519374254,-0.02188825578727406,"[-3.33,-1.16]",0.609375,0.0,"{""boundary"": 0, ""herding"": 9, ""kcenter"": 5, ""kmeans"": 50, ""marc"": 0, ""random"": 0}"
single_0.25,coverage3|default|lcb=0|fb=kmeans|gap=0,64,0.6795933320335583,0.6660670156553099,herding,0.7059333595529326,-0.026340027519374254,-0.02188825578727406,"[-3.33,-1.16]",0.609375,0.0,"{""boundary"": 0, ""herding"": 9, ""kcenter"": 5, ""kmeans"": 50, ""marc"": 0, ""random"": 0}"
single_0.25,coverage3|marc_first|lcb=0|fb=none|gap=0,64,0.679582277912582,0.6660465004773336,herding,0.7059333595529326,-0.026351081640350604,-0.021899309908250363,"[-3.34,-1.16]",0.0,0.0,"{""boundary"": 0, ""herding"": 9, ""kcenter"": 6, ""kmeans"": 49, ""marc"": 0, ""random"": 0}"
single_0.25,coverage3|kmeans_first|lcb=0|fb=none|gap=0,64,0.679582277912582,0.6660465004773336,herding,0.7059333595529326,-0.026351081640350604,-0.021899309908250363,"[-3.34,-1.16]",0.0,0.0,"{""boundary"": 0, ""herding"": 9, ""kcenter"": 6, ""kmeans"": 49, ""marc"": 0, ""random"": 0}"
single_0.25,coverage3|herding_first|lcb=0|fb=kmeans|gap=0.01,64,0.6795739873218498,0.66602027625806,herding,0.7059333595529326,-0.026359372231082756,-0.02190760049898259,"[-3.34,-1.16]",0.75,0.0,"{""boundary"": 0, ""herding"": 8, ""kcenter"": 0, ""kmeans"": 56, ""marc"": 0, ""random"": 0}"
single_0.25,coverage3|kmeans_first|lcb=0|fb=kmeans|gap=0.01,64,0.6795739873218498,0.66602027625806,herding,0.7059333595529326,-0.026359372231082756,-0.02190760049898259,"[-3.34,-1.16]",0.75,0.0,"{""boundary"": 0, ""herding"": 8, ""kcenter"": 0, ""kmeans"": 56, ""marc"": 0, ""random"": 0}"
single_0.25,coverage3|marc_first|lcb=0|fb=kmeans|gap=0.005,64,0.6795739873218498,0.66602027625806,herding,0.7059333595529326,-0.026359372231082756,-0.02190760049898259,"[-3.34,-1.16]",0.734375,0.0,"{""boundary"": 0, ""herding"": 8, ""kcenter"": 0, ""kmeans"": 56, ""marc"": 0, ""random"": 0}"
single_0.25,coverage3|kmeans_first|lcb=0|fb=kmeans|gap=0.005,64,0.6795739873218498,0.66602027625806,herding,0.7059333595529326,-0.026359372231082756,-0.02190760049898259,"[-3.34,-1.16]",0.734375,0.0,"{""boundary"": 0, ""herding"": 8, ""kcenter"": 0, ""kmeans"": 56, ""marc"": 0, ""random"": 0}"
single_0.25,coverage3|default|lcb=0|fb=kmeans|gap=0.005,64,0.6795739873218498,0.66602027625806,herding,0.7059333595529326,-0.026359372231082756,-0.02190760049898259,"[-3.34,-1.16]",0.734375,0.0,"{""boundary"": 0, ""herding"": 8, ""kcenter"": 0, ""kmeans"": 56, ""marc"": 0, ""random"": 0}"
single_0.25,coverage3|herding_first|lcb=0|fb=kmeans|gap=0.005,64,0.6795739873218498,0.66602027625806,herding,0.7059333595529326,-0.026359372231082756,-0.02190760049898259,"[-3.34,-1.16]",0.734375,0.0,"{""boundary"": 0, ""herding"": 8, ""kcenter"": 0, ""kmeans"": 56, ""marc"": 0, ""random"": 0}"
single_0.25,coverage3|default|lcb=0|fb=kmeans|gap=0.01,64,0.6795739873218498,0.66602027625806,herding,0.7059333595529326,-0.026359372231082756,-0.02190760049898259,"[-3.34,-1.16]",0.75,0.0,"{""boundary"": 0, ""herding"": 8, ""kcenter"": 0, ""kmeans"": 56, ""marc"": 0, ""random"": 0}"
single_0.25,coverage3|marc_first|lcb=0|fb=kmeans|gap=0.01,64,0.6795739873218498,0.66602027625806,herding,0.7059333595529326,-0.026359372231082756,-0.02190760049898259,"[-3.34,-1.16]",0.75,0.0,"{""boundary"": 0, ""herding"": 8, ""kcenter"": 0, ""kmeans"": 56, ""marc"": 0, ""random"": 0}"
single_0.20,representative4|herding_first|lcb=0|fb=none|gap=0,64,0.679510945432894,0.6661378552006814,herding,0.7059333595529326,-0.02642241412003854,-0.021970642387938367,"[-3.32,-1.21]",0.0,0.0,"{""boundary"": 0, ""herding"": 44, ""kcenter"": 5, ""kmeans"": 7, ""marc"": 8, ""random"": 0}"
single_0.20,representative4|default|lcb=0|fb=none|gap=0,64,0.679510945432894,0.6661378552006814,herding,0.7059333595529326,-0.02642241412003854,-0.021970642387938367,"[-3.32,-1.21]",0.0,0.0,"{""boundary"": 0, ""herding"": 44, ""kcenter"": 7, ""kmeans"": 5, ""marc"": 8, ""random"": 0}"
single_0.10,centroid3|default|lcb=0|fb=kmeans|gap=0,64,0.6794923290433863,0.6661380100427048,herding,0.7059333595529326,-0.02644103050954627,-0.02198925877744611,"[-3.37,-1.16]",0.578125,0.0,"{""boundary"": 0, ""herding"": 12, ""kcenter"": 0, ""kmeans"": 47, ""marc"": 5, ""random"": 0}"
single_0.10,centroid3|herding_first|lcb=0|fb=kmeans|gap=0,64,0.6794923290433863,0.6661380100427048,herding,0.7059333595529326,-0.02644103050954627,-0.02198925877744611,"[-3.37,-1.16]",0.578125,0.0,"{""boundary"": 0, ""herding"": 12, ""kcenter"": 0, ""kmeans"": 47, ""marc"": 5, ""random"": 0}"
single_0.10,centroid3|kmeans_first|lcb=0|fb=kmeans|gap=0,64,0.6794923290433863,0.6661380100427048,herding,0.7059333595529326,-0.02644103050954627,-0.02198925877744611,"[-3.37,-1.16]",0.578125,0.0,"{""boundary"": 0, ""herding"": 12, ""kcenter"": 0, ""kmeans"": 47, ""marc"": 5, ""random"": 0}"
single_0.10,centroid3|marc_first|lcb=0|fb=kmeans|gap=0,64,0.6794923290433863,0.6661380100427048,herding,0.7059333595529326,-0.02644103050954627,-0.02198925877744611,"[-3.37,-1.16]",0.578125,0.0,"{""boundary"": 0, ""herding"": 12, ""kcenter"": 0, ""kmeans"": 47, ""marc"": 5, ""random"": 0}"
single_0.25,representative4|herding_first|lcb=0|fb=herding|gap=0,64,0.6794906946280334,0.6661618758641508,herding,0.7059333595529326,-0.026442664924899217,-0.021990893192799045,"[-3.32,-1.21]",0.609375,0.0,"{""boundary"": 0, ""herding"": 45, ""kcenter"": 4, ""kmeans"": 6, ""marc"": 9, ""random"": 0}"
single_0.25,representative4|default|lcb=0|fb=herding|gap=0,64,0.6794906946280334,0.6661618758641508,herding,0.7059333595529326,-0.026442664924899217,-0.021990893192799045,"[-3.32,-1.21]",0.609375,0.0,"{""boundary"": 0, ""herding"": 45, ""kcenter"": 4, ""kmeans"": 6, ""marc"": 9, ""random"": 0}"
single_0.25,representative4|marc_first|lcb=0|fb=herding|gap=0,64,0.6794906946280334,0.6661618758641508,herding,0.7059333595529326,-0.026442664924899217,-0.021990893192799045,"[-3.32,-1.21]",0.609375,0.0,"{""boundary"": 0, ""herding"": 45, ""kcenter"": 4, ""kmeans"": 6, ""marc"": 9, ""random"": 0}"
single_0.25,representative4|kmeans_first|lcb=0|fb=herding|gap=0,64,0.6794906946280334,0.6661618758641508,herding,0.7059333595529326,-0.026442664924899217,-0.021990893192799045,"[-3.32,-1.21]",0.609375,0.0,"{""boundary"": 0, ""herding"": 45, ""kcenter"": 4, ""kmeans"": 6, ""marc"": 9, ""random"": 0}"
single_0.25,representative4|kmeans_first|lcb=0|fb=kmeans|gap=0.01,64,0.679482613052844,0.6660093957360401,herding,0.7059333595529326,-0.026450746500088607,-0.02199897476798844,"[-3.33,-1.20]",0.765625,0.0,"{""boundary"": 0, ""herding"": 5, ""kcenter"": 0, ""kmeans"": 53, ""marc"": 6, ""random"": 0}"
single_0.25,centroid3|marc_first|lcb=0|fb=kmeans|gap=0.01,64,0.679482613052844,0.6660093957360401,herding,0.7059333595529326,-0.026450746500088607,-0.02199897476798844,"[-3.33,-1.20]",0.765625,0.0,"{""boundary"": 0, ""herding"": 5, ""kcenter"": 0, ""kmeans"": 53, ""marc"": 6, ""random"": 0}"
single_0.25,representative4|herding_first|lcb=0|fb=kmeans|gap=0.01,64,0.679482613052844,0.6660093957360401,herding,0.7059333595529326,-0.026450746500088607,-0.02199897476798844,"[-3.33,-1.20]",0.765625,0.0,"{""boundary"": 0, ""herding"": 5, ""kcenter"": 0, ""kmeans"": 53, ""marc"": 6, ""random"": 0}"
single_0.25,centroid3|default|lcb=0|fb=kmeans|gap=0.01,64,0.679482613052844,0.6660093957360401,herding,0.7059333595529326,-0.026450746500088607,-0.02199897476798844,"[-3.33,-1.20]",0.765625,0.0,"{""boundary"": 0, ""herding"": 5, ""kcenter"": 0, ""kmeans"": 53, ""marc"": 6, ""random"": 0}"
single_0.25,representative4|marc_first|lcb=0|fb=kmeans|gap=0.01,64,0.679482613052844,0.6660093957360401,herding,0.7059333595529326,-0.026450746500088607,-0.02199897476798844,"[-3.33,-1.20]",0.765625,0.0,"{""boundary"": 0, ""herding"": 5, ""kcenter"": 0, ""kmeans"": 53, ""marc"": 6, ""random"": 0}"
single_0.25,centroid3|kmeans_first|lcb=0|fb=kmeans|gap=0.01,64,0.679482613052844,0.6660093957360401,herding,0.7059333595529326,-0.026450746500088607,-0.02199897476798844,"[-3.33,-1.20]",0.765625,0.0,"{""boundary"": 0, ""herding"": 5, ""kcenter"": 0, ""kmeans"": 53, ""marc"": 6, ""random"": 0}"
single_0.25,representative4|default|lcb=0|fb=kmeans|gap=0.01,64,0.679482613052844,0.6660093957360401,herding,0.7059333595529326,-0.026450746500088607,-0.02199897476798844,"[-3.33,-1.20]",0.765625,0.0,"{""boundary"": 0, ""herding"": 5, ""kcenter"": 0, ""kmeans"": 53, ""marc"": 6, ""random"": 0}"
single_0.25,centroid3|herding_first|lcb=0|fb=kmeans|gap=0.01,64,0.679482613052844,0.6660093957360401,herding,0.7059333595529326,-0.026450746500088607,-0.02199897476798844,"[-3.33,-1.20]",0.765625,0.0,"{""boundary"": 0, ""herding"": 5, ""kcenter"": 0, ""kmeans"": 53, ""marc"": 6, ""random"": 0}"
single_0.10,centroid3|kmeans_first|lcb=0|fb=none|gap=0,64,0.6794702208014336,0.6660864970877096,herding,0.7059333595529326,-0.02646313875149897,-0.02201136701939871,"[-3.37,-1.16]",0.0,0.0,"{""boundary"": 0, ""herding"": 13, ""kcenter"": 0, ""kmeans"": 45, ""marc"": 6, ""random"": 0}"
single_0.25,centroid3|default|lcb=0|fb=herding|gap=0,64,0.6794437146138841,0.666054890974504,herding,0.7059333595529326,-0.026489644939048484,-0.02203787320694832,"[-3.33,-1.21]",0.609375,0.0,"{""boundary"": 0, ""herding"": 46, ""kcenter"": 0, ""kmeans"": 7, ""marc"": 11, ""random"": 0}"
single_0.25,centroid3|marc_first|lcb=0|fb=herding|gap=0,64,0.6794437146138841,0.666054890974504,herding,0.7059333595529326,-0.026489644939048484,-0.02203787320694832,"[-3.33,-1.21]",0.609375,0.0,"{""boundary"": 0, ""herding"": 46, ""kcenter"": 0, ""kmeans"": 7, ""marc"": 11, ""random"": 0}"
single_0.25,centroid3|herding_first|lcb=0|fb=herding|gap=0,64,0.6794437146138841,0.666054890974504,herding,0.7059333595529326,-0.026489644939048484,-0.02203787320694832,"[-3.33,-1.21]",0.609375,0.0,"{""boundary"": 0, ""herding"": 46, ""kcenter"": 0, ""kmeans"": 7, ""marc"": 11, ""random"": 0}"
single_0.25,centroid3|kmeans_first|lcb=0|fb=herding|gap=0,64,0.6794437146138841,0.666054890974504,herding,0.7059333595529326,-0.026489644939048484,-0.02203787320694832,"[-3.33,-1.21]",0.609375,0.0,"{""boundary"": 0, ""herding"": 46, ""kcenter"": 0, ""kmeans"": 7, ""marc"": 11, ""random"": 0}"
single_0.10,coverage3|default|lcb=0|fb=kmeans|gap=0.01,64,0.6794156052555731,0.6658100621126631,herding,0.7059333595529326,-0.026517754297359475,-0.022065982565259393,"[-3.36,-1.17]",0.703125,0.0,"{""boundary"": 0, ""herding"": 8, ""kcenter"": 1, ""kmeans"": 55, ""marc"": 0, ""random"": 0}"
single_0.10,coverage3|kmeans_first|lcb=0|fb=kmeans|gap=0.01,64,0.6794156052555731,0.6658100621126631,herding,0.7059333595529326,-0.026517754297359475,-0.022065982565259393,"[-3.36,-1.17]",0.703125,0.0,"{""boundary"": 0, ""herding"": 8, ""kcenter"": 1, ""kmeans"": 55, ""marc"": 0, ""random"": 0}"
single_0.10,coverage3|herding_first|lcb=0|fb=kmeans|gap=0.01,64,0.6794156052555731,0.6658100621126631,herding,0.7059333595529326,-0.026517754297359475,-0.022065982565259393,"[-3.36,-1.17]",0.703125,0.0,"{""boundary"": 0, ""herding"": 8, ""kcenter"": 1, ""kmeans"": 55, ""marc"": 0, ""random"": 0}"
single_0.10,coverage3|marc_first|lcb=0|fb=kmeans|gap=0.01,64,0.6794156052555731,0.6658100621126631,herding,0.7059333595529326,-0.026517754297359475,-0.022065982565259393,"[-3.36,-1.17]",0.703125,0.0,"{""boundary"": 0, ""herding"": 8, ""kcenter"": 1, ""kmeans"": 55, ""marc"": 0, ""random"": 0}"
single_0.25,representative4|marc_first|lcb=0|fb=herding|gap=0.02,64,0.6794104859908733,0.6656595533263112,herding,0.7059333595529326,-0.02652287356205929,-0.02207110182995909,"[-3.33,-1.22]",0.859375,0.0,"{""boundary"": 0, ""herding"": 57, ""kcenter"": 0, ""kmeans"": 2, ""marc"": 5, ""random"": 0}"
single_0.25,representative4|kmeans_first|lcb=0|fb=herding|gap=0.02,64,0.6794104859908733,0.6656595533263112,herding,0.7059333595529326,-0.02652287356205929,-0.02207110182995909,"[-3.33,-1.22]",0.859375,0.0,"{""boundary"": 0, ""herding"": 57, ""kcenter"": 0, ""kmeans"": 2, ""marc"": 5, ""random"": 0}"
single_0.25,centroid3|herding_first|lcb=0|fb=herding|gap=0.02,64,0.6794104859908733,0.6656595533263112,herding,0.7059333595529326,-0.02652287356205929,-0.02207110182995909,"[-3.33,-1.22]",0.84375,0.0,"{""boundary"": 0, ""herding"": 57, ""kcenter"": 0, ""kmeans"": 2, ""marc"": 5, ""random"": 0}"
single_0.25,centroid3|default|lcb=0|fb=herding|gap=0.02,64,0.6794104859908733,0.6656595533263112,herding,0.7059333595529326,-0.02652287356205929,-0.02207110182995909,"[-3.33,-1.22]",0.84375,0.0,"{""boundary"": 0, ""herding"": 57, ""kcenter"": 0, ""kmeans"": 2, ""marc"": 5, ""random"": 0}"
single_0.25,centroid3|kmeans_first|lcb=0|fb=herding|gap=0.02,64,0.6794104859908733,0.6656595533263112,herding,0.7059333595529326,-0.02652287356205929,-0.02207110182995909,"[-3.33,-1.22]",0.84375,0.0,"{""boundary"": 0, ""herding"": 57, ""kcenter"": 0, ""kmeans"": 2, ""marc"": 5, ""random"": 0}"
single_0.25,representative4|herding_first|lcb=0|fb=herding|gap=0.02,64,0.6794104859908733,0.6656595533263112,herding,0.7059333595529326,-0.02652287356205929,-0.02207110182995909,"[-3.33,-1.22]",0.859375,0.0,"{""boundary"": 0, ""herding"": 57, ""kcenter"": 0, ""kmeans"": 2, ""marc"": 5, ""random"": 0}"
single_0.25,centroid3|marc_first|lcb=0|fb=herding|gap=0.02,64,0.6794104859908733,0.6656595533263112,herding,0.7059333595529326,-0.02652287356205929,-0.02207110182995909,"[-3.33,-1.22]",0.84375,0.0,"{""boundary"": 0, ""herding"": 57, ""kcenter"": 0, ""kmeans"": 2, ""marc"": 5, ""random"": 0}"
single_0.25,representative4|default|lcb=0|fb=herding|gap=0.02,64,0.6794104859908733,0.6656595533263112,herding,0.7059333595529326,-0.02652287356205929,-0.02207110182995909,"[-3.33,-1.22]",0.859375,0.0,"{""boundary"": 0, ""herding"": 57, ""kcenter"": 0, ""kmeans"": 2, ""marc"": 5, ""random"": 0}"
single_0.20,centroid3|kmeans_first|lcb=0|fb=none|gap=0,64,0.679390109668947,0.6657949968383834,herding,0.7059333595529326,-0.026543249883985598,-0.022091478151885433,"[-3.33,-1.21]",0.0,0.0,"{""boundary"": 0, ""herding"": 13, ""kcenter"": 0, ""kmeans"": 42, ""marc"": 9, ""random"": 0}"
single_0.20,all6|marc_first|lcb=0|fb=herding|gap=0.02,64,0.6793541918562718,0.6696019450092832,herding,0.7059333595529326,-0.0265791676966608,-0.022127395964560627,"[-3.31,-1.24]",0.65625,0.011636352153593488,"{""boundary"": 4, ""herding"": 46, ""kcenter"": 0, ""kmeans"": 2, ""marc"": 3, ""random"": 9}"
single_0.20,all6|kmeans_first|lcb=0|fb=herding|gap=0.02,64,0.6793541918562718,0.6696019450092832,herding,0.7059333595529326,-0.0265791676966608,-0.022127395964560627,"[-3.31,-1.24]",0.65625,0.011636352153593488,"{""boundary"": 4, ""herding"": 46, ""kcenter"": 0, ""kmeans"": 2, ""marc"": 3, ""random"": 9}"
single_0.20,all6|default|lcb=0|fb=herding|gap=0.02,64,0.6793541918562718,0.6696019450092832,herding,0.7059333595529326,-0.0265791676966608,-0.022127395964560627,"[-3.31,-1.24]",0.65625,0.011636352153593488,"{""boundary"": 4, ""herding"": 46, ""kcenter"": 0, ""kmeans"": 2, ""marc"": 3, ""random"": 9}"
single_0.20,all6|herding_first|lcb=0|fb=herding|gap=0.02,64,0.6793541918562718,0.6696019450092832,herding,0.7059333595529326,-0.0265791676966608,-0.022127395964560627,"[-3.31,-1.24]",0.65625,0.011636352153593488,"{""boundary"": 4, ""herding"": 46, ""kcenter"": 0, ""kmeans"": 2, ""marc"": 3, ""random"": 9}"
single_0.20,coverage3|herding_first|lcb=0|fb=kmeans|gap=0.05,64,0.679327276795534,0.6658562069798217,herding,0.7059333595529326,-0.02660608275739862,-0.02215431102529838,"[-3.37,-1.19]",0.96875,0.0,"{""boundary"": 0, ""herding"": 1, ""kcenter"": 0, ""kmeans"": 63, ""marc"": 0, ""random"": 0}"
single_0.20,coverage3|kmeans_first|lcb=0|fb=kmeans|gap=0.05,64,0.679327276795534,0.6658562069798217,herding,0.7059333595529326,-0.02660608275739862,-0.02215431102529838,"[-3.37,-1.19]",0.96875,0.0,"{""boundary"": 0, ""herding"": 1, ""kcenter"": 0, ""kmeans"": 63, ""marc"": 0, ""random"": 0}"
single_0.20,coverage3|default|lcb=0|fb=kmeans|gap=0.05,64,0.679327276795534,0.6658562069798217,herding,0.7059333595529326,-0.02660608275739862,-0.02215431102529838,"[-3.37,-1.19]",0.96875,0.0,"{""boundary"": 0, ""herding"": 1, ""kcenter"": 0, ""kmeans"": 63, ""marc"": 0, ""random"": 0}"
single_0.20,coverage3|marc_first|lcb=0|fb=kmeans|gap=0.05,64,0.679327276795534,0.6658562069798217,herding,0.7059333595529326,-0.02660608275739862,-0.02215431102529838,"[-3.37,-1.19]",0.96875,0.0,"{""boundary"": 0, ""herding"": 1, ""kcenter"": 0, ""kmeans"": 63, ""marc"": 0, ""random"": 0}"
single_0.10,representative4|herding_first|lcb=0|fb=kmeans|gap=0.02,64,0.6792419941444618,0.6657316922748715,herding,0.7059333595529326,-0.026691365408470724,-0.022239593676370503,"[-3.38,-1.19]",0.734375,0.0,"{""boundary"": 0, ""herding"": 7, ""kcenter"": 1, ""kmeans"": 55, ""marc"": 1, ""random"": 0}"
single_0.10,representative4|marc_first|lcb=0|fb=kmeans|gap=0.02,64,0.6792419941444618,0.6657316922748715,herding,0.7059333595529326,-0.026691365408470724,-0.022239593676370503,"[-3.38,-1.19]",0.734375,0.0,"{""boundary"": 0, ""herding"": 7, ""kcenter"": 1, ""kmeans"": 55, ""marc"": 1, ""random"": 0}"
single_0.10,coverage3|marc_first|lcb=0|fb=kmeans|gap=0.02,64,0.6792419941444618,0.6657316922748715,herding,0.7059333595529326,-0.026691365408470724,-0.022239593676370503,"[-3.38,-1.19]",0.71875,0.0,"{""boundary"": 0, ""herding"": 7, ""kcenter"": 1, ""kmeans"": 56, ""marc"": 0, ""random"": 0}"
single_0.10,representative4|kmeans_first|lcb=0|fb=kmeans|gap=0.02,64,0.6792419941444618,0.6657316922748715,herding,0.7059333595529326,-0.026691365408470724,-0.022239593676370503,"[-3.38,-1.19]",0.734375,0.0,"{""boundary"": 0, ""herding"": 7, ""kcenter"": 1, ""kmeans"": 55, ""marc"": 1, ""random"": 0}"
single_0.10,coverage3|default|lcb=0|fb=kmeans|gap=0.02,64,0.6792419941444618,0.6657316922748715,herding,0.7059333595529326,-0.026691365408470724,-0.022239593676370503,"[-3.38,-1.19]",0.71875,0.0,"{""boundary"": 0, ""herding"": 7, ""kcenter"": 1, ""kmeans"": 56, ""marc"": 0, ""random"": 0}"
single_0.10,representative4|default|lcb=0|fb=kmeans|gap=0.02,64,0.6792419941444618,0.6657316922748715,herding,0.7059333595529326,-0.026691365408470724,-0.022239593676370503,"[-3.38,-1.19]",0.734375,0.0,"{""boundary"": 0, ""herding"": 7, ""kcenter"": 1, ""kmeans"": 55, ""marc"": 1, ""random"": 0}"
single_0.10,coverage3|herding_first|lcb=0|fb=kmeans|gap=0.02,64,0.6792419941444618,0.6657316922748715,herding,0.7059333595529326,-0.026691365408470724,-0.022239593676370503,"[-3.38,-1.19]",0.71875,0.0,"{""boundary"": 0, ""herding"": 7, ""kcenter"": 1, ""kmeans"": 56, ""marc"": 0, ""random"": 0}"
single_0.10,coverage3|kmeans_first|lcb=0|fb=kmeans|gap=0.02,64,0.6792419941444618,0.6657316922748715,herding,0.7059333595529326,-0.026691365408470724,-0.022239593676370503,"[-3.38,-1.19]",0.71875,0.0,"{""boundary"": 0, ""herding"": 7, ""kcenter"": 1, ""kmeans"": 56, ""marc"": 0, ""random"": 0}"
single_0.10,coverage3|marc_first|lcb=0|fb=herding|gap=0.05,64,0.6791698670824913,0.6653026929187613,herding,0.7059333595529326,-0.026763492470441297,-0.02231172073834116,"[-3.39,-1.22]",0.859375,0.0,"{""boundary"": 0, ""herding"": 58, ""kcenter"": 1, ""kmeans"": 5, ""marc"": 0, ""random"": 0}"
single_0.10,coverage3|default|lcb=0|fb=herding|gap=0.05,64,0.6791698670824913,0.6653026929187613,herding,0.7059333595529326,-0.026763492470441297,-0.02231172073834116,"[-3.39,-1.22]",0.859375,0.0,"{""boundary"": 0, ""herding"": 58, ""kcenter"": 1, ""kmeans"": 5, ""marc"": 0, ""random"": 0}"
single_0.10,coverage3|kmeans_first|lcb=0|fb=herding|gap=0.05,64,0.6791698670824913,0.6653026929187613,herding,0.7059333595529326,-0.026763492470441297,-0.02231172073834116,"[-3.39,-1.22]",0.859375,0.0,"{""boundary"": 0, ""herding"": 58, ""kcenter"": 1, ""kmeans"": 5, ""marc"": 0, ""random"": 0}"
single_0.10,coverage3|herding_first|lcb=0|fb=herding|gap=0.05,64,0.6791698670824913,0.6653026929187613,herding,0.7059333595529326,-0.026763492470441297,-0.02231172073834116,"[-3.39,-1.22]",0.859375,0.0,"{""boundary"": 0, ""herding"": 58, ""kcenter"": 1, ""kmeans"": 5, ""marc"": 0, ""random"": 0}"
single_0.10,representative4|default|lcb=0|fb=kmeans|gap=0.01,64,0.6791551885889063,0.6656453123655508,herding,0.7059333595529326,-0.026778170964026238,-0.02232639923192606,"[-3.39,-1.20]",0.71875,0.0,"{""boundary"": 0, ""herding"": 7, ""kcenter"": 1, ""kmeans"": 54, ""marc"": 2, ""random"": 0}"
single_0.10,representative4|kmeans_first|lcb=0|fb=kmeans|gap=0.01,64,0.6791551885889063,0.6656453123655508,herding,0.7059333595529326,-0.026778170964026238,-0.02232639923192606,"[-3.39,-1.20]",0.71875,0.0,"{""boundary"": 0, ""herding"": 7, ""kcenter"": 1, ""kmeans"": 54, ""marc"": 2, ""random"": 0}"
single_0.10,representative4|herding_first|lcb=0|fb=kmeans|gap=0.01,64,0.6791551885889063,0.6656453123655508,herding,0.7059333595529326,-0.026778170964026238,-0.02232639923192606,"[-3.39,-1.20]",0.71875,0.0,"{""boundary"": 0, ""herding"": 7, ""kcenter"": 1, ""kmeans"": 54, ""marc"": 2, ""random"": 0}"
single_0.10,representative4|marc_first|lcb=0|fb=kmeans|gap=0.01,64,0.6791551885889063,0.6656453123655508,herding,0.7059333595529326,-0.026778170964026238,-0.02232639923192606,"[-3.39,-1.20]",0.71875,0.0,"{""boundary"": 0, ""herding"": 7, ""kcenter"": 1, ""kmeans"": 54, ""marc"": 2, ""random"": 0}"
single_0.25,representative4|marc_first|lcb=0|fb=none|gap=0,64,0.6790690591016657,0.6655854549661118,herding,0.7059333595529326,-0.026864300451266865,-0.022412528719166554,"[-3.38,-1.23]",0.0,0.0,"{""boundary"": 0, ""herding"": 6, ""kcenter"": 6, ""kmeans"": 9, ""marc"": 43, ""random"": 0}"
single_0.20,no_boundary|marc_first|lcb=0|fb=kmeans|gap=0.02,64,0.6790639414530657,0.6668396021590577,herding,0.7059333595529326,-0.02686941809986687,-0.02241764636776669,"[-3.40,-1.22]",0.703125,0.0013262599469496018,"{""boundary"": 0, ""herding"": 4, ""kcenter"": 0, ""kmeans"": 47, ""marc"": 3, ""random"": 10}"
single_0.20,no_boundary|herding_first|lcb=0|fb=kmeans|gap=0.02,64,0.6790639414530657,0.6668396021590577,herding,0.7059333595529326,-0.02686941809986687,-0.02241764636776669,"[-3.40,-1.22]",0.703125,0.0013262599469496018,"{""boundary"": 0, ""herding"": 4, ""kcenter"": 0, ""kmeans"": 47, ""marc"": 3, ""random"": 10}"
single_0.20,no_boundary|kmeans_first|lcb=0|fb=kmeans|gap=0.02,64,0.6790639414530657,0.6668396021590577,herding,0.7059333595529326,-0.02686941809986687,-0.02241764636776669,"[-3.40,-1.22]",0.703125,0.0013262599469496018,"{""boundary"": 0, ""herding"": 4, ""kcenter"": 0, ""kmeans"": 47, ""marc"": 3, ""random"": 10}"
single_0.20,no_boundary|default|lcb=0|fb=kmeans|gap=0.02,64,0.6790639414530657,0.6668396021590577,herding,0.7059333595529326,-0.02686941809986687,-0.02241764636776669,"[-3.40,-1.22]",0.703125,0.0013262599469496018,"{""boundary"": 0, ""herding"": 4, ""kcenter"": 0, ""kmeans"": 47, ""marc"": 3, ""random"": 10}"
single_0.10,coverage3|kmeans_first|lcb=0|fb=kmeans|gap=0.005,64,0.6790394478481656,0.6654522250424284,herding,0.7059333595529326,-0.02689391170476696,-0.022442139972666798,"[-3.39,-1.21]",0.6875,0.0,"{""boundary"": 0, ""herding"": 9, ""kcenter"": 1, ""kmeans"": 54, ""marc"": 0, ""random"": 0}"
single_0.10,coverage3|default|lcb=0|fb=kmeans|gap=0.005,64,0.6790394478481656,0.6654522250424284,herding,0.7059333595529326,-0.02689391170476696,-0.022442139972666798,"[-3.39,-1.21]",0.6875,0.0,"{""boundary"": 0, ""herding"": 9, ""kcenter"": 1, ""kmeans"": 54, ""marc"": 0, ""random"": 0}"
single_0.10,coverage3|marc_first|lcb=0|fb=kmeans|gap=0.005,64,0.6790394478481656,0.6654522250424284,herding,0.7059333595529326,-0.02689391170476696,-0.022442139972666798,"[-3.39,-1.21]",0.6875,0.0,"{""boundary"": 0, ""herding"": 9, ""kcenter"": 1, ""kmeans"": 54, ""marc"": 0, ""random"": 0}"
single_0.10,coverage3|herding_first|lcb=0|fb=kmeans|gap=0.005,64,0.6790394478481656,0.6654522250424284,herding,0.7059333595529326,-0.02689391170476696,-0.022442139972666798,"[-3.39,-1.21]",0.6875,0.0,"{""boundary"": 0, ""herding"": 9, ""kcenter"": 1, ""kmeans"": 54, ""marc"": 0, ""random"": 0}"
single_0.20,representative4|marc_first|lcb=0|fb=none|gap=0,64,0.6790204969260493,0.6654739057395114,herding,0.7059333595529326,-0.026912862626883305,-0.022461090894783042,"[-3.39,-1.21]",0.0,0.0,"{""boundary"": 0, ""herding"": 12, ""kcenter"": 5, ""kmeans"": 7, ""marc"": 40, ""random"": 0}"
single_0.25,centroid3|marc_first|lcb=0|fb=none|gap=0,64,0.6790110249665402,0.6654665189068624,herding,0.7059333595529326,-0.02692233458639237,-0.02247056285429213,"[-3.39,-1.23]",0.0,0.0,"{""boundary"": 0, ""herding"": 7, ""kcenter"": 0, ""kmeans"": 11, ""marc"": 46, ""random"": 0}"
single_0.25,representative4|kmeans_first|lcb=0|fb=none|gap=0,64,0.6789624557878257,0.6654641813711988,herding,0.7059333595529326,-0.026970903765106913,-0.022519132033006706,"[-3.38,-1.25]",0.0,0.0,"{""boundary"": 0, ""herding"": 8, ""kcenter"": 6, ""kmeans"": 41, ""marc"": 9, ""random"": 0}"
single_0.25,representative4|default|lcb=0|fb=kmeans|gap=0,64,0.6789472267429913,0.6654464980279937,herding,0.7059333595529326,-0.02698613280994122,-0.022534361077841014,"[-3.38,-1.25]",0.609375,0.0,"{""boundary"": 0, ""herding"": 6, ""kcenter"": 4, ""kmeans"": 45, ""marc"": 9, ""random"": 0}"
single_0.25,representative4|herding_first|lcb=0|fb=kmeans|gap=0,64,0.6789472267429913,0.6654464980279937,herding,0.7059333595529326,-0.02698613280994122,-0.022534361077841014,"[-3.38,-1.25]",0.609375,0.0,"{""boundary"": 0, ""herding"": 6, ""kcenter"": 4, ""kmeans"": 45, ""marc"": 9, ""random"": 0}"
single_0.25,representative4|marc_first|lcb=0|fb=kmeans|gap=0,64,0.6789472267429913,0.6654464980279937,herding,0.7059333595529326,-0.02698613280994122,-0.022534361077841014,"[-3.38,-1.25]",0.609375,0.0,"{""boundary"": 0, ""herding"": 6, ""kcenter"": 4, ""kmeans"": 45, ""marc"": 9, ""random"": 0}"
single_0.25,representative4|kmeans_first|lcb=0|fb=kmeans|gap=0,64,0.6789472267429913,0.6654464980279937,herding,0.7059333595529326,-0.02698613280994122,-0.022534361077841014,"[-3.38,-1.25]",0.609375,0.0,"{""boundary"": 0, ""herding"": 6, ""kcenter"": 4, ""kmeans"": 45, ""marc"": 9, ""random"": 0}"
single_0.25,representative4|kmeans_first|lcb=0|fb=kmeans|gap=0.005,64,0.6789389361522591,0.6654299942724464,herding,0.7059333595529326,-0.026994423400673484,-0.022542651668573242,"[-3.38,-1.25]",0.71875,0.0,"{""boundary"": 0, ""herding"": 5, ""kcenter"": 0, ""kmeans"": 51, ""marc"": 8, ""random"": 0}"
single_0.25,centroid3|marc_first|lcb=0|fb=kmeans|gap=0.005,64,0.6789389361522591,0.6654299942724464,herding,0.7059333595529326,-0.026994423400673484,-0.022542651668573242,"[-3.38,-1.25]",0.71875,0.0,"{""boundary"": 0, ""herding"": 5, ""kcenter"": 0, ""kmeans"": 51, ""marc"": 8, ""random"": 0}"
single_0.25,representative4|default|lcb=0|fb=kmeans|gap=0.005,64,0.6789389361522591,0.6654299942724464,herding,0.7059333595529326,-0.026994423400673484,-0.022542651668573242,"[-3.38,-1.25]",0.71875,0.0,"{""boundary"": 0, ""herding"": 5, ""kcenter"": 0, ""kmeans"": 51, ""marc"": 8, ""random"": 0}"
single_0.25,centroid3|kmeans_first|lcb=0|fb=kmeans|gap=0.005,64,0.6789389361522591,0.6654299942724464,herding,0.7059333595529326,-0.026994423400673484,-0.022542651668573242,"[-3.38,-1.25]",0.71875,0.0,"{""boundary"": 0, ""herding"": 5, ""kcenter"": 0, ""kmeans"": 51, ""marc"": 8, ""random"": 0}"
single_0.25,centroid3|default|lcb=0|fb=kmeans|gap=0.005,64,0.6789389361522591,0.6654299942724464,herding,0.7059333595529326,-0.026994423400673484,-0.022542651668573242,"[-3.38,-1.25]",0.71875,0.0,"{""boundary"": 0, ""herding"": 5, ""kcenter"": 0, ""kmeans"": 51, ""marc"": 8, ""random"": 0}"
single_0.25,representative4|marc_first|lcb=0|fb=kmeans|gap=0.005,64,0.6789389361522591,0.6654299942724464,herding,0.7059333595529326,-0.026994423400673484,-0.022542651668573242,"[-3.38,-1.25]",0.71875,0.0,"{""boundary"": 0, ""herding"": 5, ""kcenter"": 0, ""kmeans"": 51, ""marc"": 8, ""random"": 0}"
single_0.25,centroid3|herding_first|lcb=0|fb=kmeans|gap=0.005,64,0.6789389361522591,0.6654299942724464,herding,0.7059333595529326,-0.026994423400673484,-0.022542651668573242,"[-3.38,-1.25]",0.71875,0.0,"{""boundary"": 0, ""herding"": 5, ""kcenter"": 0, ""kmeans"": 51, ""marc"": 8, ""random"": 0}"
single_0.25,representative4|herding_first|lcb=0|fb=kmeans|gap=0.005,64,0.6789389361522591,0.6654299942724464,herding,0.7059333595529326,-0.026994423400673484,-0.022542651668573242,"[-3.38,-1.25]",0.71875,0.0,"{""boundary"": 0, ""herding"": 5, ""kcenter"": 0, ""kmeans"": 51, ""marc"": 8, ""random"": 0}"
single_0.25,centroid3|kmeans_first|lcb=0|fb=none|gap=0,64,0.6789044216527,0.6653452453119494,herding,0.7059333595529326,-0.02702893790023253,-0.02257716616813228,"[-3.39,-1.25]",0.0,0.0,"{""boundary"": 0, ""herding"": 9, ""kcenter"": 0, ""kmeans"": 44, ""marc"": 11, ""random"": 0}"
single_0.10,coverage3|default|lcb=0|fb=kmeans|gap=0,64,0.6788902172149855,0.665449585662677,herding,0.7059333595529326,-0.027043142337947024,-0.022591370605846848,"[-3.42,-1.21]",0.546875,0.0,"{""boundary"": 0, ""herding"": 12, ""kcenter"": 7, ""kmeans"": 45, ""marc"": 0, ""random"": 0}"
single_0.10,coverage3|herding_first|lcb=0|fb=kmeans|gap=0,64,0.6788902172149855,0.665449585662677,herding,0.7059333595529326,-0.027043142337947024,-0.022591370605846848,"[-3.42,-1.21]",0.546875,0.0,"{""boundary"": 0, ""herding"": 12, ""kcenter"": 7, ""kmeans"": 45, ""marc"": 0, ""random"": 0}"
single_0.10,coverage3|marc_first|lcb=0|fb=none|gap=0,64,0.6788902172149855,0.6654593061264031,herding,0.7059333595529326,-0.027043142337947024,-0.022591370605846848,"[-3.42,-1.21]",0.0,0.0,"{""boundary"": 0, ""herding"": 13, ""kcenter"": 9, ""kmeans"": 42, ""marc"": 0, ""random"": 0}"
single_0.10,coverage3|kmeans_first|lcb=0|fb=none|gap=0,64,0.6788902172149855,0.6654593061264031,herding,0.7059333595529326,-0.027043142337947024,-0.022591370605846848,"[-3.42,-1.21]",0.0,0.0,"{""boundary"": 0, ""herding"": 13, ""kcenter"": 9, ""kmeans"": 42, ""marc"": 0, ""random"": 0}"
single_0.10,coverage3|kmeans_first|lcb=0|fb=kmeans|gap=0,64,0.6788902172149855,0.665449585662677,herding,0.7059333595529326,-0.027043142337947024,-0.022591370605846848,"[-3.42,-1.21]",0.546875,0.0,"{""boundary"": 0, ""herding"": 12, ""kcenter"": 7, ""kmeans"": 45, ""marc"": 0, ""random"": 0}"
single_0.10,coverage3|marc_first|lcb=0|fb=kmeans|gap=0,64,0.6788902172149855,0.665449585662677,herding,0.7059333595529326,-0.027043142337947024,-0.022591370605846848,"[-3.42,-1.21]",0.546875,0.0,"{""boundary"": 0, ""herding"": 12, ""kcenter"": 7, ""kmeans"": 45, ""marc"": 0, ""random"": 0}"
single_0.25,centroid3|kmeans_first|lcb=0|fb=kmeans|gap=0,64,0.6788891926078657,0.6653372824324706,herding,0.7059333595529326,-0.02704416694506684,-0.02259239521296659,"[-3.39,-1.26]",0.609375,0.0,"{""boundary"": 0, ""herding"": 7, ""kcenter"": 0, ""kmeans"": 46, ""marc"": 11, ""random"": 0}"
single_0.25,centroid3|herding_first|lcb=0|fb=kmeans|gap=0,64,0.6788891926078657,0.6653372824324706,herding,0.7059333595529326,-0.02704416694506684,-0.02259239521296659,"[-3.39,-1.26]",0.609375,0.0,"{""boundary"": 0, ""herding"": 7, ""kcenter"": 0, ""kmeans"": 46, ""marc"": 11, ""random"": 0}"
single_0.25,centroid3|default|lcb=0|fb=kmeans|gap=0,64,0.6788891926078657,0.6653372824324706,herding,0.7059333595529326,-0.02704416694506684,-0.02259239521296659,"[-3.39,-1.26]",0.609375,0.0,"{""boundary"": 0, ""herding"": 7, ""kcenter"": 0, ""kmeans"": 46, ""marc"": 11, ""random"": 0}"
single_0.25,centroid3|marc_first|lcb=0|fb=kmeans|gap=0,64,0.6788891926078657,0.6653372824324706,herding,0.7059333595529326,-0.02704416694506684,-0.02259239521296659,"[-3.39,-1.26]",0.609375,0.0,"{""boundary"": 0, ""herding"": 7, ""kcenter"": 0, ""kmeans"": 46, ""marc"": 11, ""random"": 0}"
single_0.20,representative4|kmeans_first|lcb=0|fb=none|gap=0,64,0.6787920612535348,0.6652333496723681,herding,0.7059333595529326,-0.02714129829939782,-0.022689526567297662,"[-3.40,-1.26]",0.0,0.0,"{""boundary"": 0, ""herding"": 13, ""kcenter"": 5, ""kmeans"": 38, ""marc"": 8, ""random"": 0}"
single_0.10,representative4|kmeans_first|lcb=0|fb=kmeans|gap=0.005,64,0.678779031181499,0.665287475295316,herding,0.7059333595529326,-0.02715432837143361,-0.022702556639333467,"[-3.42,-1.23]",0.703125,0.0,"{""boundary"": 0, ""herding"": 8, ""kcenter"": 1, ""kmeans"": 53, ""marc"": 2, ""random"": 0}"
single_0.10,representative4|default|lcb=0|fb=kmeans|gap=0.005,64,0.678779031181499,0.665287475295316,herding,0.7059333595529326,-0.02715432837143361,-0.022702556639333467,"[-3.42,-1.23]",0.703125,0.0,"{""boundary"": 0, ""herding"": 8, ""kcenter"": 1, ""kmeans"": 53, ""marc"": 2, ""random"": 0}"
single_0.10,representative4|herding_first|lcb=0|fb=kmeans|gap=0.005,64,0.678779031181499,0.665287475295316,herding,0.7059333595529326,-0.02715432837143361,-0.022702556639333467,"[-3.42,-1.23]",0.703125,0.0,"{""boundary"": 0, ""herding"": 8, ""kcenter"": 1, ""kmeans"": 53, ""marc"": 2, ""random"": 0}"
single_0.10,representative4|marc_first|lcb=0|fb=kmeans|gap=0.005,64,0.678779031181499,0.665287475295316,herding,0.7059333595529326,-0.02715432837143361,-0.022702556639333467,"[-3.42,-1.23]",0.703125,0.0,"{""boundary"": 0, ""herding"": 8, ""kcenter"": 1, ""kmeans"": 53, ""marc"": 2, ""random"": 0}"
single_0.10,representative4|kmeans_first|lcb=0|fb=none|gap=0,64,0.6786298005483189,0.6652943536466083,herding,0.7059333595529326,-0.027303559004613676,-0.022851787272513517,"[-3.45,-1.24]",0.0,0.0,"{""boundary"": 0, ""herding"": 11, ""kcenter"": 7, ""kmeans"": 42, ""marc"": 4, ""random"": 0}"
single_0.10,representative4|kmeans_first|lcb=0|fb=kmeans|gap=0,64,0.6786298005483189,0.665284633182882,herding,0.7059333595529326,-0.027303559004613676,-0.022851787272513517,"[-3.45,-1.24]",0.5625,0.0,"{""boundary"": 0, ""herding"": 11, ""kcenter"": 5, ""kmeans"": 44, ""marc"": 4, ""random"": 0}"
single_0.10,representative4|marc_first|lcb=0|fb=kmeans|gap=0,64,0.6786298005483189,0.665284633182882,herding,0.7059333595529326,-0.027303559004613676,-0.022851787272513517,"[-3.45,-1.24]",0.5625,0.0,"{""boundary"": 0, ""herding"": 11, ""kcenter"": 5, ""kmeans"": 44, ""marc"": 4, ""random"": 0}"
single_0.10,representative4|herding_first|lcb=0|fb=kmeans|gap=0,64,0.6786298005483189,0.665284633182882,herding,0.7059333595529326,-0.027303559004613676,-0.022851787272513517,"[-3.45,-1.24]",0.5625,0.0,"{""boundary"": 0, ""herding"": 11, ""kcenter"": 5, ""kmeans"": 44, ""marc"": 4, ""random"": 0}"
single_0.10,representative4|default|lcb=0|fb=kmeans|gap=0,64,0.6786298005483189,0.665284633182882,herding,0.7059333595529326,-0.027303559004613676,-0.022851787272513517,"[-3.45,-1.24]",0.5625,0.0,"{""boundary"": 0, ""herding"": 11, ""kcenter"": 5, ""kmeans"": 44, ""marc"": 4, ""random"": 0}"
single_0.20,no_boundary|herding_first|lcb=0|fb=herding|gap=0.02,64,0.6778618855244712,0.6654142408281709,herding,0.7059333595529326,-0.02807147402846133,-0.023619702296361123,"[-3.50,-1.36]",0.703125,0.0013262599469496018,"{""boundary"": 0, ""herding"": 49, ""kcenter"": 0, ""kmeans"": 2, ""marc"": 3, ""random"": 10}"
single_0.20,no_boundary|marc_first|lcb=0|fb=herding|gap=0.02,64,0.6778618855244712,0.6654142408281709,herding,0.7059333595529326,-0.02807147402846133,-0.023619702296361123,"[-3.50,-1.36]",0.703125,0.0013262599469496018,"{""boundary"": 0, ""herding"": 49, ""kcenter"": 0, ""kmeans"": 2, ""marc"": 3, ""random"": 10}"
single_0.20,no_boundary|default|lcb=0|fb=herding|gap=0.02,64,0.6778618855244712,0.6654142408281709,herding,0.7059333595529326,-0.02807147402846133,-0.023619702296361123,"[-3.50,-1.36]",0.703125,0.0013262599469496018,"{""boundary"": 0, ""herding"": 49, ""kcenter"": 0, ""kmeans"": 2, ""marc"": 3, ""random"": 10}"
single_0.20,no_boundary|kmeans_first|lcb=0|fb=herding|gap=0.02,64,0.6778618855244712,0.6654142408281709,herding,0.7059333595529326,-0.02807147402846133,-0.023619702296361123,"[-3.50,-1.36]",0.703125,0.0013262599469496018,"{""boundary"": 0, ""herding"": 49, ""kcenter"": 0, ""kmeans"": 2, ""marc"": 3, ""random"": 10}"
