source,variant,units,accuracy,macro_f1,best_pooled_static_method,best_pooled_static_accuracy,delta_vs_best_pooled_static,delta_vs_dataset_best,dataset_best_ci,fallback_rate,median_validation_gap,selector_counts
repeat5_0.25,all6|herding_first|lcb=0.25|fb=kmeans|gap=0,80,0.7228705263778477,0.7183336314954605,herding,0.7059333595529326,0.016937166824915084,0.0002963672322928889,"[-0.23,+0.30]",0.4125,0.004106554529003492,"{""boundary"": 4, ""herding"": 11, ""kcenter"": 0, ""kmeans"": 48, ""marc"": 5, ""random"": 12}"
repeat5_0.25,all6|marc_first|lcb=0.25|fb=kmeans|gap=0,80,0.7228705263778477,0.7183336314954605,herding,0.7059333595529326,0.016937166824915084,0.0002963672322928889,"[-0.23,+0.30]",0.4125,0.004106554529003492,"{""boundary"": 4, ""herding"": 11, ""kcenter"": 0, ""kmeans"": 48, ""marc"": 5, ""random"": 12}"
repeat5_0.25,all6|default|lcb=0.25|fb=kmeans|gap=0,80,0.7228705263778477,0.7183336314954605,herding,0.7059333595529326,0.016937166824915084,0.0002963672322928889,"[-0.23,+0.30]",0.4125,0.004106554529003492,"{""boundary"": 4, ""herding"": 11, ""kcenter"": 0, ""kmeans"": 48, ""marc"": 5, ""random"": 12}"
repeat5_0.25,all6|kmeans_first|lcb=0.25|fb=kmeans|gap=0,80,0.7228705263778477,0.7183336314954605,herding,0.7059333595529326,0.016937166824915084,0.0002963672322928889,"[-0.23,+0.30]",0.4125,0.004106554529003492,"{""boundary"": 4, ""herding"": 11, ""kcenter"": 0, ""kmeans"": 48, ""marc"": 5, ""random"": 12}"
repeat5_0.25,all6|default|lcb=0.25|fb=none|gap=0,80,0.7220371930445144,0.7175894919165046,herding,0.7059333595529326,0.016103833491581843,-0.0005369661010404442,"[-0.27,+0.14]",0.0,0.004106554529003492,"{""boundary"": 4, ""herding"": 44, ""kcenter"": 0, ""kmeans"": 15, ""marc"": 5, ""random"": 12}"
repeat5_0.25,all6|marc_first|lcb=0.25|fb=none|gap=0,80,0.7220371930445144,0.7175894919165046,herding,0.7059333595529326,0.016103833491581843,-0.0005369661010404442,"[-0.27,+0.14]",0.0,0.004106554529003492,"{""boundary"": 4, ""herding"": 12, ""kcenter"": 0, ""kmeans"": 15, ""marc"": 37, ""random"": 12}"
repeat5_0.25,all6|marc_first|lcb=0.25|fb=herding|gap=0,80,0.7220371930445144,0.7175894919165046,herding,0.7059333595529326,0.016103833491581843,-0.0005369661010404442,"[-0.27,+0.14]",0.4125,0.004106554529003492,"{""boundary"": 4, ""herding"": 44, ""kcenter"": 0, ""kmeans"": 15, ""marc"": 5, ""random"": 12}"
repeat5_0.25,all6|herding_first|lcb=0.25|fb=herding|gap=0,80,0.7220371930445144,0.7175894919165046,herding,0.7059333595529326,0.016103833491581843,-0.0005369661010404442,"[-0.27,+0.14]",0.4125,0.004106554529003492,"{""boundary"": 4, ""herding"": 44, ""kcenter"": 0, ""kmeans"": 15, ""marc"": 5, ""random"": 12}"
repeat5_0.25,all6|kmeans_first|lcb=0.25|fb=none|gap=0,80,0.7220371930445144,0.7175894919165046,herding,0.7059333595529326,0.016103833491581843,-0.0005369661010404442,"[-0.27,+0.14]",0.0,0.004106554529003492,"{""boundary"": 4, ""herding"": 12, ""kcenter"": 0, ""kmeans"": 47, ""marc"": 5, ""random"": 12}"
repeat5_0.25,all6|default|lcb=0.25|fb=herding|gap=0,80,0.7220371930445144,0.7175894919165046,herding,0.7059333595529326,0.016103833491581843,-0.0005369661010404442,"[-0.27,+0.14]",0.4125,0.004106554529003492,"{""boundary"": 4, ""herding"": 44, ""kcenter"": 0, ""kmeans"": 15, ""marc"": 5, ""random"": 12}"
repeat5_0.25,all6|herding_first|lcb=0.25|fb=none|gap=0,80,0.7220371930445144,0.7175894919165046,herding,0.7059333595529326,0.016103833491581843,-0.0005369661010404442,"[-0.27,+0.14]",0.0,0.004106554529003492,"{""boundary"": 4, ""herding"": 44, ""kcenter"": 0, ""kmeans"": 15, ""marc"": 5, ""random"": 12}"
repeat5_0.25,all6|kmeans_first|lcb=0.25|fb=herding|gap=0,80,0.7220371930445144,0.7175894919165046,herding,0.7059333595529326,0.016103833491581843,-0.0005369661010404442,"[-0.27,+0.14]",0.4125,0.004106554529003492,"{""boundary"": 4, ""herding"": 44, ""kcenter"": 0, ""kmeans"": 15, ""marc"": 5, ""random"": 12}"
repeat5_0.25,all6|kmeans_first|lcb=0.25|fb=kmeans|gap=0.005,80,0.7220312298526255,0.7171677607096203,herding,0.7059333595529326,0.016097870299692896,-0.0005429292929292952,"[-0.34,+0.24]",0.525,0.004106554529003492,"{""boundary"": 4, ""herding"": 9, ""kcenter"": 0, ""kmeans"": 54, ""marc"": 2, ""random"": 11}"
repeat5_0.25,all6|herding_first|lcb=0.25|fb=kmeans|gap=0.005,80,0.7220312298526255,0.7171677607096203,herding,0.7059333595529326,0.016097870299692896,-0.0005429292929292952,"[-0.34,+0.24]",0.525,0.004106554529003492,"{""boundary"": 4, ""herding"": 9, ""kcenter"": 0, ""kmeans"": 54, ""marc"": 2, ""random"": 11}"
repeat5_0.25,all6|default|lcb=0.25|fb=kmeans|gap=0.005,80,0.7220312298526255,0.7171677607096203,herding,0.7059333595529326,0.016097870299692896,-0.0005429292929292952,"[-0.34,+0.24]",0.525,0.004106554529003492,"{""boundary"": 4, ""herding"": 9, ""kcenter"": 0, ""kmeans"": 54, ""marc"": 2, ""random"": 11}"
repeat5_0.25,all6|marc_first|lcb=0.25|fb=kmeans|gap=0.005,80,0.7220312298526255,0.7171677607096203,herding,0.7059333595529326,0.016097870299692896,-0.0005429292929292952,"[-0.34,+0.24]",0.525,0.004106554529003492,"{""boundary"": 4, ""herding"": 9, ""kcenter"": 0, ""kmeans"": 54, ""marc"": 2, ""random"": 11}"
repeat5_0.25,no_boundary|marc_first|lcb=0.25|fb=kmeans|gap=0,80,0.7217828008737798,0.7159699946463108,herding,0.7059333595529326,0.015849441320847202,-0.0007913582717750273,"[-0.32,+0.17]",0.4125,0.004106554529003492,"{""boundary"": 0, ""herding"": 11, ""kcenter"": 0, ""kmeans"": 48, ""marc"": 6, ""random"": 15}"
repeat5_0.25,no_boundary|herding_first|lcb=0.25|fb=kmeans|gap=0,80,0.7217828008737798,0.7159699946463108,herding,0.7059333595529326,0.015849441320847202,-0.0007913582717750273,"[-0.32,+0.17]",0.4125,0.004106554529003492,"{""boundary"": 0, ""herding"": 11, ""kcenter"": 0, ""kmeans"": 48, ""marc"": 6, ""random"": 15}"
repeat5_0.25,no_boundary|kmeans_first|lcb=0.25|fb=kmeans|gap=0,80,0.7217828008737798,0.7159699946463108,herding,0.7059333595529326,0.015849441320847202,-0.0007913582717750273,"[-0.32,+0.17]",0.4125,0.004106554529003492,"{""boundary"": 0, ""herding"": 11, ""kcenter"": 0, ""kmeans"": 48, ""marc"": 6, ""random"": 15}"
repeat5_0.25,no_boundary|default|lcb=0.25|fb=kmeans|gap=0,80,0.7217828008737798,0.7159699946463108,herding,0.7059333595529326,0.015849441320847202,-0.0007913582717750273,"[-0.32,+0.17]",0.4125,0.004106554529003492,"{""boundary"": 0, ""herding"": 11, ""kcenter"": 0, ""kmeans"": 48, ""marc"": 6, ""random"": 15}"
repeat5_0.25,no_boundary|kmeans_first|lcb=0.5|fb=kmeans|gap=0,80,0.7217669626671521,0.7159690355704542,herding,0.7059333595529326,0.015833603114219552,-0.0008071964784027062,"[-0.32,+0.17]",0.4125,0.004438194082210467,"{""boundary"": 0, ""herding"": 11, ""kcenter"": 0, ""kmeans"": 50, ""marc"": 3, ""random"": 16}"
repeat5_0.25,no_boundary|marc_first|lcb=0.5|fb=kmeans|gap=0,80,0.7217669626671521,0.7159690355704542,herding,0.7059333595529326,0.015833603114219552,-0.0008071964784027062,"[-0.32,+0.17]",0.4125,0.004438194082210467,"{""boundary"": 0, ""herding"": 11, ""kcenter"": 0, ""kmeans"": 50, ""marc"": 3, ""random"": 16}"
repeat5_0.25,no_boundary|herding_first|lcb=0.5|fb=kmeans|gap=0,80,0.7217669626671521,0.7159690355704542,herding,0.7059333595529326,0.015833603114219552,-0.0008071964784027062,"[-0.32,+0.17]",0.4125,0.004438194082210467,"{""boundary"": 0, ""herding"": 11, ""kcenter"": 0, ""kmeans"": 50, ""marc"": 3, ""random"": 16}"
repeat5_0.25,no_boundary|default|lcb=0.5|fb=kmeans|gap=0,80,0.7217669626671521,0.7159690355704542,herding,0.7059333595529326,0.015833603114219552,-0.0008071964784027062,"[-0.32,+0.17]",0.4125,0.004438194082210467,"{""boundary"": 0, ""herding"": 11, ""kcenter"": 0, ""kmeans"": 50, ""marc"": 3, ""random"": 16}"
repeat5_0.25,all6|kmeans_first|lcb=0|fb=herding|gap=0,80,0.7214959341520881,0.7161967780960303,herding,0.7059333595529326,0.015562574599155554,-0.0010782249934666501,"[-0.38,+0.14]",0.4375,0.0019523809523809832,"{""boundary"": 2, ""herding"": 44, ""kcenter"": 0, ""kmeans"": 14, ""marc"": 4, ""random"": 16}"
repeat5_0.25,all6|marc_first|lcb=0|fb=herding|gap=0,80,0.7214959341520881,0.7161967780960303,herding,0.7059333595529326,0.015562574599155554,-0.0010782249934666501,"[-0.38,+0.14]",0.4375,0.0019523809523809832,"{""boundary"": 2, ""herding"": 44, ""kcenter"": 0, ""kmeans"": 14, ""marc"": 4, ""random"": 16}"
repeat5_0.25,all6|herding_first|lcb=0|fb=herding|gap=0,80,0.7214959341520881,0.7161967780960303,herding,0.7059333595529326,0.015562574599155554,-0.0010782249934666501,"[-0.38,+0.14]",0.4375,0.0019523809523809832,"{""boundary"": 2, ""herding"": 44, ""kcenter"": 0, ""kmeans"": 14, ""marc"": 4, ""random"": 16}"
repeat5_0.25,all6|default|lcb=0|fb=herding|gap=0,80,0.7214959341520881,0.7161967780960303,herding,0.7059333595529326,0.015562574599155554,-0.0010782249934666501,"[-0.38,+0.14]",0.4375,0.0019523809523809832,"{""boundary"": 2, ""herding"": 44, ""kcenter"": 0, ""kmeans"": 14, ""marc"": 4, ""random"": 16}"
repeat5_0.25,no_boundary|kmeans_first|lcb=0.25|fb=kmeans|gap=0.005,80,0.7213502960004854,0.7155266047870705,herding,0.7059333595529326,0.01541693644755282,-0.0012238631450693727,"[-0.38,+0.14]",0.525,0.004106554529003492,"{""boundary"": 0, ""herding"": 9, ""kcenter"": 0, ""kmeans"": 54, ""marc"": 2, ""random"": 15}"
repeat5_0.25,no_boundary|marc_first|lcb=0.5|fb=kmeans|gap=0.005,80,0.7213502960004854,0.7155266047870705,herding,0.7059333595529326,0.01541693644755282,-0.0012238631450693727,"[-0.38,+0.14]",0.5125,0.004438194082210467,"{""boundary"": 0, ""herding"": 9, ""kcenter"": 0, ""kmeans"": 54, ""marc"": 2, ""random"": 15}"
repeat5_0.25,no_boundary|marc_first|lcb=0.25|fb=kmeans|gap=0.005,80,0.7213502960004854,0.7155266047870705,herding,0.7059333595529326,0.01541693644755282,-0.0012238631450693727,"[-0.38,+0.14]",0.525,0.004106554529003492,"{""boundary"": 0, ""herding"": 9, ""kcenter"": 0, ""kmeans"": 54, ""marc"": 2, ""random"": 15}"
repeat5_0.25,no_boundary|kmeans_first|lcb=0.5|fb=kmeans|gap=0.005,80,0.7213502960004854,0.7155266047870705,herding,0.7059333595529326,0.01541693644755282,-0.0012238631450693727,"[-0.38,+0.14]",0.5125,0.004438194082210467,"{""boundary"": 0, ""herding"": 9, ""kcenter"": 0, ""kmeans"": 54, ""marc"": 2, ""random"": 15}"
repeat5_0.25,no_boundary|herding_first|lcb=0.5|fb=kmeans|gap=0.005,80,0.7213502960004854,0.7155266047870705,herding,0.7059333595529326,0.01541693644755282,-0.0012238631450693727,"[-0.38,+0.14]",0.5125,0.004438194082210467,"{""boundary"": 0, ""herding"": 9, ""kcenter"": 0, ""kmeans"": 54, ""marc"": 2, ""random"": 15}"
repeat5_0.25,no_boundary|default|lcb=0.5|fb=kmeans|gap=0.005,80,0.7213502960004854,0.7155266047870705,herding,0.7059333595529326,0.01541693644755282,-0.0012238631450693727,"[-0.38,+0.14]",0.5125,0.004438194082210467,"{""boundary"": 0, ""herding"": 9, ""kcenter"": 0, ""kmeans"": 54, ""marc"": 2, ""random"": 15}"
repeat5_0.25,no_boundary|herding_first|lcb=0.25|fb=kmeans|gap=0.005,80,0.7213502960004854,0.7155266047870705,herding,0.7059333595529326,0.01541693644755282,-0.0012238631450693727,"[-0.38,+0.14]",0.525,0.004106554529003492,"{""boundary"": 0, ""herding"": 9, ""kcenter"": 0, ""kmeans"": 54, ""marc"": 2, ""random"": 15}"
repeat5_0.25,no_boundary|default|lcb=0.25|fb=kmeans|gap=0.005,80,0.7213502960004854,0.7155266047870705,herding,0.7059333595529326,0.01541693644755282,-0.0012238631450693727,"[-0.38,+0.14]",0.525,0.004106554529003492,"{""boundary"": 0, ""herding"": 9, ""kcenter"": 0, ""kmeans"": 54, ""marc"": 2, ""random"": 15}"
repeat5_0.25,all6|default|lcb=0|fb=none|gap=0,80,0.721310748966903,0.7160175581098251,herding,0.7059333595529326,0.015377389413970377,-0.0012634101786518355,"[-0.41,+0.14]",0.0,0.0019523809523809832,"{""boundary"": 2, ""herding"": 40, ""kcenter"": 0, ""kmeans"": 15, ""marc"": 7, ""random"": 16}"
repeat5_0.25,all6|herding_first|lcb=0|fb=none|gap=0,80,0.721310748966903,0.7160175581098251,herding,0.7059333595529326,0.015377389413970377,-0.0012634101786518355,"[-0.41,+0.14]",0.0,0.0019523809523809832,"{""boundary"": 2, ""herding"": 40, ""kcenter"": 0, ""kmeans"": 15, ""marc"": 7, ""random"": 16}"
repeat5_0.25,all6|kmeans_first|lcb=0|fb=none|gap=0,80,0.721310748966903,0.7160175581098251,herding,0.7059333595529326,0.015377389413970377,-0.0012634101786518355,"[-0.41,+0.14]",0.0,0.0019523809523809832,"{""boundary"": 2, ""herding"": 9, ""kcenter"": 0, ""kmeans"": 46, ""marc"": 7, ""random"": 16}"
repeat5_0.25,all6|marc_first|lcb=0|fb=none|gap=0,80,0.721310748966903,0.7160175581098251,herding,0.7059333595529326,0.015377389413970377,-0.0012634101786518355,"[-0.41,+0.14]",0.0,0.0019523809523809832,"{""boundary"": 2, ""herding"": 9, ""kcenter"": 0, ""kmeans"": 15, ""marc"": 38, ""random"": 16}"
repeat5_0.25,no_boundary|herding_first|lcb=0.5|fb=kmeans|gap=0.01,80,0.7211882589634484,0.7153492116245688,herding,0.7059333595529326,0.015254899410515832,-0.0013859001821064096,"[-0.43,+0.14]",0.6125,0.004438194082210467,"{""boundary"": 0, ""herding"": 8, ""kcenter"": 0, ""kmeans"": 56, ""marc"": 1, ""random"": 15}"
repeat5_0.25,no_boundary|marc_first|lcb=0.5|fb=kmeans|gap=0.01,80,0.7211882589634484,0.7153492116245688,herding,0.7059333595529326,0.015254899410515832,-0.0013859001821064096,"[-0.43,+0.14]",0.6125,0.004438194082210467,"{""boundary"": 0, ""herding"": 8, ""kcenter"": 0, ""kmeans"": 56, ""marc"": 1, ""random"": 15}"
repeat5_0.25,no_boundary|kmeans_first|lcb=0.5|fb=kmeans|gap=0.01,80,0.7211882589634484,0.7153492116245688,herding,0.7059333595529326,0.015254899410515832,-0.0013859001821064096,"[-0.43,+0.14]",0.6125,0.004438194082210467,"{""boundary"": 0, ""herding"": 8, ""kcenter"": 0, ""kmeans"": 56, ""marc"": 1, ""random"": 15}"
repeat5_0.25,no_boundary|default|lcb=0.5|fb=kmeans|gap=0.01,80,0.7211882589634484,0.7153492116245688,herding,0.7059333595529326,0.015254899410515832,-0.0013859001821064096,"[-0.43,+0.14]",0.6125,0.004438194082210467,"{""boundary"": 0, ""herding"": 8, ""kcenter"": 0, ""kmeans"": 56, ""marc"": 1, ""random"": 15}"
repeat5_0.25,all6|marc_first|lcb=0.5|fb=kmeans|gap=0,80,0.721077185518231,0.716867095280857,herding,0.7059333595529326,0.015143825965298396,-0.0014969736273238248,"[-0.59,+0.22]",0.4125,0.0023768785528426872,"{""boundary"": 6, ""herding"": 11, ""kcenter"": 0, ""kmeans"": 50, ""marc"": 2, ""random"": 11}"
repeat5_0.25,all6|default|lcb=0.5|fb=kmeans|gap=0,80,0.721077185518231,0.716867095280857,herding,0.7059333595529326,0.015143825965298396,-0.0014969736273238248,"[-0.59,+0.22]",0.4125,0.0023768785528426872,"{""boundary"": 6, ""herding"": 11, ""kcenter"": 0, ""kmeans"": 50, ""marc"": 2, ""random"": 11}"
repeat5_0.25,all6|kmeans_first|lcb=0.5|fb=kmeans|gap=0,80,0.721077185518231,0.716867095280857,herding,0.7059333595529326,0.015143825965298396,-0.0014969736273238248,"[-0.59,+0.22]",0.4125,0.0023768785528426872,"{""boundary"": 6, ""herding"": 11, ""kcenter"": 0, ""kmeans"": 50, ""marc"": 2, ""random"": 11}"
repeat5_0.25,all6|herding_first|lcb=0.5|fb=kmeans|gap=0,80,0.721077185518231,0.716867095280857,herding,0.7059333595529326,0.015143825965298396,-0.0014969736273238248,"[-0.59,+0.22]",0.4125,0.0023768785528426872,"{""boundary"": 6, ""herding"": 11, ""kcenter"": 0, ""kmeans"": 50, ""marc"": 2, ""random"": 11}"
repeat5_0.25,all6|marc_first|lcb=0.25|fb=herding|gap=0.005,80,0.720985278151851,0.7161018468278039,herding,0.7059333595529326,0.015051918598918412,-0.0015888809937038533,"[-0.41,+0.06]",0.525,0.004106554529003492,"{""boundary"": 4, ""herding"": 51, ""kcenter"": 0, ""kmeans"": 12, ""marc"": 2, ""random"": 11}"
repeat5_0.25,all6|herding_first|lcb=0.25|fb=herding|gap=0.005,80,0.720985278151851,0.7161018468278039,herding,0.7059333595529326,0.015051918598918412,-0.0015888809937038533,"[-0.41,+0.06]",0.525,0.004106554529003492,"{""boundary"": 4, ""herding"": 51, ""kcenter"": 0, ""kmeans"": 12, ""marc"": 2, ""random"": 11}"
repeat5_0.25,all6|default|lcb=0.25|fb=herding|gap=0.005,80,0.720985278151851,0.7161018468278039,herding,0.7059333595529326,0.015051918598918412,-0.0015888809937038533,"[-0.41,+0.06]",0.525,0.004106554529003492,"{""boundary"": 4, ""herding"": 51, ""kcenter"": 0, ""kmeans"": 12, ""marc"": 2, ""random"": 11}"
repeat5_0.25,all6|kmeans_first|lcb=0.25|fb=herding|gap=0.005,80,0.720985278151851,0.7161018468278039,herding,0.7059333595529326,0.015051918598918412,-0.0015888809937038533,"[-0.41,+0.06]",0.525,0.004106554529003492,"{""boundary"": 4, ""herding"": 51, ""kcenter"": 0, ""kmeans"": 12, ""marc"": 2, ""random"": 11}"
repeat5_0.25,no_boundary|marc_first|lcb=0.25|fb=none|gap=0,80,0.7209494675404465,0.7152258550673547,herding,0.7059333595529326,0.01501610798751396,-0.0016246916051083603,"[-0.35,-0.01]",0.0,0.004106554529003492,"{""boundary"": 0, ""herding"": 12, ""kcenter"": 0, ""kmeans"": 15, ""marc"": 38, ""random"": 15}"
repeat5_0.25,no_boundary|herding_first|lcb=0.25|fb=none|gap=0,80,0.7209494675404465,0.7152258550673547,herding,0.7059333595529326,0.01501610798751396,-0.0016246916051083603,"[-0.35,-0.01]",0.0,0.004106554529003492,"{""boundary"": 0, ""herding"": 44, ""kcenter"": 0, ""kmeans"": 15, ""marc"": 6, ""random"": 15}"
repeat5_0.25,no_boundary|marc_first|lcb=0.25|fb=herding|gap=0,80,0.7209494675404465,0.7152258550673547,herding,0.7059333595529326,0.01501610798751396,-0.0016246916051083603,"[-0.35,-0.01]",0.4125,0.004106554529003492,"{""boundary"": 0, ""herding"": 44, ""kcenter"": 0, ""kmeans"": 15, ""marc"": 6, ""random"": 15}"
repeat5_0.25,no_boundary|default|lcb=0.25|fb=none|gap=0,80,0.7209494675404465,0.7152258550673547,herding,0.7059333595529326,0.01501610798751396,-0.0016246916051083603,"[-0.35,-0.01]",0.0,0.004106554529003492,"{""boundary"": 0, ""herding"": 44, ""kcenter"": 0, ""kmeans"": 15, ""marc"": 6, ""random"": 15}"
repeat5_0.25,no_boundary|kmeans_first|lcb=0.25|fb=none|gap=0,80,0.7209494675404465,0.7152258550673547,herding,0.7059333595529326,0.01501610798751396,-0.0016246916051083603,"[-0.35,-0.01]",0.0,0.004106554529003492,"{""boundary"": 0, ""herding"": 12, ""kcenter"": 0, ""kmeans"": 47, ""marc"": 6, ""random"": 15}"
repeat5_0.25,no_boundary|kmeans_first|lcb=0.25|fb=herding|gap=0,80,0.7209494675404465,0.7152258550673547,herding,0.7059333595529326,0.01501610798751396,-0.0016246916051083603,"[-0.35,-0.01]",0.4125,0.004106554529003492,"{""boundary"": 0, ""herding"": 44, ""kcenter"": 0, ""kmeans"": 15, ""marc"": 6, ""random"": 15}"
repeat5_0.25,no_boundary|herding_first|lcb=0.25|fb=herding|gap=0,80,0.7209494675404465,0.7152258550673547,herding,0.7059333595529326,0.01501610798751396,-0.0016246916051083603,"[-0.35,-0.01]",0.4125,0.004106554529003492,"{""boundary"": 0, ""herding"": 44, ""kcenter"": 0, ""kmeans"": 15, ""marc"": 6, ""random"": 15}"
repeat5_0.25,no_boundary|default|lcb=0.25|fb=herding|gap=0,80,0.7209494675404465,0.7152258550673547,herding,0.7059333595529326,0.01501610798751396,-0.0016246916051083603,"[-0.35,-0.01]",0.4125,0.004106554529003492,"{""boundary"": 0, ""herding"": 44, ""kcenter"": 0, ""kmeans"": 15, ""marc"": 6, ""random"": 15}"
repeat5_0.25,no_boundary|kmeans_first|lcb=0.5|fb=herding|gap=0,80,0.7209336293338188,0.7152248959914982,herding,0.7059333595529326,0.0150002697808862,-0.001640529811736039,"[-0.36,-0.00]",0.4125,0.004438194082210467,"{""boundary"": 0, ""herding"": 44, ""kcenter"": 0, ""kmeans"": 17, ""marc"": 3, ""random"": 16}"
repeat5_0.25,no_boundary|herding_first|lcb=0.5|fb=herding|gap=0,80,0.7209336293338188,0.7152248959914982,herding,0.7059333595529326,0.0150002697808862,-0.001640529811736039,"[-0.36,-0.00]",0.4125,0.004438194082210467,"{""boundary"": 0, ""herding"": 44, ""kcenter"": 0, ""kmeans"": 17, ""marc"": 3, ""random"": 16}"
repeat5_0.25,no_boundary|default|lcb=0.5|fb=herding|gap=0,80,0.7209336293338188,0.7152248959914982,herding,0.7059333595529326,0.0150002697808862,-0.001640529811736039,"[-0.36,-0.00]",0.4125,0.004438194082210467,"{""boundary"": 0, ""herding"": 44, ""kcenter"": 0, ""kmeans"": 17, ""marc"": 3, ""random"": 16}"
repeat5_0.25,no_boundary|herding_first|lcb=0.5|fb=none|gap=0,80,0.7209336293338188,0.7152248959914982,herding,0.7059333595529326,0.0150002697808862,-0.001640529811736039,"[-0.36,-0.00]",0.0,0.004438194082210467,"{""boundary"": 0, ""herding"": 44, ""kcenter"": 0, ""kmeans"": 17, ""marc"": 3, ""random"": 16}"
repeat5_0.25,no_boundary|kmeans_first|lcb=0.5|fb=none|gap=0,80,0.7209336293338188,0.7152248959914982,herding,0.7059333595529326,0.0150002697808862,-0.001640529811736039,"[-0.36,-0.00]",0.0,0.004438194082210467,"{""boundary"": 0, ""herding"": 12, ""kcenter"": 0, ""kmeans"": 49, ""marc"": 3, ""random"": 16}"
repeat5_0.25,no_boundary|marc_first|lcb=0.5|fb=herding|gap=0,80,0.7209336293338188,0.7152248959914982,herding,0.7059333595529326,0.0150002697808862,-0.001640529811736039,"[-0.36,-0.00]",0.4125,0.004438194082210467,"{""boundary"": 0, ""herding"": 44, ""kcenter"": 0, ""kmeans"": 17, ""marc"": 3, ""random"": 16}"
repeat5_0.25,no_boundary|default|lcb=0.5|fb=none|gap=0,80,0.7209336293338188,0.7152248959914982,herding,0.7059333595529326,0.0150002697808862,-0.001640529811736039,"[-0.36,-0.00]",0.0,0.004438194082210467,"{""boundary"": 0, ""herding"": 44, ""kcenter"": 0, ""kmeans"": 17, ""marc"": 3, ""random"": 16}"
repeat5_0.25,no_boundary|marc_first|lcb=0.5|fb=none|gap=0,80,0.7209336293338188,0.7152248959914982,herding,0.7059333595529326,0.0150002697808862,-0.001640529811736039,"[-0.36,-0.00]",0.0,0.004438194082210467,"{""boundary"": 0, ""herding"": 12, ""kcenter"": 0, ""kmeans"": 17, ""marc"": 35, ""random"": 16}"
repeat5_0.25,no_boundary|marc_first|lcb=0|fb=herding|gap=0,80,0.7208105786515575,0.7150063293627926,herding,0.7059333595529326,0.014877219098624939,-0.0017635804939972472,"[-0.44,+0.06]",0.4375,0.0019523809523809832,"{""boundary"": 0, ""herding"": 44, ""kcenter"": 0, ""kmeans"": 14, ""marc"": 5, ""random"": 17}"
repeat5_0.25,no_boundary|herding_first|lcb=0|fb=herding|gap=0,80,0.7208105786515575,0.7150063293627926,herding,0.7059333595529326,0.014877219098624939,-0.0017635804939972472,"[-0.44,+0.06]",0.4375,0.0019523809523809832,"{""boundary"": 0, ""herding"": 44, ""kcenter"": 0, ""kmeans"": 14, ""marc"": 5, ""random"": 17}"
repeat5_0.25,no_boundary|default|lcb=0|fb=herding|gap=0,80,0.7208105786515575,0.7150063293627926,herding,0.7059333595529326,0.014877219098624939,-0.0017635804939972472,"[-0.44,+0.06]",0.4375,0.0019523809523809832,"{""boundary"": 0, ""herding"": 44, ""kcenter"": 0, ""kmeans"": 14, ""marc"": 5, ""random"": 17}"
repeat5_0.25,no_boundary|kmeans_first|lcb=0|fb=herding|gap=0,80,0.7208105786515575,0.7150063293627926,herding,0.7059333595529326,0.014877219098624939,-0.0017635804939972472,"[-0.44,+0.06]",0.4375,0.0019523809523809832,"{""boundary"": 0, ""herding"": 44, ""kcenter"": 0, ""kmeans"": 14, ""marc"": 5, ""random"": 17}"
repeat5_0.25,no_boundary|herding_first|lcb=0.5|fb=herding|gap=0.005,80,0.7207602119391747,0.7148427170397056,herding,0.7059333595529326,0.01482685238624215,-0.001813947206380139,"[-0.38,-0.01]",0.5125,0.004438194082210467,"{""boundary"": 0, ""herding"": 50, ""kcenter"": 0, ""kmeans"": 13, ""marc"": 2, ""random"": 15}"
repeat5_0.25,no_boundary|default|lcb=0.5|fb=herding|gap=0.005,80,0.7207602119391747,0.7148427170397056,herding,0.7059333595529326,0.01482685238624215,-0.001813947206380139,"[-0.38,-0.01]",0.5125,0.004438194082210467,"{""boundary"": 0, ""herding"": 50, ""kcenter"": 0, ""kmeans"": 13, ""marc"": 2, ""random"": 15}"
repeat5_0.25,no_boundary|kmeans_first|lcb=0.5|fb=herding|gap=0.005,80,0.7207602119391747,0.7148427170397056,herding,0.7059333595529326,0.01482685238624215,-0.001813947206380139,"[-0.38,-0.01]",0.5125,0.004438194082210467,"{""boundary"": 0, ""herding"": 50, ""kcenter"": 0, ""kmeans"": 13, ""marc"": 2, ""random"": 15}"
repeat5_0.25,no_boundary|marc_first|lcb=0.5|fb=herding|gap=0.005,80,0.7207602119391747,0.7148427170397056,herding,0.7059333595529326,0.01482685238624215,-0.001813947206380139,"[-0.38,-0.01]",0.5125,0.004438194082210467,"{""boundary"": 0, ""herding"": 50, ""kcenter"": 0, ""kmeans"": 13, ""marc"": 2, ""random"": 15}"
repeat5_0.25,no_boundary|default|lcb=0.5|fb=herding|gap=0.01,80,0.7207309721730928,0.7147603071679638,herding,0.7059333595529326,0.014797612620160217,-0.0018431869724620125,"[-0.39,-0.01]",0.6125,0.004438194082210467,"{""boundary"": 0, ""herding"": 57, ""kcenter"": 0, ""kmeans"": 7, ""marc"": 1, ""random"": 15}"
repeat5_0.25,no_boundary|marc_first|lcb=0.5|fb=herding|gap=0.01,80,0.7207309721730928,0.7147603071679638,herding,0.7059333595529326,0.014797612620160217,-0.0018431869724620125,"[-0.39,-0.01]",0.6125,0.004438194082210467,"{""boundary"": 0, ""herding"": 57, ""kcenter"": 0, ""kmeans"": 7, ""marc"": 1, ""random"": 15}"
repeat5_0.25,no_boundary|kmeans_first|lcb=0.5|fb=herding|gap=0.01,80,0.7207309721730928,0.7147603071679638,herding,0.7059333595529326,0.014797612620160217,-0.0018431869724620125,"[-0.39,-0.01]",0.6125,0.004438194082210467,"{""boundary"": 0, ""herding"": 57, ""kcenter"": 0, ""kmeans"": 7, ""marc"": 1, ""random"": 15}"
repeat5_0.25,no_boundary|herding_first|lcb=0.5|fb=herding|gap=0.01,80,0.7207309721730928,0.7147603071679638,herding,0.7059333595529326,0.014797612620160217,-0.0018431869724620125,"[-0.39,-0.01]",0.6125,0.004438194082210467,"{""boundary"": 0, ""herding"": 57, ""kcenter"": 0, ""kmeans"": 7, ""marc"": 1, ""random"": 15}"
repeat5_0.25,no_boundary|herding_first|lcb=0|fb=none|gap=0,80,0.7206253934663724,0.7148271093765872,herding,0.7059333595529326,0.014692033913439873,-0.0019487656791824328,"[-0.47,+0.06]",0.0,0.0019523809523809832,"{""boundary"": 0, ""herding"": 40, ""kcenter"": 0, ""kmeans"": 15, ""marc"": 8, ""random"": 17}"
repeat5_0.25,no_boundary|kmeans_first|lcb=0|fb=none|gap=0,80,0.7206253934663724,0.7148271093765872,herding,0.7059333595529326,0.014692033913439873,-0.0019487656791824328,"[-0.47,+0.06]",0.0,0.0019523809523809832,"{""boundary"": 0, ""herding"": 9, ""kcenter"": 0, ""kmeans"": 46, ""marc"": 8, ""random"": 17}"
repeat5_0.25,no_boundary|default|lcb=0|fb=none|gap=0,80,0.7206253934663724,0.7148271093765872,herding,0.7059333595529326,0.014692033913439873,-0.0019487656791824328,"[-0.47,+0.06]",0.0,0.0019523809523809832,"{""boundary"": 0, ""herding"": 40, ""kcenter"": 0, ""kmeans"": 15, ""marc"": 8, ""random"": 17}"
repeat5_0.25,no_boundary|marc_first|lcb=0|fb=none|gap=0,80,0.7206253934663724,0.7148271093765872,herding,0.7059333595529326,0.014692033913439873,-0.0019487656791824328,"[-0.47,+0.06]",0.0,0.0019523809523809832,"{""boundary"": 0, ""herding"": 9, ""kcenter"": 0, ""kmeans"": 15, ""marc"": 39, ""random"": 17}"
repeat5_0.25,no_boundary|marc_first|lcb=0.25|fb=herding|gap=0.01,80,0.7206067031672448,0.7146389152480104,herding,0.7059333595529326,0.014673343614312273,-0.001967455978309963,"[-0.38,-0.05]",0.625,0.004106554529003492,"{""boundary"": 0, ""herding"": 56, ""kcenter"": 0, ""kmeans"": 9, ""marc"": 0, ""random"": 15}"
repeat5_0.25,no_boundary|kmeans_first|lcb=0|fb=herding|gap=0.01,80,0.7206067031672448,0.7146389152480104,herding,0.7059333595529326,0.014673343614312273,-0.001967455978309963,"[-0.38,-0.05]",0.625,0.0019523809523809832,"{""boundary"": 0, ""herding"": 56, ""kcenter"": 0, ""kmeans"": 9, ""marc"": 0, ""random"": 15}"
repeat5_0.25,no_boundary|herding_first|lcb=0.25|fb=herding|gap=0.01,80,0.7206067031672448,0.7146389152480104,herding,0.7059333595529326,0.014673343614312273,-0.001967455978309963,"[-0.38,-0.05]",0.625,0.004106554529003492,"{""boundary"": 0, ""herding"": 56, ""kcenter"": 0, ""kmeans"": 9, ""marc"": 0, ""random"": 15}"
repeat5_0.25,no_boundary|kmeans_first|lcb=0.25|fb=herding|gap=0.01,80,0.7206067031672448,0.7146389152480104,herding,0.7059333595529326,0.014673343614312273,-0.001967455978309963,"[-0.38,-0.05]",0.625,0.004106554529003492,"{""boundary"": 0, ""herding"": 56, ""kcenter"": 0, ""kmeans"": 9, ""marc"": 0, ""random"": 15}"
repeat5_0.25,no_boundary|herding_first|lcb=0|fb=herding|gap=0.01,80,0.7206067031672448,0.7146389152480104,herding,0.7059333595529326,0.014673343614312273,-0.001967455978309963,"[-0.38,-0.05]",0.625,0.0019523809523809832,"{""boundary"": 0, ""herding"": 56, ""kcenter"": 0, ""kmeans"": 9, ""marc"": 0, ""random"": 15}"
repeat5_0.25,no_boundary|default|lcb=0|fb=herding|gap=0.01,80,0.7206067031672448,0.7146389152480104,herding,0.7059333595529326,0.014673343614312273,-0.001967455978309963,"[-0.38,-0.05]",0.625,0.0019523809523809832,"{""boundary"": 0, ""herding"": 56, ""kcenter"": 0, ""kmeans"": 9, ""marc"": 0, ""random"": 15}"
repeat5_0.25,no_boundary|marc_first|lcb=0|fb=herding|gap=0.01,80,0.7206067031672448,0.7146389152480104,herding,0.7059333595529326,0.014673343614312273,-0.001967455978309963,"[-0.38,-0.05]",0.625,0.0019523809523809832,"{""boundary"": 0, ""herding"": 56, ""kcenter"": 0, ""kmeans"": 9, ""marc"": 0, ""random"": 15}"
repeat5_0.25,no_boundary|default|lcb=0.25|fb=herding|gap=0.01,80,0.7206067031672448,0.7146389152480104,herding,0.7059333595529326,0.014673343614312273,-0.001967455978309963,"[-0.38,-0.05]",0.625,0.004106554529003492,"{""boundary"": 0, ""herding"": 56, ""kcenter"": 0, ""kmeans"": 9, ""marc"": 0, ""random"": 15}"
repeat5_0.25,no_boundary|herding_first|lcb=0|fb=herding|gap=0.02,80,0.7205879822699657,0.7142201965298073,herding,0.7059333595529326,0.014654622717033106,-0.0019861768755891256,"[-0.36,-0.06]",0.75,0.0019523809523809832,"{""boundary"": 0, ""herding"": 63, ""kcenter"": 0, ""kmeans"": 3, ""marc"": 0, ""random"": 14}"
repeat5_0.25,no_boundary|marc_first|lcb=0|fb=herding|gap=0.02,80,0.7205879822699657,0.7142201965298073,herding,0.7059333595529326,0.014654622717033106,-0.0019861768755891256,"[-0.36,-0.06]",0.75,0.0019523809523809832,"{""boundary"": 0, ""herding"": 63, ""kcenter"": 0, ""kmeans"": 3, ""marc"": 0, ""random"": 14}"
repeat5_0.25,no_boundary|default|lcb=0|fb=herding|gap=0.02,80,0.7205879822699657,0.7142201965298073,herding,0.7059333595529326,0.014654622717033106,-0.0019861768755891256,"[-0.36,-0.06]",0.75,0.0019523809523809832,"{""boundary"": 0, ""herding"": 63, ""kcenter"": 0, ""kmeans"": 3, ""marc"": 0, ""random"": 14}"
repeat5_0.25,no_boundary|kmeans_first|lcb=0|fb=herding|gap=0.02,80,0.7205879822699657,0.7142201965298073,herding,0.7059333595529326,0.014654622717033106,-0.0019861768755891256,"[-0.36,-0.06]",0.75,0.0019523809523809832,"{""boundary"": 0, ""herding"": 63, ""kcenter"": 0, ""kmeans"": 3, ""marc"": 0, ""random"": 14}"
repeat5_0.25,all6|default|lcb=0|fb=kmeans|gap=0,80,0.7204774156335697,0.715190746573197,herding,0.7059333595529326,0.014544056080637136,-0.0020967435119851685,"[-0.52,+0.07]",0.4375,0.0019523809523809832,"{""boundary"": 2, ""herding"": 9, ""kcenter"": 0, ""kmeans"": 49, ""marc"": 4, ""random"": 16}"
repeat5_0.25,all6|kmeans_first|lcb=0|fb=kmeans|gap=0,80,0.7204774156335697,0.715190746573197,herding,0.7059333595529326,0.014544056080637136,-0.0020967435119851685,"[-0.52,+0.07]",0.4375,0.0019523809523809832,"{""boundary"": 2, ""herding"": 9, ""kcenter"": 0, ""kmeans"": 49, ""marc"": 4, ""random"": 16}"
repeat5_0.25,all6|herding_first|lcb=0|fb=kmeans|gap=0,80,0.7204774156335697,0.715190746573197,herding,0.7059333595529326,0.014544056080637136,-0.0020967435119851685,"[-0.52,+0.07]",0.4375,0.0019523809523809832,"{""boundary"": 2, ""herding"": 9, ""kcenter"": 0, ""kmeans"": 49, ""marc"": 4, ""random"": 16}"
repeat5_0.25,all6|marc_first|lcb=0|fb=kmeans|gap=0,80,0.7204774156335697,0.715190746573197,herding,0.7059333595529326,0.014544056080637136,-0.0020967435119851685,"[-0.52,+0.07]",0.4375,0.0019523809523809832,"{""boundary"": 2, ""herding"": 9, ""kcenter"": 0, ""kmeans"": 49, ""marc"": 4, ""random"": 16}"
repeat5_0.25,all6|marc_first|lcb=0|fb=herding|gap=0.02,80,0.720446489521469,0.7146039497377474,herding,0.7059333595529326,0.014513129968536376,-0.0021276696240857653,"[-0.42,-0.02]",0.7625,0.0019523809523809832,"{""boundary"": 2, ""herding"": 64, ""kcenter"": 0, ""kmeans"": 3, ""marc"": 0, ""random"": 11}"
repeat5_0.25,all6|kmeans_first|lcb=0|fb=herding|gap=0.02,80,0.720446489521469,0.7146039497377474,herding,0.7059333595529326,0.014513129968536376,-0.0021276696240857653,"[-0.42,-0.02]",0.7625,0.0019523809523809832,"{""boundary"": 2, ""herding"": 64, ""kcenter"": 0, ""kmeans"": 3, ""marc"": 0, ""random"": 11}"
repeat5_0.25,all6|default|lcb=0|fb=herding|gap=0.02,80,0.720446489521469,0.7146039497377474,herding,0.7059333595529326,0.014513129968536376,-0.0021276696240857653,"[-0.42,-0.02]",0.7625,0.0019523809523809832,"{""boundary"": 2, ""herding"": 64, ""kcenter"": 0, ""kmeans"": 3, ""marc"": 0, ""random"": 11}"
repeat5_0.25,all6|herding_first|lcb=0|fb=herding|gap=0.02,80,0.720446489521469,0.7146039497377474,herding,0.7059333595529326,0.014513129968536376,-0.0021276696240857653,"[-0.42,-0.02]",0.7625,0.0019523809523809832,"{""boundary"": 2, ""herding"": 64, ""kcenter"": 0, ""kmeans"": 3, ""marc"": 0, ""random"": 11}"
repeat5_0.25,no_boundary|default|lcb=0.25|fb=herding|gap=0.005,80,0.7204215179820597,0.7144611854616011,herding,0.7059333595529326,0.014488158429127096,-0.002152641163495151,"[-0.42,-0.04]",0.525,0.004106554529003492,"{""boundary"": 0, ""herding"": 51, ""kcenter"": 0, ""kmeans"": 12, ""marc"": 2, ""random"": 15}"
repeat5_0.25,no_boundary|kmeans_first|lcb=0.25|fb=herding|gap=0.005,80,0.7204215179820597,0.7144611854616011,herding,0.7059333595529326,0.014488158429127096,-0.002152641163495151,"[-0.42,-0.04]",0.525,0.004106554529003492,"{""boundary"": 0, ""herding"": 51, ""kcenter"": 0, ""kmeans"": 12, ""marc"": 2, ""random"": 15}"
repeat5_0.25,no_boundary|herding_first|lcb=0.25|fb=herding|gap=0.005,80,0.7204215179820597,0.7144611854616011,herding,0.7059333595529326,0.014488158429127096,-0.002152641163495151,"[-0.42,-0.04]",0.525,0.004106554529003492,"{""boundary"": 0, ""herding"": 51, ""kcenter"": 0, ""kmeans"": 12, ""marc"": 2, ""random"": 15}"
repeat5_0.25,no_boundary|marc_first|lcb=0.25|fb=herding|gap=0.005,80,0.7204215179820597,0.7144611854616011,herding,0.7059333595529326,0.014488158429127096,-0.002152641163495151,"[-0.42,-0.04]",0.525,0.004106554529003492,"{""boundary"": 0, ""herding"": 51, ""kcenter"": 0, ""kmeans"": 12, ""marc"": 2, ""random"": 15}"
repeat5_0.25,all6|kmeans_first|lcb=0|fb=herding|gap=0.005,80,0.7204152785448863,0.7146293645386679,herding,0.7059333595529326,0.014481918991953724,-0.0021588806006684396,"[-0.47,+0.01]",0.575,0.0019523809523809832,"{""boundary"": 2, ""herding"": 54, ""kcenter"": 0, ""kmeans"": 10, ""marc"": 1, ""random"": 13}"
repeat5_0.25,all6|marc_first|lcb=0|fb=herding|gap=0.005,80,0.7204152785448863,0.7146293645386679,herding,0.7059333595529326,0.014481918991953724,-0.0021588806006684396,"[-0.47,+0.01]",0.575,0.0019523809523809832,"{""boundary"": 2, ""herding"": 54, ""kcenter"": 0, ""kmeans"": 10, ""marc"": 1, ""random"": 13}"
repeat5_0.25,all6|herding_first|lcb=0|fb=herding|gap=0.005,80,0.7204152785448863,0.7146293645386679,herding,0.7059333595529326,0.014481918991953724,-0.0021588806006684396,"[-0.47,+0.01]",0.575,0.0019523809523809832,"{""boundary"": 2, ""herding"": 54, ""kcenter"": 0, ""kmeans"": 10, ""marc"": 1, ""random"": 13}"
repeat5_0.25,all6|default|lcb=0|fb=herding|gap=0.005,80,0.7204152785448863,0.7146293645386679,herding,0.7059333595529326,0.014481918991953724,-0.0021588806006684396,"[-0.47,+0.01]",0.575,0.0019523809523809832,"{""boundary"": 2, ""herding"": 54, ""kcenter"": 0, ""kmeans"": 10, ""marc"": 1, ""random"": 13}"
repeat5_0.25,all6|marc_first|lcb=0.25|fb=herding|gap=0.01,80,0.7204099398138666,0.7144585975231451,herding,0.7059333595529326,0.014476580260934013,-0.002164219331688103,"[-0.44,-0.02]",0.65,0.004106554529003492,"{""boundary"": 2, ""herding"": 58, ""kcenter"": 0, ""kmeans"": 9, ""marc"": 0, ""random"": 11}"
repeat5_0.25,all6|default|lcb=0|fb=herding|gap=0.01,80,0.7204099398138666,0.7144585975231451,herding,0.7059333595529326,0.014476580260934013,-0.002164219331688103,"[-0.44,-0.02]",0.65,0.0019523809523809832,"{""boundary"": 2, ""herding"": 58, ""kcenter"": 0, ""kmeans"": 9, ""marc"": 0, ""random"": 11}"
repeat5_0.25,all6|herding_first|lcb=0.25|fb=herding|gap=0.01,80,0.7204099398138666,0.7144585975231451,herding,0.7059333595529326,0.014476580260934013,-0.002164219331688103,"[-0.44,-0.02]",0.65,0.004106554529003492,"{""boundary"": 2, ""herding"": 58, ""kcenter"": 0, ""kmeans"": 9, ""marc"": 0, ""random"": 11}"
repeat5_0.25,all6|herding_first|lcb=0|fb=herding|gap=0.01,80,0.7204099398138666,0.7144585975231451,herding,0.7059333595529326,0.014476580260934013,-0.002164219331688103,"[-0.44,-0.02]",0.65,0.0019523809523809832,"{""boundary"": 2, ""herding"": 58, ""kcenter"": 0, ""kmeans"": 9, ""marc"": 0, ""random"": 11}"
repeat5_0.25,all6|kmeans_first|lcb=0|fb=herding|gap=0.01,80,0.7204099398138666,0.7144585975231451,herding,0.7059333595529326,0.014476580260934013,-0.002164219331688103,"[-0.44,-0.02]",0.65,0.0019523809523809832,"{""boundary"": 2, ""herding"": 58, ""kcenter"": 0, ""kmeans"": 9, ""marc"": 0, ""random"": 11}"
repeat5_0.25,all6|default|lcb=0.25|fb=herding|gap=0.01,80,0.7204099398138666,0.7144585975231451,herding,0.7059333595529326,0.014476580260934013,-0.002164219331688103,"[-0.44,-0.02]",0.65,0.004106554529003492,"{""boundary"": 2, ""herding"": 58, ""kcenter"": 0, ""kmeans"": 9, ""marc"": 0, ""random"": 11}"
repeat5_0.25,all6|marc_first|lcb=0|fb=herding|gap=0.01,80,0.7204099398138666,0.7144585975231451,herding,0.7059333595529326,0.014476580260934013,-0.002164219331688103,"[-0.44,-0.02]",0.65,0.0019523809523809832,"{""boundary"": 2, ""herding"": 58, ""kcenter"": 0, ""kmeans"": 9, ""marc"": 0, ""random"": 11}"
repeat5_0.25,all6|kmeans_first|lcb=0.25|fb=herding|gap=0.01,80,0.7204099398138666,0.7144585975231451,herding,0.7059333595529326,0.014476580260934013,-0.002164219331688103,"[-0.44,-0.02]",0.65,0.004106554529003492,"{""boundary"": 2, ""herding"": 58, ""kcenter"": 0, ""kmeans"": 9, ""marc"": 0, ""random"": 11}"
repeat5_0.25,no_boundary|default|lcb=0|fb=herding|gap=0.005,80,0.7202826290931708,0.7141845304539616,herding,0.7059333595529326,0.014349269540238185,-0.002291530052384038,"[-0.45,-0.04]",0.5625,0.0019523809523809832,"{""boundary"": 0, ""herding"": 53, ""kcenter"": 0, ""kmeans"": 10, ""marc"": 1, ""random"": 16}"
repeat5_0.25,no_boundary|marc_first|lcb=0|fb=herding|gap=0.005,80,0.7202826290931708,0.7141845304539616,herding,0.7059333595529326,0.014349269540238185,-0.002291530052384038,"[-0.45,-0.04]",0.5625,0.0019523809523809832,"{""boundary"": 0, ""herding"": 53, ""kcenter"": 0, ""kmeans"": 10, ""marc"": 1, ""random"": 16}"
repeat5_0.25,no_boundary|kmeans_first|lcb=0|fb=herding|gap=0.005,80,0.7202826290931708,0.7141845304539616,herding,0.7059333595529326,0.014349269540238185,-0.002291530052384038,"[-0.45,-0.04]",0.5625,0.0019523809523809832,"{""boundary"": 0, ""herding"": 53, ""kcenter"": 0, ""kmeans"": 10, ""marc"": 1, ""random"": 16}"
repeat5_0.25,no_boundary|herding_first|lcb=0|fb=herding|gap=0.005,80,0.7202826290931708,0.7141845304539616,herding,0.7059333595529326,0.014349269540238185,-0.002291530052384038,"[-0.45,-0.04]",0.5625,0.0019523809523809832,"{""boundary"": 0, ""herding"": 53, ""kcenter"": 0, ""kmeans"": 10, ""marc"": 1, ""random"": 16}"
repeat5_0.25,all6|marc_first|lcb=0.5|fb=herding|gap=0,80,0.7202438521848976,0.7161229557019011,herding,0.7059333595529326,0.014310492631965044,-0.002330306960657158,"[-0.66,+0.08]",0.4125,0.0023768785528426872,"{""boundary"": 6, ""herding"": 44, ""kcenter"": 0, ""kmeans"": 17, ""marc"": 2, ""random"": 11}"
repeat5_0.25,all6|marc_first|lcb=0.5|fb=none|gap=0,80,0.7202438521848976,0.7161229557019011,herding,0.7059333595529326,0.014310492631965044,-0.002330306960657158,"[-0.66,+0.08]",0.0,0.0023768785528426872,"{""boundary"": 6, ""herding"": 12, ""kcenter"": 0, ""kmeans"": 17, ""marc"": 34, ""random"": 11}"
repeat5_0.25,all6|default|lcb=0.5|fb=none|gap=0,80,0.7202438521848976,0.7161229557019011,herding,0.7059333595529326,0.014310492631965044,-0.002330306960657158,"[-0.66,+0.08]",0.0,0.0023768785528426872,"{""boundary"": 6, ""herding"": 44, ""kcenter"": 0, ""kmeans"": 17, ""marc"": 2, ""random"": 11}"
repeat5_0.25,all6|kmeans_first|lcb=0.5|fb=none|gap=0,80,0.7202438521848976,0.7161229557019011,herding,0.7059333595529326,0.014310492631965044,-0.002330306960657158,"[-0.66,+0.08]",0.0,0.0023768785528426872,"{""boundary"": 6, ""herding"": 12, ""kcenter"": 0, ""kmeans"": 49, ""marc"": 2, ""random"": 11}"
repeat5_0.25,all6|herding_first|lcb=0.5|fb=none|gap=0,80,0.7202438521848976,0.7161229557019011,herding,0.7059333595529326,0.014310492631965044,-0.002330306960657158,"[-0.66,+0.08]",0.0,0.0023768785528426872,"{""boundary"": 6, ""herding"": 44, ""kcenter"": 0, ""kmeans"": 17, ""marc"": 2, ""random"": 11}"
repeat5_0.25,all6|kmeans_first|lcb=0.5|fb=herding|gap=0,80,0.7202438521848976,0.7161229557019011,herding,0.7059333595529326,0.014310492631965044,-0.002330306960657158,"[-0.66,+0.08]",0.4125,0.0023768785528426872,"{""boundary"": 6, ""herding"": 44, ""kcenter"": 0, ""kmeans"": 17, ""marc"": 2, ""random"": 11}"
repeat5_0.25,all6|default|lcb=0.5|fb=herding|gap=0,80,0.7202438521848976,0.7161229557019011,herding,0.7059333595529326,0.014310492631965044,-0.002330306960657158,"[-0.66,+0.08]",0.4125,0.0023768785528426872,"{""boundary"": 6, ""herding"": 44, ""kcenter"": 0, ""kmeans"": 17, ""marc"": 2, ""random"": 11}"
repeat5_0.25,all6|herding_first|lcb=0.5|fb=herding|gap=0,80,0.7202438521848976,0.7161229557019011,herding,0.7059333595529326,0.014310492631965044,-0.002330306960657158,"[-0.66,+0.08]",0.4125,0.0023768785528426872,"{""boundary"": 6, ""herding"": 44, ""kcenter"": 0, ""kmeans"": 17, ""marc"": 2, ""random"": 11}"
repeat5_0.25,no_boundary|default|lcb=0.25|fb=herding|gap=0.02,80,0.7201635040244756,0.713456505239211,herding,0.7059333595529326,0.014230144471543027,-0.002410655121079044,"[-0.42,-0.08]",0.7375,0.004106554529003492,"{""boundary"": 0, ""herding"": 64, ""kcenter"": 0, ""kmeans"": 3, ""marc"": 0, ""random"": 13}"
repeat5_0.25,no_boundary|marc_first|lcb=0.25|fb=herding|gap=0.02,80,0.7201635040244756,0.713456505239211,herding,0.7059333595529326,0.014230144471543027,-0.002410655121079044,"[-0.42,-0.08]",0.7375,0.004106554529003492,"{""boundary"": 0, ""herding"": 64, ""kcenter"": 0, ""kmeans"": 3, ""marc"": 0, ""random"": 13}"
repeat5_0.25,no_boundary|kmeans_first|lcb=0.25|fb=herding|gap=0.02,80,0.7201635040244756,0.713456505239211,herding,0.7059333595529326,0.014230144471543027,-0.002410655121079044,"[-0.42,-0.08]",0.7375,0.004106554529003492,"{""boundary"": 0, ""herding"": 64, ""kcenter"": 0, ""kmeans"": 3, ""marc"": 0, ""random"": 13}"
repeat5_0.25,no_boundary|herding_first|lcb=0.25|fb=herding|gap=0.02,80,0.7201635040244756,0.713456505239211,herding,0.7059333595529326,0.014230144471543027,-0.002410655121079044,"[-0.42,-0.08]",0.7375,0.004106554529003492,"{""boundary"": 0, ""herding"": 64, ""kcenter"": 0, ""kmeans"": 3, ""marc"": 0, ""random"": 13}"
repeat5_0.25,no_boundary|herding_first|lcb=0|fb=kmeans|gap=0,80,0.719792060133039,0.7140002978399592,herding,0.7059333595529326,0.013858700580106409,-0.002782099012515766,"[-0.57,-0.01]",0.4375,0.0019523809523809832,"{""boundary"": 0, ""herding"": 9, ""kcenter"": 0, ""kmeans"": 49, ""marc"": 5, ""random"": 17}"
repeat5_0.25,no_boundary|default|lcb=0|fb=kmeans|gap=0,80,0.719792060133039,0.7140002978399592,herding,0.7059333595529326,0.013858700580106409,-0.002782099012515766,"[-0.57,-0.01]",0.4375,0.0019523809523809832,"{""boundary"": 0, ""herding"": 9, ""kcenter"": 0, ""kmeans"": 49, ""marc"": 5, ""random"": 17}"
repeat5_0.25,no_boundary|kmeans_first|lcb=0|fb=kmeans|gap=0,80,0.719792060133039,0.7140002978399592,herding,0.7059333595529326,0.013858700580106409,-0.002782099012515766,"[-0.57,-0.01]",0.4375,0.0019523809523809832,"{""boundary"": 0, ""herding"": 9, ""kcenter"": 0, ""kmeans"": 49, ""marc"": 5, ""random"": 17}"
repeat5_0.25,no_boundary|marc_first|lcb=0|fb=kmeans|gap=0,80,0.719792060133039,0.7140002978399592,herding,0.7059333595529326,0.013858700580106409,-0.002782099012515766,"[-0.57,-0.01]",0.4375,0.0019523809523809832,"{""boundary"": 0, ""herding"": 9, ""kcenter"": 0, ""kmeans"": 49, ""marc"": 5, ""random"": 17}"
repeat5_0.25,no_boundary|default|lcb=0|fb=kmeans|gap=0.01,80,0.7194984441486336,0.713560555113661,herding,0.7059333595529326,0.013565084595701049,-0.003075714996921224,"[-0.70,+0.04]",0.625,0.0019523809523809832,"{""boundary"": 0, ""herding"": 6, ""kcenter"": 0, ""kmeans"": 59, ""marc"": 0, ""random"": 15}"
repeat5_0.25,no_boundary|herding_first|lcb=0|fb=kmeans|gap=0.01,80,0.7194984441486336,0.713560555113661,herding,0.7059333595529326,0.013565084595701049,-0.003075714996921224,"[-0.70,+0.04]",0.625,0.0019523809523809832,"{""boundary"": 0, ""herding"": 6, ""kcenter"": 0, ""kmeans"": 59, ""marc"": 0, ""random"": 15}"
repeat5_0.25,no_boundary|herding_first|lcb=0.25|fb=kmeans|gap=0.01,80,0.7194984441486336,0.713560555113661,herding,0.7059333595529326,0.013565084595701049,-0.003075714996921224,"[-0.70,+0.04]",0.625,0.004106554529003492,"{""boundary"": 0, ""herding"": 6, ""kcenter"": 0, ""kmeans"": 59, ""marc"": 0, ""random"": 15}"
repeat5_0.25,no_boundary|marc_first|lcb=0|fb=kmeans|gap=0.01,80,0.7194984441486336,0.713560555113661,herding,0.7059333595529326,0.013565084595701049,-0.003075714996921224,"[-0.70,+0.04]",0.625,0.0019523809523809832,"{""boundary"": 0, ""herding"": 6, ""kcenter"": 0, ""kmeans"": 59, ""marc"": 0, ""random"": 15}"
repeat5_0.25,no_boundary|default|lcb=0.25|fb=kmeans|gap=0.01,80,0.7194984441486336,0.713560555113661,herding,0.7059333595529326,0.013565084595701049,-0.003075714996921224,"[-0.70,+0.04]",0.625,0.004106554529003492,"{""boundary"": 0, ""herding"": 6, ""kcenter"": 0, ""kmeans"": 59, ""marc"": 0, ""random"": 15}"
repeat5_0.25,no_boundary|marc_first|lcb=0.25|fb=kmeans|gap=0.01,80,0.7194984441486336,0.713560555113661,herding,0.7059333595529326,0.013565084595701049,-0.003075714996921224,"[-0.70,+0.04]",0.625,0.004106554529003492,"{""boundary"": 0, ""herding"": 6, ""kcenter"": 0, ""kmeans"": 59, ""marc"": 0, ""random"": 15}"
repeat5_0.25,no_boundary|kmeans_first|lcb=0.25|fb=kmeans|gap=0.01,80,0.7194984441486336,0.713560555113661,herding,0.7059333595529326,0.013565084595701049,-0.003075714996921224,"[-0.70,+0.04]",0.625,0.004106554529003492,"{""boundary"": 0, ""herding"": 6, ""kcenter"": 0, ""kmeans"": 59, ""marc"": 0, ""random"": 15}"
repeat5_0.25,no_boundary|kmeans_first|lcb=0|fb=kmeans|gap=0.01,80,0.7194984441486336,0.713560555113661,herding,0.7059333595529326,0.013565084595701049,-0.003075714996921224,"[-0.70,+0.04]",0.625,0.0019523809523809832,"{""boundary"": 0, ""herding"": 6, ""kcenter"": 0, ""kmeans"": 59, ""marc"": 0, ""random"": 15}"
repeat5_0.25,all6|herding_first|lcb=0.25|fb=kmeans|gap=0.01,80,0.7194387518953616,0.713426914784454,herding,0.7059333595529326,0.013505392342428979,-0.0031354072501932444,"[-0.73,+0.06]",0.65,0.004106554529003492,"{""boundary"": 2, ""herding"": 6, ""kcenter"": 0, ""kmeans"": 61, ""marc"": 0, ""random"": 11}"
repeat5_0.25,all6|kmeans_first|lcb=0|fb=kmeans|gap=0.01,80,0.7194387518953616,0.713426914784454,herding,0.7059333595529326,0.013505392342428979,-0.0031354072501932444,"[-0.73,+0.06]",0.65,0.0019523809523809832,"{""boundary"": 2, ""herding"": 6, ""kcenter"": 0, ""kmeans"": 61, ""marc"": 0, ""random"": 11}"
repeat5_0.25,all6|kmeans_first|lcb=0.25|fb=kmeans|gap=0.01,80,0.7194387518953616,0.713426914784454,herding,0.7059333595529326,0.013505392342428979,-0.0031354072501932444,"[-0.73,+0.06]",0.65,0.004106554529003492,"{""boundary"": 2, ""herding"": 6, ""kcenter"": 0, ""kmeans"": 61, ""marc"": 0, ""random"": 11}"
repeat5_0.25,all6|marc_first|lcb=0.25|fb=kmeans|gap=0.01,80,0.7194387518953616,0.713426914784454,herding,0.7059333595529326,0.013505392342428979,-0.0031354072501932444,"[-0.73,+0.06]",0.65,0.004106554529003492,"{""boundary"": 2, ""herding"": 6, ""kcenter"": 0, ""kmeans"": 61, ""marc"": 0, ""random"": 11}"
repeat5_0.25,all6|default|lcb=0.25|fb=kmeans|gap=0.01,80,0.7194387518953616,0.713426914784454,herding,0.7059333595529326,0.013505392342428979,-0.0031354072501932444,"[-0.73,+0.06]",0.65,0.004106554529003492,"{""boundary"": 2, ""herding"": 6, ""kcenter"": 0, ""kmeans"": 61, ""marc"": 0, ""random"": 11}"
repeat5_0.25,all6|default|lcb=0|fb=kmeans|gap=0.01,80,0.7194387518953616,0.713426914784454,herding,0.7059333595529326,0.013505392342428979,-0.0031354072501932444,"[-0.73,+0.06]",0.65,0.0019523809523809832,"{""boundary"": 2, ""herding"": 6, ""kcenter"": 0, ""kmeans"": 61, ""marc"": 0, ""random"": 11}"
repeat5_0.25,all6|herding_first|lcb=0|fb=kmeans|gap=0.01,80,0.7194387518953616,0.713426914784454,herding,0.7059333595529326,0.013505392342428979,-0.0031354072501932444,"[-0.73,+0.06]",0.65,0.0019523809523809832,"{""boundary"": 2, ""herding"": 6, ""kcenter"": 0, ""kmeans"": 61, ""marc"": 0, ""random"": 11}"
repeat5_0.25,all6|marc_first|lcb=0|fb=kmeans|gap=0.01,80,0.7194387518953616,0.713426914784454,herding,0.7059333595529326,0.013505392342428979,-0.0031354072501932444,"[-0.73,+0.06]",0.65,0.0019523809523809832,"{""boundary"": 2, ""herding"": 6, ""kcenter"": 0, ""kmeans"": 61, ""marc"": 0, ""random"": 11}"
repeat5_0.25,all6|herding_first|lcb=0|fb=kmeans|gap=0.005,80,0.7194010450604758,0.7138073003539862,herding,0.7059333595529326,0.013467685507543181,-0.003173114085079065,"[-0.68,-0.02]",0.575,0.0019523809523809832,"{""boundary"": 2, ""herding"": 8, ""kcenter"": 0, ""kmeans"": 56, ""marc"": 1, ""random"": 13}"
repeat5_0.25,all6|kmeans_first|lcb=0|fb=kmeans|gap=0.005,80,0.7194010450604758,0.7138073003539862,herding,0.7059333595529326,0.013467685507543181,-0.003173114085079065,"[-0.68,-0.02]",0.575,0.0019523809523809832,"{""boundary"": 2, ""herding"": 8, ""kcenter"": 0, ""kmeans"": 56, ""marc"": 1, ""random"": 13}"
repeat5_0.25,all6|marc_first|lcb=0|fb=kmeans|gap=0.005,80,0.7194010450604758,0.7138073003539862,herding,0.7059333595529326,0.013467685507543181,-0.003173114085079065,"[-0.68,-0.02]",0.575,0.0019523809523809832,"{""boundary"": 2, ""herding"": 8, ""kcenter"": 0, ""kmeans"": 56, ""marc"": 1, ""random"": 13}"
repeat5_0.25,all6|default|lcb=0|fb=kmeans|gap=0.005,80,0.7194010450604758,0.7138073003539862,herding,0.7059333595529326,0.013467685507543181,-0.003173114085079065,"[-0.68,-0.02]",0.575,0.0019523809523809832,"{""boundary"": 2, ""herding"": 8, ""kcenter"": 0, ""kmeans"": 56, ""marc"": 1, ""random"": 13}"
repeat5_0.25,no_boundary|marc_first|lcb=0|fb=kmeans|gap=0.005,80,0.7191512219264113,0.7133619717129329,herding,0.7059333595529326,0.013217862373478773,-0.003422937219143444,"[-0.69,-0.07]",0.5625,0.0019523809523809832,"{""boundary"": 0, ""herding"": 8, ""kcenter"": 0, ""kmeans"": 55, ""marc"": 1, ""random"": 16}"
repeat5_0.25,no_boundary|default|lcb=0|fb=kmeans|gap=0.005,80,0.7191512219264113,0.7133619717129329,herding,0.7059333595529326,0.013217862373478773,-0.003422937219143444,"[-0.69,-0.07]",0.5625,0.0019523809523809832,"{""boundary"": 0, ""herding"": 8, ""kcenter"": 0, ""kmeans"": 55, ""marc"": 1, ""random"": 16}"
repeat5_0.25,no_boundary|kmeans_first|lcb=0|fb=kmeans|gap=0.005,80,0.7191512219264113,0.7133619717129329,herding,0.7059333595529326,0.013217862373478773,-0.003422937219143444,"[-0.69,-0.07]",0.5625,0.0019523809523809832,"{""boundary"": 0, ""herding"": 8, ""kcenter"": 0, ""kmeans"": 55, ""marc"": 1, ""random"": 16}"
repeat5_0.25,no_boundary|herding_first|lcb=0|fb=kmeans|gap=0.005,80,0.7191512219264113,0.7133619717129329,herding,0.7059333595529326,0.013217862373478773,-0.003422937219143444,"[-0.69,-0.07]",0.5625,0.0019523809523809832,"{""boundary"": 0, ""herding"": 8, ""kcenter"": 0, ""kmeans"": 55, ""marc"": 1, ""random"": 16}"
repeat5_0.25,no_boundary|kmeans_first|lcb=0.25|fb=kmeans|gap=0.02,80,0.7190319602434337,0.7122788064794492,herding,0.7059333595529326,0.013098600690501172,-0.0035421989021210834,"[-0.75,+0.00]",0.7375,0.004106554529003492,"{""boundary"": 0, ""herding"": 5, ""kcenter"": 0, ""kmeans"": 62, ""marc"": 0, ""random"": 13}"
repeat5_0.25,no_boundary|default|lcb=0.25|fb=kmeans|gap=0.02,80,0.7190319602434337,0.7122788064794492,herding,0.7059333595529326,0.013098600690501172,-0.0035421989021210834,"[-0.75,+0.00]",0.7375,0.004106554529003492,"{""boundary"": 0, ""herding"": 5, ""kcenter"": 0, ""kmeans"": 62, ""marc"": 0, ""random"": 13}"
repeat5_0.25,no_boundary|herding_first|lcb=0.25|fb=kmeans|gap=0.02,80,0.7190319602434337,0.7122788064794492,herding,0.7059333595529326,0.013098600690501172,-0.0035421989021210834,"[-0.75,+0.00]",0.7375,0.004106554529003492,"{""boundary"": 0, ""herding"": 5, ""kcenter"": 0, ""kmeans"": 62, ""marc"": 0, ""random"": 13}"
repeat5_0.25,no_boundary|marc_first|lcb=0.25|fb=kmeans|gap=0.02,80,0.7190319602434337,0.7122788064794492,herding,0.7059333595529326,0.013098600690501172,-0.0035421989021210834,"[-0.75,+0.00]",0.7375,0.004106554529003492,"{""boundary"": 0, ""herding"": 5, ""kcenter"": 0, ""kmeans"": 62, ""marc"": 0, ""random"": 13}"
repeat5_0.25,no_boundary|kmeans_first|lcb=0|fb=kmeans|gap=0.02,80,0.7182813444879542,0.711760115523845,herding,0.7059333595529326,0.01234798493502165,-0.004292814657600653,"[-0.89,-0.03]",0.75,0.0019523809523809832,"{""boundary"": 0, ""herding"": 3, ""kcenter"": 0, ""kmeans"": 63, ""marc"": 0, ""random"": 14}"
repeat5_0.25,no_boundary|marc_first|lcb=0|fb=kmeans|gap=0.02,80,0.7182813444879542,0.711760115523845,herding,0.7059333595529326,0.01234798493502165,-0.004292814657600653,"[-0.89,-0.03]",0.75,0.0019523809523809832,"{""boundary"": 0, ""herding"": 3, ""kcenter"": 0, ""kmeans"": 63, ""marc"": 0, ""random"": 14}"
repeat5_0.25,no_boundary|herding_first|lcb=0|fb=kmeans|gap=0.02,80,0.7182813444879542,0.711760115523845,herding,0.7059333595529326,0.01234798493502165,-0.004292814657600653,"[-0.89,-0.03]",0.75,0.0019523809523809832,"{""boundary"": 0, ""herding"": 3, ""kcenter"": 0, ""kmeans"": 63, ""marc"": 0, ""random"": 14}"
repeat5_0.25,no_boundary|default|lcb=0|fb=kmeans|gap=0.02,80,0.7182813444879542,0.711760115523845,herding,0.7059333595529326,0.01234798493502165,-0.004292814657600653,"[-0.89,-0.03]",0.75,0.0019523809523809832,"{""boundary"": 0, ""herding"": 3, ""kcenter"": 0, ""kmeans"": 63, ""marc"": 0, ""random"": 14}"
repeat5_0.25,all6|kmeans_first|lcb=0|fb=kmeans|gap=0.02,80,0.7182813444879541,0.7121783024260592,herding,0.7059333595529326,0.012347984935021539,-0.004292814657600653,"[-0.91,-0.01]",0.7625,0.0019523809523809832,"{""boundary"": 2, ""herding"": 3, ""kcenter"": 0, ""kmeans"": 64, ""marc"": 0, ""random"": 11}"
repeat5_0.25,all6|herding_first|lcb=0|fb=kmeans|gap=0.02,80,0.7182813444879541,0.7121783024260592,herding,0.7059333595529326,0.012347984935021539,-0.004292814657600653,"[-0.91,-0.01]",0.7625,0.0019523809523809832,"{""boundary"": 2, ""herding"": 3, ""kcenter"": 0, ""kmeans"": 64, ""marc"": 0, ""random"": 11}"
repeat5_0.25,all6|marc_first|lcb=0|fb=kmeans|gap=0.02,80,0.7182813444879541,0.7121783024260592,herding,0.7059333595529326,0.012347984935021539,-0.004292814657600653,"[-0.91,-0.01]",0.7625,0.0019523809523809832,"{""boundary"": 2, ""herding"": 3, ""kcenter"": 0, ""kmeans"": 64, ""marc"": 0, ""random"": 11}"
repeat5_0.25,all6|default|lcb=0|fb=kmeans|gap=0.02,80,0.7182813444879541,0.7121783024260592,herding,0.7059333595529326,0.012347984935021539,-0.004292814657600653,"[-0.91,-0.01]",0.7625,0.0019523809523809832,"{""boundary"": 2, ""herding"": 3, ""kcenter"": 0, ""kmeans"": 64, ""marc"": 0, ""random"": 11}"
repeat5_0.25,no_boundary|herding_first|lcb=0.5|fb=herding|gap=0.02,80,0.7171185604250574,0.7095443250022324,herding,0.7059333595529326,0.011185200872124823,-0.005455598720497352,"[-1.08,-0.19]",0.7625,0.004438194082210467,"{""boundary"": 0, ""herding"": 66, ""kcenter"": 0, ""kmeans"": 4, ""marc"": 0, ""random"": 10}"
repeat5_0.25,no_boundary|default|lcb=0.5|fb=herding|gap=0.02,80,0.7171185604250574,0.7095443250022324,herding,0.7059333595529326,0.011185200872124823,-0.005455598720497352,"[-1.08,-0.19]",0.7625,0.004438194082210467,"{""boundary"": 0, ""herding"": 66, ""kcenter"": 0, ""kmeans"": 4, ""marc"": 0, ""random"": 10}"
repeat5_0.25,no_boundary|kmeans_first|lcb=0.5|fb=herding|gap=0.02,80,0.7171185604250574,0.7095443250022324,herding,0.7059333595529326,0.011185200872124823,-0.005455598720497352,"[-1.08,-0.19]",0.7625,0.004438194082210467,"{""boundary"": 0, ""herding"": 66, ""kcenter"": 0, ""kmeans"": 4, ""marc"": 0, ""random"": 10}"
repeat5_0.25,no_boundary|marc_first|lcb=0.5|fb=herding|gap=0.02,80,0.7171185604250574,0.7095443250022324,herding,0.7059333595529326,0.011185200872124823,-0.005455598720497352,"[-1.08,-0.19]",0.7625,0.004438194082210467,"{""boundary"": 0, ""herding"": 66, ""kcenter"": 0, ""kmeans"": 4, ""marc"": 0, ""random"": 10}"
repeat5_0.25,no_boundary|kmeans_first|lcb=0.5|fb=kmeans|gap=0.02,80,0.716602264452843,0.7091305264026134,herding,0.7059333595529326,0.010668904899910459,-0.005971894692711815,"[-1.20,-0.11]",0.7625,0.004438194082210467,"{""boundary"": 0, ""herding"": 5, ""kcenter"": 0, ""kmeans"": 65, ""marc"": 0, ""random"": 10}"
repeat5_0.25,no_boundary|default|lcb=0.5|fb=kmeans|gap=0.02,80,0.716602264452843,0.7091305264026134,herding,0.7059333595529326,0.010668904899910459,-0.005971894692711815,"[-1.20,-0.11]",0.7625,0.004438194082210467,"{""boundary"": 0, ""herding"": 5, ""kcenter"": 0, ""kmeans"": 65, ""marc"": 0, ""random"": 10}"
repeat5_0.25,no_boundary|marc_first|lcb=0.5|fb=kmeans|gap=0.02,80,0.716602264452843,0.7091305264026134,herding,0.7059333595529326,0.010668904899910459,-0.005971894692711815,"[-1.20,-0.11]",0.7625,0.004438194082210467,"{""boundary"": 0, ""herding"": 5, ""kcenter"": 0, ""kmeans"": 65, ""marc"": 0, ""random"": 10}"
repeat5_0.25,no_boundary|herding_first|lcb=0.5|fb=kmeans|gap=0.02,80,0.716602264452843,0.7091305264026134,herding,0.7059333595529326,0.010668904899910459,-0.005971894692711815,"[-1.20,-0.11]",0.7625,0.004438194082210467,"{""boundary"": 0, ""herding"": 5, ""kcenter"": 0, ""kmeans"": 65, ""marc"": 0, ""random"": 10}"
repeat5_0.25,all6|default|lcb=1|fb=kmeans|gap=0,80,0.7163495426826115,0.7134133039725427,herding,0.7059333595529326,0.010416183129678958,-0.006224616462943316,"[-1.33,-0.02]",0.4125,0.0036774117582820676,"{""boundary"": 11, ""herding"": 10, ""kcenter"": 0, ""kmeans"": 50, ""marc"": 3, ""random"": 6}"
repeat5_0.25,all6|marc_first|lcb=1|fb=kmeans|gap=0,80,0.7163495426826115,0.7134133039725427,herding,0.7059333595529326,0.010416183129678958,-0.006224616462943316,"[-1.33,-0.02]",0.4125,0.0036774117582820676,"{""boundary"": 11, ""herding"": 10, ""kcenter"": 0, ""kmeans"": 50, ""marc"": 3, ""random"": 6}"
repeat5_0.25,all6|kmeans_first|lcb=1|fb=kmeans|gap=0,80,0.7163495426826115,0.7134133039725427,herding,0.7059333595529326,0.010416183129678958,-0.006224616462943316,"[-1.33,-0.02]",0.4125,0.0036774117582820676,"{""boundary"": 11, ""herding"": 10, ""kcenter"": 0, ""kmeans"": 50, ""marc"": 3, ""random"": 6}"
repeat5_0.25,all6|herding_first|lcb=1|fb=kmeans|gap=0,80,0.7163495426826115,0.7134133039725427,herding,0.7059333595529326,0.010416183129678958,-0.006224616462943316,"[-1.33,-0.02]",0.4125,0.0036774117582820676,"{""boundary"": 11, ""herding"": 10, ""kcenter"": 0, ""kmeans"": 50, ""marc"": 3, ""random"": 6}"
repeat5_0.25,all6|herding_first|lcb=0.5|fb=kmeans|gap=0.005,80,0.7161327508996719,0.7098609432091502,herding,0.7059333595529326,0.010199391346739306,-0.0064414082458829555,"[-1.41,-0.01]",0.55,0.0023768785528426872,"{""boundary"": 4, ""herding"": 9, ""kcenter"": 0, ""kmeans"": 57, ""marc"": 2, ""random"": 8}"
repeat5_0.25,all6|default|lcb=0.5|fb=kmeans|gap=0.005,80,0.7161327508996719,0.7098609432091502,herding,0.7059333595529326,0.010199391346739306,-0.0064414082458829555,"[-1.41,-0.01]",0.55,0.0023768785528426872,"{""boundary"": 4, ""herding"": 9, ""kcenter"": 0, ""kmeans"": 57, ""marc"": 2, ""random"": 8}"
repeat5_0.25,all6|marc_first|lcb=0.5|fb=kmeans|gap=0.005,80,0.7161327508996719,0.7098609432091502,herding,0.7059333595529326,0.010199391346739306,-0.0064414082458829555,"[-1.41,-0.01]",0.55,0.0023768785528426872,"{""boundary"": 4, ""herding"": 9, ""kcenter"": 0, ""kmeans"": 57, ""marc"": 2, ""random"": 8}"
repeat5_0.25,all6|kmeans_first|lcb=0.5|fb=kmeans|gap=0.005,80,0.7161327508996719,0.7098609432091502,herding,0.7059333595529326,0.010199391346739306,-0.0064414082458829555,"[-1.41,-0.01]",0.55,0.0023768785528426872,"{""boundary"": 4, ""herding"": 9, ""kcenter"": 0, ""kmeans"": 57, ""marc"": 2, ""random"": 8}"
repeat5_0.25,all6|default|lcb=0.5|fb=kmeans|gap=0.01,80,0.7159640813900491,0.7096788715467215,herding,0.7059333595529326,0.010030721837116507,-0.006610077755505772,"[-1.44,-0.02]",0.6625,0.0023768785528426872,"{""boundary"": 4, ""herding"": 8, ""kcenter"": 0, ""kmeans"": 60, ""marc"": 1, ""random"": 7}"
repeat5_0.25,all6|herding_first|lcb=0.5|fb=kmeans|gap=0.01,80,0.7159640813900491,0.7096788715467215,herding,0.7059333595529326,0.010030721837116507,-0.006610077755505772,"[-1.44,-0.02]",0.6625,0.0023768785528426872,"{""boundary"": 4, ""herding"": 8, ""kcenter"": 0, ""kmeans"": 60, ""marc"": 1, ""random"": 7}"
repeat5_0.25,all6|kmeans_first|lcb=0.5|fb=kmeans|gap=0.01,80,0.7159640813900491,0.7096788715467215,herding,0.7059333595529326,0.010030721837116507,-0.006610077755505772,"[-1.44,-0.02]",0.6625,0.0023768785528426872,"{""boundary"": 4, ""herding"": 8, ""kcenter"": 0, ""kmeans"": 60, ""marc"": 1, ""random"": 7}"
repeat5_0.25,all6|marc_first|lcb=0.5|fb=kmeans|gap=0.01,80,0.7159640813900491,0.7096788715467215,herding,0.7059333595529326,0.010030721837116507,-0.006610077755505772,"[-1.44,-0.02]",0.6625,0.0023768785528426872,"{""boundary"": 4, ""herding"": 8, ""kcenter"": 0, ""kmeans"": 60, ""marc"": 1, ""random"": 7}"
repeat5_0.25,all6|default|lcb=1|fb=herding|gap=0,80,0.7155162093492782,0.7126691643935865,herding,0.7059333595529326,0.009582849796345605,-0.00705794979627665,"[-1.39,-0.14]",0.4125,0.0036774117582820676,"{""boundary"": 11, ""herding"": 43, ""kcenter"": 0, ""kmeans"": 17, ""marc"": 3, ""random"": 6}"
repeat5_0.25,all6|herding_first|lcb=1|fb=none|gap=0,80,0.7155162093492782,0.7126691643935865,herding,0.7059333595529326,0.009582849796345605,-0.00705794979627665,"[-1.39,-0.14]",0.0,0.0036774117582820676,"{""boundary"": 11, ""herding"": 43, ""kcenter"": 0, ""kmeans"": 17, ""marc"": 3, ""random"": 6}"
repeat5_0.25,all6|default|lcb=1|fb=none|gap=0,80,0.7155162093492782,0.7126691643935865,herding,0.7059333595529326,0.009582849796345605,-0.00705794979627665,"[-1.39,-0.14]",0.0,0.0036774117582820676,"{""boundary"": 11, ""herding"": 43, ""kcenter"": 0, ""kmeans"": 17, ""marc"": 3, ""random"": 6}"
repeat5_0.25,all6|herding_first|lcb=1|fb=herding|gap=0,80,0.7155162093492782,0.7126691643935865,herding,0.7059333595529326,0.009582849796345605,-0.00705794979627665,"[-1.39,-0.14]",0.4125,0.0036774117582820676,"{""boundary"": 11, ""herding"": 43, ""kcenter"": 0, ""kmeans"": 17, ""marc"": 3, ""random"": 6}"
repeat5_0.25,all6|kmeans_first|lcb=1|fb=none|gap=0,80,0.7155162093492782,0.7126691643935865,herding,0.7059333595529326,0.009582849796345605,-0.00705794979627665,"[-1.39,-0.14]",0.0,0.0036774117582820676,"{""boundary"": 11, ""herding"": 11, ""kcenter"": 0, ""kmeans"": 49, ""marc"": 3, ""random"": 6}"
repeat5_0.25,all6|kmeans_first|lcb=1|fb=herding|gap=0,80,0.7155162093492782,0.7126691643935865,herding,0.7059333595529326,0.009582849796345605,-0.00705794979627665,"[-1.39,-0.14]",0.4125,0.0036774117582820676,"{""boundary"": 11, ""herding"": 43, ""kcenter"": 0, ""kmeans"": 17, ""marc"": 3, ""random"": 6}"
repeat5_0.25,all6|marc_first|lcb=1|fb=herding|gap=0,80,0.7155162093492782,0.7126691643935865,herding,0.7059333595529326,0.009582849796345605,-0.00705794979627665,"[-1.39,-0.14]",0.4125,0.0036774117582820676,"{""boundary"": 11, ""herding"": 43, ""kcenter"": 0, ""kmeans"": 17, ""marc"": 3, ""random"": 6}"
repeat5_0.25,all6|marc_first|lcb=1|fb=none|gap=0,80,0.7155162093492782,0.7126691643935865,herding,0.7059333595529326,0.009582849796345605,-0.00705794979627665,"[-1.39,-0.14]",0.0,0.0036774117582820676,"{""boundary"": 11, ""herding"": 11, ""kcenter"": 0, ""kmeans"": 17, ""marc"": 35, ""random"": 6}"
repeat5_0.25,no_boundary|kmeans_first|lcb=1|fb=kmeans|gap=0.005,80,0.7152921136582563,0.7078108333949971,herding,0.7059333595529326,0.009358754105323719,-0.007282045487298408,"[-1.49,-0.11]",0.575,0.002204584963417973,"{""boundary"": 0, ""herding"": 10, ""kcenter"": 0, ""kmeans"": 58, ""marc"": 2, ""random"": 10}"
repeat5_0.25,no_boundary|default|lcb=1|fb=kmeans|gap=0.005,80,0.7152921136582563,0.7078108333949971,herding,0.7059333595529326,0.009358754105323719,-0.007282045487298408,"[-1.49,-0.11]",0.575,0.002204584963417973,"{""boundary"": 0, ""herding"": 10, ""kcenter"": 0, ""kmeans"": 58, ""marc"": 2, ""random"": 10}"
repeat5_0.25,no_boundary|marc_first|lcb=1|fb=kmeans|gap=0.005,80,0.7152921136582563,0.7078108333949971,herding,0.7059333595529326,0.009358754105323719,-0.007282045487298408,"[-1.49,-0.11]",0.575,0.002204584963417973,"{""boundary"": 0, ""herding"": 10, ""kcenter"": 0, ""kmeans"": 58, ""marc"": 2, ""random"": 10}"
repeat5_0.25,no_boundary|herding_first|lcb=1|fb=kmeans|gap=0.005,80,0.7152921136582563,0.7078108333949971,herding,0.7059333595529326,0.009358754105323719,-0.007282045487298408,"[-1.49,-0.11]",0.575,0.002204584963417973,"{""boundary"": 0, ""herding"": 10, ""kcenter"": 0, ""kmeans"": 58, ""marc"": 2, ""random"": 10}"
repeat5_0.25,all6|marc_first|lcb=0.5|fb=herding|gap=0.005,80,0.7152552596929773,0.7090744422257818,herding,0.7059333595529326,0.009321900140044748,-0.0073188994525775234,"[-1.50,-0.12]",0.55,0.0023768785528426872,"{""boundary"": 4, ""herding"": 53, ""kcenter"": 0, ""kmeans"": 13, ""marc"": 2, ""random"": 8}"
repeat5_0.25,all6|kmeans_first|lcb=0.5|fb=herding|gap=0.005,80,0.7152552596929773,0.7090744422257818,herding,0.7059333595529326,0.009321900140044748,-0.0073188994525775234,"[-1.50,-0.12]",0.55,0.0023768785528426872,"{""boundary"": 4, ""herding"": 53, ""kcenter"": 0, ""kmeans"": 13, ""marc"": 2, ""random"": 8}"
repeat5_0.25,all6|herding_first|lcb=0.5|fb=herding|gap=0.005,80,0.7152552596929773,0.7090744422257818,herding,0.7059333595529326,0.009321900140044748,-0.0073188994525775234,"[-1.50,-0.12]",0.55,0.0023768785528426872,"{""boundary"": 4, ""herding"": 53, ""kcenter"": 0, ""kmeans"": 13, ""marc"": 2, ""random"": 8}"
repeat5_0.25,all6|default|lcb=0.5|fb=herding|gap=0.005,80,0.7152552596929773,0.7090744422257818,herding,0.7059333595529326,0.009321900140044748,-0.0073188994525775234,"[-1.50,-0.12]",0.55,0.0023768785528426872,"{""boundary"": 4, ""herding"": 53, ""kcenter"": 0, ""kmeans"": 13, ""marc"": 2, ""random"": 8}"
repeat5_0.25,all6|marc_first|lcb=0.5|fb=herding|gap=0.01,80,0.7152193874543096,0.708987353854113,herding,0.7059333595529326,0.009286027901377003,-0.007354771691245177,"[-1.51,-0.11]",0.6625,0.0023768785528426872,"{""boundary"": 4, ""herding"": 61, ""kcenter"": 0, ""kmeans"": 7, ""marc"": 1, ""random"": 7}"
repeat5_0.25,all6|kmeans_first|lcb=0.5|fb=herding|gap=0.01,80,0.7152193874543096,0.708987353854113,herding,0.7059333595529326,0.009286027901377003,-0.007354771691245177,"[-1.51,-0.11]",0.6625,0.0023768785528426872,"{""boundary"": 4, ""herding"": 61, ""kcenter"": 0, ""kmeans"": 7, ""marc"": 1, ""random"": 7}"
repeat5_0.25,all6|default|lcb=0.5|fb=herding|gap=0.01,80,0.7152193874543096,0.708987353854113,herding,0.7059333595529326,0.009286027901377003,-0.007354771691245177,"[-1.51,-0.11]",0.6625,0.0023768785528426872,"{""boundary"": 4, ""herding"": 61, ""kcenter"": 0, ""kmeans"": 7, ""marc"": 1, ""random"": 7}"
repeat5_0.25,all6|herding_first|lcb=0.5|fb=herding|gap=0.01,80,0.7152193874543096,0.708987353854113,herding,0.7059333595529326,0.009286027901377003,-0.007354771691245177,"[-1.51,-0.11]",0.6625,0.0023768785528426872,"{""boundary"": 4, ""herding"": 61, ""kcenter"": 0, ""kmeans"": 7, ""marc"": 1, ""random"": 7}"
repeat5_0.25,no_boundary|herding_first|lcb=0|fb=herding|gap=0.05,80,0.7150706959519421,0.7071655778339007,herding,0.7059333595529326,0.009137336399009488,-0.00750346319361269,"[-1.40,-0.26]",0.9,0.0019523809523809832,"{""boundary"": 0, ""herding"": 72, ""kcenter"": 0, ""kmeans"": 0, ""marc"": 0, ""random"": 8}"
repeat5_0.25,no_boundary|kmeans_first|lcb=0|fb=herding|gap=0.05,80,0.7150706959519421,0.7071655778339007,herding,0.7059333595529326,0.009137336399009488,-0.00750346319361269,"[-1.40,-0.26]",0.9,0.0019523809523809832,"{""boundary"": 0, ""herding"": 72, ""kcenter"": 0, ""kmeans"": 0, ""marc"": 0, ""random"": 8}"
repeat5_0.25,no_boundary|default|lcb=0|fb=herding|gap=0.05,80,0.7150706959519421,0.7071655778339007,herding,0.7059333595529326,0.009137336399009488,-0.00750346319361269,"[-1.40,-0.26]",0.9,0.0019523809523809832,"{""boundary"": 0, ""herding"": 72, ""kcenter"": 0, ""kmeans"": 0, ""marc"": 0, ""random"": 8}"
repeat5_0.25,no_boundary|marc_first|lcb=0|fb=herding|gap=0.05,80,0.7150706959519421,0.7071655778339007,herding,0.7059333595529326,0.009137336399009488,-0.00750346319361269,"[-1.40,-0.26]",0.9,0.0019523809523809832,"{""boundary"": 0, ""herding"": 72, ""kcenter"": 0, ""kmeans"": 0, ""marc"": 0, ""random"": 8}"
repeat5_0.25,no_boundary|kmeans_first|lcb=1|fb=kmeans|gap=0,80,0.714925771900864,0.7075811754701858,herding,0.7059333595529326,0.008992412347931467,-0.007648387244690749,"[-1.54,-0.13]",0.425,0.002204584963417973,"{""boundary"": 0, ""herding"": 13, ""kcenter"": 2, ""kmeans"": 51, ""marc"": 4, ""random"": 10}"
repeat5_0.25,no_boundary|herding_first|lcb=1|fb=kmeans|gap=0,80,0.714925771900864,0.7075811754701858,herding,0.7059333595529326,0.008992412347931467,-0.007648387244690749,"[-1.54,-0.13]",0.425,0.002204584963417973,"{""boundary"": 0, ""herding"": 13, ""kcenter"": 2, ""kmeans"": 51, ""marc"": 4, ""random"": 10}"
repeat5_0.25,no_boundary|default|lcb=1|fb=kmeans|gap=0,80,0.714925771900864,0.7075811754701858,herding,0.7059333595529326,0.008992412347931467,-0.007648387244690749,"[-1.54,-0.13]",0.425,0.002204584963417973,"{""boundary"": 0, ""herding"": 13, ""kcenter"": 2, ""kmeans"": 51, ""marc"": 4, ""random"": 10}"
repeat5_0.25,no_boundary|marc_first|lcb=1|fb=kmeans|gap=0,80,0.714925771900864,0.7075811754701858,herding,0.7059333595529326,0.008992412347931467,-0.007648387244690749,"[-1.54,-0.13]",0.425,0.002204584963417973,"{""boundary"": 0, ""herding"": 13, ""kcenter"": 2, ""kmeans"": 51, ""marc"": 4, ""random"": 10}"
repeat5_0.25,all6|kmeans_first|lcb=0.25|fb=herding|gap=0.02,80,0.7143777771054803,0.7071950135576209,herding,0.7059333595529326,0.008444417552547767,-0.008196382040074448,"[-1.59,-0.22]",0.775,0.004106554529003492,"{""boundary"": 2, ""herding"": 67, ""kcenter"": 0, ""kmeans"": 3, ""marc"": 0, ""random"": 8}"
repeat5_0.25,all6|herding_first|lcb=0.25|fb=herding|gap=0.02,80,0.7143777771054803,0.7071950135576209,herding,0.7059333595529326,0.008444417552547767,-0.008196382040074448,"[-1.59,-0.22]",0.775,0.004106554529003492,"{""boundary"": 2, ""herding"": 67, ""kcenter"": 0, ""kmeans"": 3, ""marc"": 0, ""random"": 8}"
repeat5_0.25,all6|default|lcb=0.25|fb=herding|gap=0.02,80,0.7143777771054803,0.7071950135576209,herding,0.7059333595529326,0.008444417552547767,-0.008196382040074448,"[-1.59,-0.22]",0.775,0.004106554529003492,"{""boundary"": 2, ""herding"": 67, ""kcenter"": 0, ""kmeans"": 3, ""marc"": 0, ""random"": 8}"
repeat5_0.25,all6|marc_first|lcb=0.25|fb=herding|gap=0.02,80,0.7143777771054803,0.7071950135576209,herding,0.7059333595529326,0.008444417552547767,-0.008196382040074448,"[-1.59,-0.22]",0.775,0.004106554529003492,"{""boundary"": 2, ""herding"": 67, ""kcenter"": 0, ""kmeans"": 3, ""marc"": 0, ""random"": 8}"
repeat5_0.25,no_boundary|default|lcb=1|fb=none|gap=0,80,0.7140924385675307,0.7068370358912298,herding,0.7059333595529326,0.008159079014598114,-0.008481720578024082,"[-1.61,-0.25]",0.0,0.002204584963417973,"{""boundary"": 0, ""herding"": 46, ""kcenter"": 3, ""kmeans"": 17, ""marc"": 4, ""random"": 10}"
repeat5_0.25,no_boundary|marc_first|lcb=1|fb=none|gap=0,80,0.7140924385675307,0.7068370358912298,herding,0.7059333595529326,0.008159079014598114,-0.008481720578024082,"[-1.61,-0.25]",0.0,0.002204584963417973,"{""boundary"": 0, ""herding"": 14, ""kcenter"": 2, ""kmeans"": 17, ""marc"": 37, ""random"": 10}"
repeat5_0.25,no_boundary|default|lcb=1|fb=herding|gap=0,80,0.7140924385675307,0.7068370358912298,herding,0.7059333595529326,0.008159079014598114,-0.008481720578024082,"[-1.61,-0.25]",0.425,0.002204584963417973,"{""boundary"": 0, ""herding"": 47, ""kcenter"": 2, ""kmeans"": 17, ""marc"": 4, ""random"": 10}"
repeat5_0.25,no_boundary|herding_first|lcb=1|fb=herding|gap=0,80,0.7140924385675307,0.7068370358912298,herding,0.7059333595529326,0.008159079014598114,-0.008481720578024082,"[-1.61,-0.25]",0.425,0.002204584963417973,"{""boundary"": 0, ""herding"": 47, ""kcenter"": 2, ""kmeans"": 17, ""marc"": 4, ""random"": 10}"
repeat5_0.25,no_boundary|kmeans_first|lcb=1|fb=herding|gap=0,80,0.7140924385675307,0.7068370358912298,herding,0.7059333595529326,0.008159079014598114,-0.008481720578024082,"[-1.61,-0.25]",0.425,0.002204584963417973,"{""boundary"": 0, ""herding"": 47, ""kcenter"": 2, ""kmeans"": 17, ""marc"": 4, ""random"": 10}"
repeat5_0.25,no_boundary|marc_first|lcb=1|fb=herding|gap=0,80,0.7140924385675307,0.7068370358912298,herding,0.7059333595529326,0.008159079014598114,-0.008481720578024082,"[-1.61,-0.25]",0.425,0.002204584963417973,"{""boundary"": 0, ""herding"": 47, ""kcenter"": 2, ""kmeans"": 17, ""marc"": 4, ""random"": 10}"
repeat5_0.25,no_boundary|herding_first|lcb=1|fb=none|gap=0,80,0.7140924385675307,0.7068370358912298,herding,0.7059333595529326,0.008159079014598114,-0.008481720578024082,"[-1.61,-0.25]",0.0,0.002204584963417973,"{""boundary"": 0, ""herding"": 46, ""kcenter"": 2, ""kmeans"": 18, ""marc"": 4, ""random"": 10}"
repeat5_0.25,no_boundary|kmeans_first|lcb=1|fb=none|gap=0,80,0.7140924385675307,0.7068370358912298,herding,0.7059333595529326,0.008159079014598114,-0.008481720578024082,"[-1.61,-0.25]",0.0,0.002204584963417973,"{""boundary"": 0, ""herding"": 14, ""kcenter"": 2, ""kmeans"": 50, ""marc"": 4, ""random"": 10}"
repeat5_0.25,all6|kmeans_first|lcb=1|fb=kmeans|gap=0.005,80,0.7139634083169051,0.709922347226574,herding,0.7059333595529326,0.008030048763972508,-0.008610750828649667,"[-1.65,-0.17]",0.5125,0.0036774117582820676,"{""boundary"": 11, ""herding"": 10, ""kcenter"": 0, ""kmeans"": 53, ""marc"": 2, ""random"": 4}"
repeat5_0.25,all6|marc_first|lcb=1|fb=kmeans|gap=0.005,80,0.7139634083169051,0.709922347226574,herding,0.7059333595529326,0.008030048763972508,-0.008610750828649667,"[-1.65,-0.17]",0.5125,0.0036774117582820676,"{""boundary"": 11, ""herding"": 10, ""kcenter"": 0, ""kmeans"": 53, ""marc"": 2, ""random"": 4}"
repeat5_0.25,all6|default|lcb=1|fb=kmeans|gap=0.005,80,0.7139634083169051,0.709922347226574,herding,0.7059333595529326,0.008030048763972508,-0.008610750828649667,"[-1.65,-0.17]",0.5125,0.0036774117582820676,"{""boundary"": 11, ""herding"": 10, ""kcenter"": 0, ""kmeans"": 53, ""marc"": 2, ""random"": 4}"
repeat5_0.25,all6|herding_first|lcb=1|fb=kmeans|gap=0.005,80,0.7139634083169051,0.709922347226574,herding,0.7059333595529326,0.008030048763972508,-0.008610750828649667,"[-1.65,-0.17]",0.5125,0.0036774117582820676,"{""boundary"": 11, ""herding"": 10, ""kcenter"": 0, ""kmeans"": 53, ""marc"": 2, ""random"": 4}"
repeat5_0.25,no_boundary|herding_first|lcb=1|fb=herding|gap=0.005,80,0.7137565380923716,0.7061867928015124,herding,0.7059333595529326,0.007823178539439035,-0.008817621053183212,"[-1.65,-0.28]",0.575,0.002204584963417973,"{""boundary"": 0, ""herding"": 56, ""kcenter"": 0, ""kmeans"": 12, ""marc"": 2, ""random"": 10}"
repeat5_0.25,no_boundary|default|lcb=1|fb=herding|gap=0.005,80,0.7137565380923716,0.7061867928015124,herding,0.7059333595529326,0.007823178539439035,-0.008817621053183212,"[-1.65,-0.28]",0.575,0.002204584963417973,"{""boundary"": 0, ""herding"": 56, ""kcenter"": 0, ""kmeans"": 12, ""marc"": 2, ""random"": 10}"
repeat5_0.25,no_boundary|marc_first|lcb=1|fb=herding|gap=0.005,80,0.7137565380923716,0.7061867928015124,herding,0.7059333595529326,0.007823178539439035,-0.008817621053183212,"[-1.65,-0.28]",0.575,0.002204584963417973,"{""boundary"": 0, ""herding"": 56, ""kcenter"": 0, ""kmeans"": 12, ""marc"": 2, ""random"": 10}"
repeat5_0.25,no_boundary|kmeans_first|lcb=1|fb=herding|gap=0.005,80,0.7137565380923716,0.7061867928015124,herding,0.7059333595529326,0.007823178539439035,-0.008817621053183212,"[-1.65,-0.28]",0.575,0.002204584963417973,"{""boundary"": 0, ""herding"": 56, ""kcenter"": 0, ""kmeans"": 12, ""marc"": 2, ""random"": 10}"
repeat5_0.25,all6|kmeans_first|lcb=0.25|fb=kmeans|gap=0.02,80,0.713540272942408,0.7061126568077934,herding,0.7059333595529326,0.007606913389475389,-0.009033886203146903,"[-1.70,-0.23]",0.775,0.004106554529003492,"{""boundary"": 2, ""herding"": 5, ""kcenter"": 0, ""kmeans"": 65, ""marc"": 0, ""random"": 8}"
repeat5_0.25,all6|herding_first|lcb=0.25|fb=kmeans|gap=0.02,80,0.713540272942408,0.7061126568077934,herding,0.7059333595529326,0.007606913389475389,-0.009033886203146903,"[-1.70,-0.23]",0.775,0.004106554529003492,"{""boundary"": 2, ""herding"": 5, ""kcenter"": 0, ""kmeans"": 65, ""marc"": 0, ""random"": 8}"
repeat5_0.25,all6|default|lcb=0.25|fb=kmeans|gap=0.02,80,0.713540272942408,0.7061126568077934,herding,0.7059333595529326,0.007606913389475389,-0.009033886203146903,"[-1.70,-0.23]",0.775,0.004106554529003492,"{""boundary"": 2, ""herding"": 5, ""kcenter"": 0, ""kmeans"": 65, ""marc"": 0, ""random"": 8}"
repeat5_0.25,all6|marc_first|lcb=0.25|fb=kmeans|gap=0.02,80,0.713540272942408,0.7061126568077934,herding,0.7059333595529326,0.007606913389475389,-0.009033886203146903,"[-1.70,-0.23]",0.775,0.004106554529003492,"{""boundary"": 2, ""herding"": 5, ""kcenter"": 0, ""kmeans"": 65, ""marc"": 0, ""random"": 8}"
repeat5_0.25,no_boundary|default|lcb=0.25|fb=herding|gap=0.05,80,0.7130721108794271,0.7046877495739485,herding,0.7059333595529326,0.007138751326494552,-0.009502048266127725,"[-1.71,-0.35]",0.9,0.004106554529003492,"{""boundary"": 0, ""herding"": 73, ""kcenter"": 0, ""kmeans"": 0, ""marc"": 0, ""random"": 7}"
repeat5_0.25,no_boundary|marc_first|lcb=0.25|fb=herding|gap=0.05,80,0.7130721108794271,0.7046877495739485,herding,0.7059333595529326,0.007138751326494552,-0.009502048266127725,"[-1.71,-0.35]",0.9,0.004106554529003492,"{""boundary"": 0, ""herding"": 73, ""kcenter"": 0, ""kmeans"": 0, ""marc"": 0, ""random"": 7}"
repeat5_0.25,no_boundary|herding_first|lcb=0.25|fb=herding|gap=0.05,80,0.7130721108794271,0.7046877495739485,herding,0.7059333595529326,0.007138751326494552,-0.009502048266127725,"[-1.71,-0.35]",0.9,0.004106554529003492,"{""boundary"": 0, ""herding"": 73, ""kcenter"": 0, ""kmeans"": 0, ""marc"": 0, ""random"": 7}"
repeat5_0.25,no_boundary|kmeans_first|lcb=0.25|fb=herding|gap=0.05,80,0.7130721108794271,0.7046877495739485,herding,0.7059333595529326,0.007138751326494552,-0.009502048266127725,"[-1.71,-0.35]",0.9,0.004106554529003492,"{""boundary"": 0, ""herding"": 73, ""kcenter"": 0, ""kmeans"": 0, ""marc"": 0, ""random"": 7}"
repeat5_0.25,all6|marc_first|lcb=0.5|fb=herding|gap=0.02,80,0.7129356810476255,0.7057086801088642,herding,0.7059333595529326,0.007002321494692931,-0.009638478097929259,"[-1.76,-0.31]",0.775,0.0023768785528426872,"{""boundary"": 3, ""herding"": 67, ""kcenter"": 0, ""kmeans"": 4, ""marc"": 0, ""random"": 6}"
repeat5_0.25,all6|herding_first|lcb=0.5|fb=herding|gap=0.02,80,0.7129356810476255,0.7057086801088642,herding,0.7059333595529326,0.007002321494692931,-0.009638478097929259,"[-1.76,-0.31]",0.775,0.0023768785528426872,"{""boundary"": 3, ""herding"": 67, ""kcenter"": 0, ""kmeans"": 4, ""marc"": 0, ""random"": 6}"
repeat5_0.25,all6|kmeans_first|lcb=0.5|fb=herding|gap=0.02,80,0.7129356810476255,0.7057086801088642,herding,0.7059333595529326,0.007002321494692931,-0.009638478097929259,"[-1.76,-0.31]",0.775,0.0023768785528426872,"{""boundary"": 3, ""herding"": 67, ""kcenter"": 0, ""kmeans"": 4, ""marc"": 0, ""random"": 6}"
repeat5_0.25,all6|default|lcb=0.5|fb=herding|gap=0.02,80,0.7129356810476255,0.7057086801088642,herding,0.7059333595529326,0.007002321494692931,-0.009638478097929259,"[-1.76,-0.31]",0.775,0.0023768785528426872,"{""boundary"": 3, ""herding"": 67, ""kcenter"": 0, ""kmeans"": 4, ""marc"": 0, ""random"": 6}"
repeat5_0.25,no_boundary|kmeans_first|lcb=1|fb=kmeans|gap=0.01,80,0.7129271950165867,0.7041160262936078,herding,0.7059333595529326,0.006993835463654174,-0.009646964128968021,"[-1.77,-0.28]",0.7,0.002204584963417973,"{""boundary"": 0, ""herding"": 8, ""kcenter"": 0, ""kmeans"": 64, ""marc"": 1, ""random"": 7}"
repeat5_0.25,no_boundary|herding_first|lcb=1|fb=kmeans|gap=0.01,80,0.7129271950165867,0.7041160262936078,herding,0.7059333595529326,0.006993835463654174,-0.009646964128968021,"[-1.77,-0.28]",0.7,0.002204584963417973,"{""boundary"": 0, ""herding"": 8, ""kcenter"": 0, ""kmeans"": 64, ""marc"": 1, ""random"": 7}"
repeat5_0.25,no_boundary|default|lcb=1|fb=kmeans|gap=0.01,80,0.7129271950165867,0.7041160262936078,herding,0.7059333595529326,0.006993835463654174,-0.009646964128968021,"[-1.77,-0.28]",0.7,0.002204584963417973,"{""boundary"": 0, ""herding"": 8, ""kcenter"": 0, ""kmeans"": 64, ""marc"": 1, ""random"": 7}"
repeat5_0.25,no_boundary|marc_first|lcb=1|fb=kmeans|gap=0.01,80,0.7129271950165867,0.7041160262936078,herding,0.7059333595529326,0.006993835463654174,-0.009646964128968021,"[-1.77,-0.28]",0.7,0.002204584963417973,"{""boundary"": 0, ""herding"": 8, ""kcenter"": 0, ""kmeans"": 64, ""marc"": 1, ""random"": 7}"
repeat5_0.25,no_random|default|lcb=0.5|fb=kmeans|gap=0,80,0.7126973757473707,0.7102343645125401,herding,0.7059333595529326,0.006764016194438116,-0.009876783398184178,"[-1.81,-0.27]",0.4125,0.005347755101500373,"{""boundary"": 16, ""herding"": 11, ""kcenter"": 0, ""kmeans"": 50, ""marc"": 3, ""random"": 0}"
repeat5_0.25,no_random|herding_first|lcb=0.5|fb=kmeans|gap=0,80,0.7126973757473707,0.7102343645125401,herding,0.7059333595529326,0.006764016194438116,-0.009876783398184178,"[-1.81,-0.27]",0.4125,0.005347755101500373,"{""boundary"": 16, ""herding"": 11, ""kcenter"": 0, ""kmeans"": 50, ""marc"": 3, ""random"": 0}"
repeat5_0.25,no_random|kmeans_first|lcb=0.5|fb=kmeans|gap=0,80,0.7126973757473707,0.7102343645125401,herding,0.7059333595529326,0.006764016194438116,-0.009876783398184178,"[-1.81,-0.27]",0.4125,0.005347755101500373,"{""boundary"": 16, ""herding"": 11, ""kcenter"": 0, ""kmeans"": 50, ""marc"": 3, ""random"": 0}"
repeat5_0.25,no_random|marc_first|lcb=0.5|fb=kmeans|gap=0,80,0.7126973757473707,0.7102343645125401,herding,0.7059333595529326,0.006764016194438116,-0.009876783398184178,"[-1.81,-0.27]",0.4125,0.005347755101500373,"{""boundary"": 16, ""herding"": 11, ""kcenter"": 0, ""kmeans"": 50, ""marc"": 3, ""random"": 0}"
repeat5_0.25,all6|herding_first|lcb=1|fb=kmeans|gap=0.01,80,0.7126840043551083,0.707341723974712,herding,0.7059333595529326,0.006750644802175687,-0.00989015479044662,"[-1.79,-0.29]",0.6375,0.0036774117582820676,"{""boundary"": 9, ""herding"": 8, ""kcenter"": 0, ""kmeans"": 59, ""marc"": 1, ""random"": 3}"
repeat5_0.25,all6|marc_first|lcb=1|fb=kmeans|gap=0.01,80,0.7126840043551083,0.707341723974712,herding,0.7059333595529326,0.006750644802175687,-0.00989015479044662,"[-1.79,-0.29]",0.6375,0.0036774117582820676,"{""boundary"": 9, ""herding"": 8, ""kcenter"": 0, ""kmeans"": 59, ""marc"": 1, ""random"": 3}"
repeat5_0.25,all6|kmeans_first|lcb=1|fb=kmeans|gap=0.01,80,0.7126840043551083,0.707341723974712,herding,0.7059333595529326,0.006750644802175687,-0.00989015479044662,"[-1.79,-0.29]",0.6375,0.0036774117582820676,"{""boundary"": 9, ""herding"": 8, ""kcenter"": 0, ""kmeans"": 59, ""marc"": 1, ""random"": 3}"
repeat5_0.25,all6|default|lcb=1|fb=kmeans|gap=0.01,80,0.7126840043551083,0.707341723974712,herding,0.7059333595529326,0.006750644802175687,-0.00989015479044662,"[-1.79,-0.29]",0.6375,0.0036774117582820676,"{""boundary"": 9, ""herding"": 8, ""kcenter"": 0, ""kmeans"": 59, ""marc"": 1, ""random"": 3}"
repeat5_0.25,all6|marc_first|lcb=0.5|fb=kmeans|gap=0.02,80,0.7126338350223513,0.7052236989488442,herding,0.7059333595529326,0.006700475469418765,-0.009940324123203502,"[-1.82,-0.29]",0.775,0.0023768785528426872,"{""boundary"": 3, ""herding"": 5, ""kcenter"": 0, ""kmeans"": 66, ""marc"": 0, ""random"": 6}"
repeat5_0.25,all6|herding_first|lcb=0.5|fb=kmeans|gap=0.02,80,0.7126338350223513,0.7052236989488442,herding,0.7059333595529326,0.006700475469418765,-0.009940324123203502,"[-1.82,-0.29]",0.775,0.0023768785528426872,"{""boundary"": 3, ""herding"": 5, ""kcenter"": 0, ""kmeans"": 66, ""marc"": 0, ""random"": 6}"
repeat5_0.25,all6|kmeans_first|lcb=0.5|fb=kmeans|gap=0.02,80,0.7126338350223513,0.7052236989488442,herding,0.7059333595529326,0.006700475469418765,-0.009940324123203502,"[-1.82,-0.29]",0.775,0.0023768785528426872,"{""boundary"": 3, ""herding"": 5, ""kcenter"": 0, ""kmeans"": 66, ""marc"": 0, ""random"": 6}"
repeat5_0.25,all6|default|lcb=0.5|fb=kmeans|gap=0.02,80,0.7126338350223513,0.7052236989488442,herding,0.7059333595529326,0.006700475469418765,-0.009940324123203502,"[-1.82,-0.29]",0.775,0.0023768785528426872,"{""boundary"": 3, ""herding"": 5, ""kcenter"": 0, ""kmeans"": 66, ""marc"": 0, ""random"": 6}"
repeat5_0.25,all6|default|lcb=1|fb=herding|gap=0.005,80,0.712527319839807,0.7084881224909064,herding,0.7059333595529326,0.006593960286874423,-0.010046839305747771,"[-1.76,-0.34]",0.5125,0.0036774117582820676,"{""boundary"": 11, ""herding"": 51, ""kcenter"": 0, ""kmeans"": 12, ""marc"": 2, ""random"": 4}"
repeat5_0.25,all6|herding_first|lcb=1|fb=herding|gap=0.005,80,0.712527319839807,0.7084881224909064,herding,0.7059333595529326,0.006593960286874423,-0.010046839305747771,"[-1.76,-0.34]",0.5125,0.0036774117582820676,"{""boundary"": 11, ""herding"": 51, ""kcenter"": 0, ""kmeans"": 12, ""marc"": 2, ""random"": 4}"
repeat5_0.25,all6|kmeans_first|lcb=1|fb=herding|gap=0.005,80,0.712527319839807,0.7084881224909064,herding,0.7059333595529326,0.006593960286874423,-0.010046839305747771,"[-1.76,-0.34]",0.5125,0.0036774117582820676,"{""boundary"": 11, ""herding"": 51, ""kcenter"": 0, ""kmeans"": 12, ""marc"": 2, ""random"": 4}"
repeat5_0.25,all6|marc_first|lcb=1|fb=herding|gap=0.005,80,0.712527319839807,0.7084881224909064,herding,0.7059333595529326,0.006593960286874423,-0.010046839305747771,"[-1.76,-0.34]",0.5125,0.0036774117582820676,"{""boundary"": 11, ""herding"": 51, ""kcenter"": 0, ""kmeans"": 12, ""marc"": 2, ""random"": 4}"
repeat5_0.25,no_random|marc_first|lcb=1|fb=kmeans|gap=0.005,80,0.7124658942658891,0.7099892664733244,herding,0.7059333595529326,0.006532534712956561,-0.010108264879665662,"[-1.83,-0.29]",0.4875,0.00687146966882074,"{""boundary"": 16, ""herding"": 10, ""kcenter"": 0, ""kmeans"": 52, ""marc"": 2, ""random"": 0}"
repeat5_0.25,no_random|kmeans_first|lcb=1|fb=kmeans|gap=0.005,80,0.7124658942658891,0.7099892664733244,herding,0.7059333595529326,0.006532534712956561,-0.010108264879665662,"[-1.83,-0.29]",0.4875,0.00687146966882074,"{""boundary"": 16, ""herding"": 10, ""kcenter"": 0, ""kmeans"": 52, ""marc"": 2, ""random"": 0}"
repeat5_0.25,no_random|herding_first|lcb=1|fb=kmeans|gap=0.005,80,0.7124658942658891,0.7099892664733244,herding,0.7059333595529326,0.006532534712956561,-0.010108264879665662,"[-1.83,-0.29]",0.4875,0.00687146966882074,"{""boundary"": 16, ""herding"": 10, ""kcenter"": 0, ""kmeans"": 52, ""marc"": 2, ""random"": 0}"
repeat5_0.25,no_random|default|lcb=1|fb=kmeans|gap=0.005,80,0.7124658942658891,0.7099892664733244,herding,0.7059333595529326,0.006532534712956561,-0.010108264879665662,"[-1.83,-0.29]",0.4875,0.00687146966882074,"{""boundary"": 16, ""herding"": 10, ""kcenter"": 0, ""kmeans"": 52, ""marc"": 2, ""random"": 0}"
repeat5_0.25,no_random|marc_first|lcb=0.25|fb=kmeans|gap=0,80,0.7124354361762205,0.7099603266782497,herding,0.7059333595529326,0.0065020766232879446,-0.010138722969334279,"[-1.83,-0.29]",0.4125,0.004612211204875871,"{""boundary"": 16, ""herding"": 11, ""kcenter"": 0, ""kmeans"": 48, ""marc"": 5, ""random"": 0}"
repeat5_0.25,no_random|kmeans_first|lcb=0.25|fb=kmeans|gap=0,80,0.7124354361762205,0.7099603266782497,herding,0.7059333595529326,0.0065020766232879446,-0.010138722969334279,"[-1.83,-0.29]",0.4125,0.004612211204875871,"{""boundary"": 16, ""herding"": 11, ""kcenter"": 0, ""kmeans"": 48, ""marc"": 5, ""random"": 0}"
repeat5_0.25,no_random|default|lcb=0.25|fb=kmeans|gap=0,80,0.7124354361762205,0.7099603266782497,herding,0.7059333595529326,0.0065020766232879446,-0.010138722969334279,"[-1.83,-0.29]",0.4125,0.004612211204875871,"{""boundary"": 16, ""herding"": 11, ""kcenter"": 0, ""kmeans"": 48, ""marc"": 5, ""random"": 0}"
repeat5_0.25,no_random|herding_first|lcb=0.25|fb=kmeans|gap=0,80,0.7124354361762205,0.7099603266782497,herding,0.7059333595529326,0.0065020766232879446,-0.010138722969334279,"[-1.83,-0.29]",0.4125,0.004612211204875871,"{""boundary"": 16, ""herding"": 11, ""kcenter"": 0, ""kmeans"": 48, ""marc"": 5, ""random"": 0}"
repeat5_0.25,no_random|marc_first|lcb=1|fb=kmeans|gap=0,80,0.7122344127844077,0.7097945636083429,herding,0.7059333595529326,0.006301053231475118,-0.010339746361147142,"[-1.85,-0.31]",0.4125,0.00687146966882074,"{""boundary"": 16, ""herding"": 10, ""kcenter"": 0, ""kmeans"": 50, ""marc"": 4, ""random"": 0}"
repeat5_0.25,no_random|default|lcb=1|fb=kmeans|gap=0,80,0.7122344127844077,0.7097945636083429,herding,0.7059333595529326,0.006301053231475118,-0.010339746361147142,"[-1.85,-0.31]",0.4125,0.00687146966882074,"{""boundary"": 16, ""herding"": 10, ""kcenter"": 0, ""kmeans"": 50, ""marc"": 4, ""random"": 0}"
repeat5_0.25,no_random|kmeans_first|lcb=1|fb=kmeans|gap=0,80,0.7122344127844077,0.7097945636083429,herding,0.7059333595529326,0.006301053231475118,-0.010339746361147142,"[-1.85,-0.31]",0.4125,0.00687146966882074,"{""boundary"": 16, ""herding"": 10, ""kcenter"": 0, ""kmeans"": 50, ""marc"": 4, ""random"": 0}"
repeat5_0.25,no_random|herding_first|lcb=1|fb=kmeans|gap=0,80,0.7122344127844077,0.7097945636083429,herding,0.7059333595529326,0.006301053231475118,-0.010339746361147142,"[-1.85,-0.31]",0.4125,0.00687146966882074,"{""boundary"": 16, ""herding"": 10, ""kcenter"": 0, ""kmeans"": 50, ""marc"": 4, ""random"": 0}"
repeat5_0.25,no_boundary|marc_first|lcb=1|fb=herding|gap=0.01,80,0.7121276235113783,0.7033371511672909,herding,0.7059333595529326,0.006194263958445689,-0.010446535634176435,"[-1.84,-0.40]",0.7,0.002204584963417973,"{""boundary"": 0, ""herding"": 64, ""kcenter"": 0, ""kmeans"": 8, ""marc"": 1, ""random"": 7}"
repeat5_0.25,no_boundary|kmeans_first|lcb=1|fb=herding|gap=0.01,80,0.7121276235113783,0.7033371511672909,herding,0.7059333595529326,0.006194263958445689,-0.010446535634176435,"[-1.84,-0.40]",0.7,0.002204584963417973,"{""boundary"": 0, ""herding"": 64, ""kcenter"": 0, ""kmeans"": 8, ""marc"": 1, ""random"": 7}"
repeat5_0.25,no_boundary|herding_first|lcb=1|fb=herding|gap=0.01,80,0.7121276235113783,0.7033371511672909,herding,0.7059333595529326,0.006194263958445689,-0.010446535634176435,"[-1.84,-0.40]",0.7,0.002204584963417973,"{""boundary"": 0, ""herding"": 64, ""kcenter"": 0, ""kmeans"": 8, ""marc"": 1, ""random"": 7}"
repeat5_0.25,no_boundary|default|lcb=1|fb=herding|gap=0.01,80,0.7121276235113783,0.7033371511672909,herding,0.7059333595529326,0.006194263958445689,-0.010446535634176435,"[-1.84,-0.40]",0.7,0.002204584963417973,"{""boundary"": 0, ""herding"": 64, ""kcenter"": 0, ""kmeans"": 8, ""marc"": 1, ""random"": 7}"
repeat5_0.25,no_boundary|kmeans_first|lcb=0|fb=kmeans|gap=0.05,80,0.7120512746586625,0.7037736654723556,herding,0.7059333595529326,0.006117915105729899,-0.010522884486892274,"[-1.81,-0.41]",0.9,0.0019523809523809832,"{""boundary"": 0, ""herding"": 0, ""kcenter"": 0, ""kmeans"": 72, ""marc"": 0, ""random"": 8}"
repeat5_0.25,no_boundary|herding_first|lcb=0|fb=kmeans|gap=0.05,80,0.7120512746586625,0.7037736654723556,herding,0.7059333595529326,0.006117915105729899,-0.010522884486892274,"[-1.81,-0.41]",0.9,0.0019523809523809832,"{""boundary"": 0, ""herding"": 0, ""kcenter"": 0, ""kmeans"": 72, ""marc"": 0, ""random"": 8}"
repeat5_0.25,no_boundary|marc_first|lcb=0|fb=kmeans|gap=0.05,80,0.7120512746586625,0.7037736654723556,herding,0.7059333595529326,0.006117915105729899,-0.010522884486892274,"[-1.81,-0.41]",0.9,0.0019523809523809832,"{""boundary"": 0, ""herding"": 0, ""kcenter"": 0, ""kmeans"": 72, ""marc"": 0, ""random"": 8}"
repeat5_0.25,no_boundary|default|lcb=0|fb=kmeans|gap=0.05,80,0.7120512746586625,0.7037736654723556,herding,0.7059333595529326,0.006117915105729899,-0.010522884486892274,"[-1.81,-0.41]",0.9,0.0019523809523809832,"{""boundary"": 0, ""herding"": 0, ""kcenter"": 0, ""kmeans"": 72, ""marc"": 0, ""random"": 8}"
repeat5_0.25,no_random|marc_first|lcb=0.25|fb=kmeans|gap=0.005,80,0.7120029313029261,0.7095169368190095,herding,0.7059333595529326,0.006069571749993563,-0.010571227842628624,"[-1.87,-0.33]",0.5125,0.004612211204875871,"{""boundary"": 16, ""herding"": 9, ""kcenter"": 0, ""kmeans"": 53, ""marc"": 2, ""random"": 0}"
repeat5_0.25,no_random|herding_first|lcb=0.5|fb=kmeans|gap=0.005,80,0.7120029313029261,0.7095169368190095,herding,0.7059333595529326,0.006069571749993563,-0.010571227842628624,"[-1.87,-0.33]",0.5,0.005347755101500373,"{""boundary"": 16, ""herding"": 9, ""kcenter"": 0, ""kmeans"": 53, ""marc"": 2, ""random"": 0}"
repeat5_0.25,no_random|marc_first|lcb=0.5|fb=kmeans|gap=0.005,80,0.7120029313029261,0.7095169368190095,herding,0.7059333595529326,0.006069571749993563,-0.010571227842628624,"[-1.87,-0.33]",0.5,0.005347755101500373,"{""boundary"": 16, ""herding"": 9, ""kcenter"": 0, ""kmeans"": 53, ""marc"": 2, ""random"": 0}"
repeat5_0.25,no_random|kmeans_first|lcb=0.5|fb=kmeans|gap=0.005,80,0.7120029313029261,0.7095169368190095,herding,0.7059333595529326,0.006069571749993563,-0.010571227842628624,"[-1.87,-0.33]",0.5,0.005347755101500373,"{""boundary"": 16, ""herding"": 9, ""kcenter"": 0, ""kmeans"": 53, ""marc"": 2, ""random"": 0}"
repeat5_0.25,no_random|default|lcb=0.25|fb=kmeans|gap=0.005,80,0.7120029313029261,0.7095169368190095,herding,0.7059333595529326,0.006069571749993563,-0.010571227842628624,"[-1.87,-0.33]",0.5125,0.004612211204875871,"{""boundary"": 16, ""herding"": 9, ""kcenter"": 0, ""kmeans"": 53, ""marc"": 2, ""random"": 0}"
repeat5_0.25,no_random|default|lcb=0.5|fb=kmeans|gap=0.005,80,0.7120029313029261,0.7095169368190095,herding,0.7059333595529326,0.006069571749993563,-0.010571227842628624,"[-1.87,-0.33]",0.5,0.005347755101500373,"{""boundary"": 16, ""herding"": 9, ""kcenter"": 0, ""kmeans"": 53, ""marc"": 2, ""random"": 0}"
repeat5_0.25,no_random|herding_first|lcb=0.25|fb=kmeans|gap=0.005,80,0.7120029313029261,0.7095169368190095,herding,0.7059333595529326,0.006069571749993563,-0.010571227842628624,"[-1.87,-0.33]",0.5125,0.004612211204875871,"{""boundary"": 16, ""herding"": 9, ""kcenter"": 0, ""kmeans"": 53, ""marc"": 2, ""random"": 0}"
repeat5_0.25,no_random|kmeans_first|lcb=0.25|fb=kmeans|gap=0.005,80,0.7120029313029261,0.7095169368190095,herding,0.7059333595529326,0.006069571749993563,-0.010571227842628624,"[-1.87,-0.33]",0.5125,0.004612211204875871,"{""boundary"": 16, ""herding"": 9, ""kcenter"": 0, ""kmeans"": 53, ""marc"": 2, ""random"": 0}"
repeat5_0.25,all6|marc_first|lcb=1|fb=herding|gap=0.01,80,0.7119573900483434,0.7067202635935599,herding,0.7059333595529326,0.0060240304954107815,-0.010616769097211454,"[-1.82,-0.40]",0.6375,0.0036774117582820676,"{""boundary"": 9, ""herding"": 59, ""kcenter"": 0, ""kmeans"": 8, ""marc"": 1, ""random"": 3}"
repeat5_0.25,all6|kmeans_first|lcb=1|fb=herding|gap=0.01,80,0.7119573900483434,0.7067202635935599,herding,0.7059333595529326,0.0060240304954107815,-0.010616769097211454,"[-1.82,-0.40]",0.6375,0.0036774117582820676,"{""boundary"": 9, ""herding"": 59, ""kcenter"": 0, ""kmeans"": 8, ""marc"": 1, ""random"": 3}"
repeat5_0.25,all6|herding_first|lcb=1|fb=herding|gap=0.01,80,0.7119573900483434,0.7067202635935599,herding,0.7059333595529326,0.0060240304954107815,-0.010616769097211454,"[-1.82,-0.40]",0.6375,0.0036774117582820676,"{""boundary"": 9, ""herding"": 59, ""kcenter"": 0, ""kmeans"": 8, ""marc"": 1, ""random"": 3}"
repeat5_0.25,all6|default|lcb=1|fb=herding|gap=0.01,80,0.7119573900483434,0.7067202635935599,herding,0.7059333595529326,0.0060240304954107815,-0.010616769097211454,"[-1.82,-0.40]",0.6375,0.0036774117582820676,"{""boundary"": 9, ""herding"": 59, ""kcenter"": 0, ""kmeans"": 8, ""marc"": 1, ""random"": 3}"
repeat5_0.25,no_random|herding_first|lcb=0.5|fb=herding|gap=0,80,0.7118640424140372,0.709490224933584,herding,0.7059333595529326,0.0059306828611046525,-0.010710116731517512,"[-1.86,-0.38]",0.4125,0.005347755101500373,"{""boundary"": 16, ""herding"": 44, ""kcenter"": 0, ""kmeans"": 17, ""marc"": 3, ""random"": 0}"
repeat5_0.25,no_random|kmeans_first|lcb=0.5|fb=herding|gap=0,80,0.7118640424140372,0.709490224933584,herding,0.7059333595529326,0.0059306828611046525,-0.010710116731517512,"[-1.86,-0.38]",0.4125,0.005347755101500373,"{""boundary"": 16, ""herding"": 44, ""kcenter"": 0, ""kmeans"": 17, ""marc"": 3, ""random"": 0}"
repeat5_0.25,no_random|default|lcb=0.5|fb=herding|gap=0,80,0.7118640424140372,0.709490224933584,herding,0.7059333595529326,0.0059306828611046525,-0.010710116731517512,"[-1.86,-0.38]",0.4125,0.005347755101500373,"{""boundary"": 16, ""herding"": 44, ""kcenter"": 0, ""kmeans"": 17, ""marc"": 3, ""random"": 0}"
repeat5_0.25,no_random|marc_first|lcb=0.5|fb=herding|gap=0,80,0.7118640424140372,0.709490224933584,herding,0.7059333595529326,0.0059306828611046525,-0.010710116731517512,"[-1.86,-0.38]",0.4125,0.005347755101500373,"{""boundary"": 16, ""herding"": 44, ""kcenter"": 0, ""kmeans"": 17, ""marc"": 3, ""random"": 0}"
repeat5_0.25,no_random|herding_first|lcb=0.5|fb=none|gap=0,80,0.7118640424140372,0.709490224933584,herding,0.7059333595529326,0.0059306828611046525,-0.010710116731517512,"[-1.86,-0.38]",0.0,0.005347755101500373,"{""boundary"": 16, ""herding"": 44, ""kcenter"": 0, ""kmeans"": 17, ""marc"": 3, ""random"": 0}"
repeat5_0.25,no_random|marc_first|lcb=0.5|fb=none|gap=0,80,0.7118640424140372,0.709490224933584,herding,0.7059333595529326,0.0059306828611046525,-0.010710116731517512,"[-1.86,-0.38]",0.0,0.005347755101500373,"{""boundary"": 16, ""herding"": 12, ""kcenter"": 0, ""kmeans"": 17, ""marc"": 35, ""random"": 0}"
repeat5_0.25,no_random|default|lcb=0.5|fb=none|gap=0,80,0.7118640424140372,0.709490224933584,herding,0.7059333595529326,0.0059306828611046525,-0.010710116731517512,"[-1.86,-0.38]",0.0,0.005347755101500373,"{""boundary"": 16, ""herding"": 44, ""kcenter"": 0, ""kmeans"": 17, ""marc"": 3, ""random"": 0}"
repeat5_0.25,no_random|kmeans_first|lcb=0.5|fb=none|gap=0,80,0.7118640424140372,0.709490224933584,herding,0.7059333595529326,0.0059306828611046525,-0.010710116731517512,"[-1.86,-0.38]",0.0,0.005347755101500373,"{""boundary"": 16, ""herding"": 12, ""kcenter"": 0, ""kmeans"": 49, ""marc"": 3, ""random"": 0}"
repeat5_0.25,no_random|kmeans_first|lcb=1|fb=kmeans|gap=0.01,80,0.7118408942658891,0.7093395436565076,herding,0.7059333595529326,0.005907534712956575,-0.01073326487966566,"[-1.89,-0.34]",0.575,0.00687146966882074,"{""boundary"": 16, ""herding"": 8, ""kcenter"": 0, ""kmeans"": 55, ""marc"": 1, ""random"": 0}"
repeat5_0.25,no_random|herding_first|lcb=1|fb=kmeans|gap=0.01,80,0.7118408942658891,0.7093395436565076,herding,0.7059333595529326,0.005907534712956575,-0.01073326487966566,"[-1.89,-0.34]",0.575,0.00687146966882074,"{""boundary"": 16, ""herding"": 8, ""kcenter"": 0, ""kmeans"": 55, ""marc"": 1, ""random"": 0}"
repeat5_0.25,no_random|default|lcb=1|fb=kmeans|gap=0.01,80,0.7118408942658891,0.7093395436565076,herding,0.7059333595529326,0.005907534712956575,-0.01073326487966566,"[-1.89,-0.34]",0.575,0.00687146966882074,"{""boundary"": 16, ""herding"": 8, ""kcenter"": 0, ""kmeans"": 55, ""marc"": 1, ""random"": 0}"
repeat5_0.25,no_random|kmeans_first|lcb=0.5|fb=kmeans|gap=0.01,80,0.7118408942658891,0.7093395436565076,herding,0.7059333595529326,0.005907534712956575,-0.01073326487966566,"[-1.89,-0.34]",0.5875,0.005347755101500373,"{""boundary"": 16, ""herding"": 8, ""kcenter"": 0, ""kmeans"": 55, ""marc"": 1, ""random"": 0}"
repeat5_0.25,no_random|marc_first|lcb=1|fb=kmeans|gap=0.01,80,0.7118408942658891,0.7093395436565076,herding,0.7059333595529326,0.005907534712956575,-0.01073326487966566,"[-1.89,-0.34]",0.575,0.00687146966882074,"{""boundary"": 16, ""herding"": 8, ""kcenter"": 0, ""kmeans"": 55, ""marc"": 1, ""random"": 0}"
repeat5_0.25,no_random|default|lcb=0.5|fb=kmeans|gap=0.01,80,0.7118408942658891,0.7093395436565076,herding,0.7059333595529326,0.005907534712956575,-0.01073326487966566,"[-1.89,-0.34]",0.5875,0.005347755101500373,"{""boundary"": 16, ""herding"": 8, ""kcenter"": 0, ""kmeans"": 55, ""marc"": 1, ""random"": 0}"
repeat5_0.25,no_random|marc_first|lcb=0.5|fb=kmeans|gap=0.01,80,0.7118408942658891,0.7093395436565076,herding,0.7059333595529326,0.005907534712956575,-0.01073326487966566,"[-1.89,-0.34]",0.5875,0.005347755101500373,"{""boundary"": 16, ""herding"": 8, ""kcenter"": 0, ""kmeans"": 55, ""marc"": 1, ""random"": 0}"
repeat5_0.25,no_random|herding_first|lcb=0.5|fb=kmeans|gap=0.01,80,0.7118408942658891,0.7093395436565076,herding,0.7059333595529326,0.005907534712956575,-0.01073326487966566,"[-1.89,-0.34]",0.5875,0.005347755101500373,"{""boundary"": 16, ""herding"": 8, ""kcenter"": 0, ""kmeans"": 55, ""marc"": 1, ""random"": 0}"
repeat5_0.25,no_random|kmeans_first|lcb=0.25|fb=none|gap=0,80,0.7116021028428872,0.7092161870992937,herding,0.7059333595529326,0.005668743289954592,-0.01097205630266761,"[-1.88,-0.40]",0.0,0.004612211204875871,"{""boundary"": 16, ""herding"": 12, ""kcenter"": 0, ""kmeans"": 47, ""marc"": 5, ""random"": 0}"
repeat5_0.25,no_random|default|lcb=0.25|fb=herding|gap=0,80,0.7116021028428872,0.7092161870992937,herding,0.7059333595529326,0.005668743289954592,-0.01097205630266761,"[-1.88,-0.40]",0.4125,0.004612211204875871,"{""boundary"": 16, ""herding"": 44, ""kcenter"": 0, ""kmeans"": 15, ""marc"": 5, ""random"": 0}"
repeat5_0.25,no_random|marc_first|lcb=0.25|fb=none|gap=0,80,0.7116021028428872,0.7092161870992937,herding,0.7059333595529326,0.005668743289954592,-0.01097205630266761,"[-1.88,-0.40]",0.0,0.004612211204875871,"{""boundary"": 16, ""herding"": 12, ""kcenter"": 0, ""kmeans"": 15, ""marc"": 37, ""random"": 0}"
repeat5_0.25,no_random|default|lcb=0.25|fb=none|gap=0,80,0.7116021028428872,0.7092161870992937,herding,0.7059333595529326,0.005668743289954592,-0.01097205630266761,"[-1.88,-0.40]",0.0,0.004612211204875871,"{""boundary"": 16, ""herding"": 44, ""kcenter"": 0, ""kmeans"": 15, ""marc"": 5, ""random"": 0}"
repeat5_0.25,no_random|herding_first|lcb=0.25|fb=none|gap=0,80,0.7116021028428872,0.7092161870992937,herding,0.7059333595529326,0.005668743289954592,-0.01097205630266761,"[-1.88,-0.40]",0.0,0.004612211204875871,"{""boundary"": 16, ""herding"": 44, ""kcenter"": 0, ""kmeans"": 15, ""marc"": 5, ""random"": 0}"
repeat5_0.25,no_random|herding_first|lcb=0.25|fb=herding|gap=0,80,0.7116021028428872,0.7092161870992937,herding,0.7059333595529326,0.005668743289954592,-0.01097205630266761,"[-1.88,-0.40]",0.4125,0.004612211204875871,"{""boundary"": 16, ""herding"": 44, ""kcenter"": 0, ""kmeans"": 15, ""marc"": 5, ""random"": 0}"
repeat5_0.25,no_random|marc_first|lcb=0.25|fb=herding|gap=0,80,0.7116021028428872,0.7092161870992937,herding,0.7059333595529326,0.005668743289954592,-0.01097205630266761,"[-1.88,-0.40]",0.4125,0.004612211204875871,"{""boundary"": 16, ""herding"": 44, ""kcenter"": 0, ""kmeans"": 15, ""marc"": 5, ""random"": 0}"
repeat5_0.25,no_random|kmeans_first|lcb=0.25|fb=herding|gap=0,80,0.7116021028428872,0.7092161870992937,herding,0.7059333595529326,0.005668743289954592,-0.01097205630266761,"[-1.88,-0.40]",0.4125,0.004612211204875871,"{""boundary"": 16, ""herding"": 44, ""kcenter"": 0, ""kmeans"": 15, ""marc"": 5, ""random"": 0}"
repeat5_0.25,no_random|marc_first|lcb=0.5|fb=herding|gap=0.01,80,0.7115765180475655,0.7091108766803884,herding,0.7059333595529326,0.005643158494632927,-0.010997641097989248,"[-1.89,-0.41]",0.5875,0.005347755101500373,"{""boundary"": 16, ""herding"": 55, ""kcenter"": 0, ""kmeans"": 8, ""marc"": 1, ""random"": 0}"
repeat5_0.25,no_random|default|lcb=0.5|fb=herding|gap=0.01,80,0.7115765180475655,0.7091108766803884,herding,0.7059333595529326,0.005643158494632927,-0.010997641097989248,"[-1.89,-0.41]",0.5875,0.005347755101500373,"{""boundary"": 16, ""herding"": 55, ""kcenter"": 0, ""kmeans"": 8, ""marc"": 1, ""random"": 0}"
repeat5_0.25,no_random|herding_first|lcb=0.5|fb=herding|gap=0.01,80,0.7115765180475655,0.7091108766803884,herding,0.7059333595529326,0.005643158494632927,-0.010997641097989248,"[-1.89,-0.41]",0.5875,0.005347755101500373,"{""boundary"": 16, ""herding"": 55, ""kcenter"": 0, ""kmeans"": 8, ""marc"": 1, ""random"": 0}"
repeat5_0.25,no_random|kmeans_first|lcb=0.5|fb=herding|gap=0.01,80,0.7115765180475655,0.7091108766803884,herding,0.7059333595529326,0.005643158494632927,-0.010997641097989248,"[-1.89,-0.41]",0.5875,0.005347755101500373,"{""boundary"": 16, ""herding"": 55, ""kcenter"": 0, ""kmeans"": 8, ""marc"": 1, ""random"": 0}"
repeat5_0.25,no_random|kmeans_first|lcb=1|fb=herding|gap=0.01,80,0.7114376291586767,0.709122661595025,herding,0.7059333595529326,0.005504269605744128,-0.011136529986878137,"[-1.90,-0.42]",0.575,0.00687146966882074,"{""boundary"": 16, ""herding"": 54, ""kcenter"": 0, ""kmeans"": 9, ""marc"": 1, ""random"": 0}"
repeat5_0.25,no_random|default|lcb=1|fb=herding|gap=0.01,80,0.7114376291586767,0.709122661595025,herding,0.7059333595529326,0.005504269605744128,-0.011136529986878137,"[-1.90,-0.42]",0.575,0.00687146966882074,"{""boundary"": 16, ""herding"": 54, ""kcenter"": 0, ""kmeans"": 9, ""marc"": 1, ""random"": 0}"
repeat5_0.25,no_random|herding_first|lcb=1|fb=herding|gap=0.01,80,0.7114376291586767,0.709122661595025,herding,0.7059333595529326,0.005504269605744128,-0.011136529986878137,"[-1.90,-0.42]",0.575,0.00687146966882074,"{""boundary"": 16, ""herding"": 54, ""kcenter"": 0, ""kmeans"": 9, ""marc"": 1, ""random"": 0}"
repeat5_0.25,no_random|marc_first|lcb=1|fb=herding|gap=0.01,80,0.7114376291586767,0.709122661595025,herding,0.7059333595529326,0.005504269605744128,-0.011136529986878137,"[-1.90,-0.42]",0.575,0.00687146966882074,"{""boundary"": 16, ""herding"": 54, ""kcenter"": 0, ""kmeans"": 9, ""marc"": 1, ""random"": 0}"
repeat5_0.25,no_random|kmeans_first|lcb=1|fb=none|gap=0,80,0.7114010794510743,0.7090504240293869,herding,0.7059333595529326,0.005467719898141765,-0.011173079694480476,"[-1.91,-0.42]",0.0,0.00687146966882074,"{""boundary"": 16, ""herding"": 11, ""kcenter"": 0, ""kmeans"": 49, ""marc"": 4, ""random"": 0}"
repeat5_0.25,no_random|herding_first|lcb=1|fb=herding|gap=0,80,0.7114010794510743,0.7090504240293869,herding,0.7059333595529326,0.005467719898141765,-0.011173079694480476,"[-1.91,-0.42]",0.4125,0.00687146966882074,"{""boundary"": 16, ""herding"": 43, ""kcenter"": 0, ""kmeans"": 17, ""marc"": 4, ""random"": 0}"
repeat5_0.25,no_random|marc_first|lcb=1|fb=herding|gap=0,80,0.7114010794510743,0.7090504240293869,herding,0.7059333595529326,0.005467719898141765,-0.011173079694480476,"[-1.91,-0.42]",0.4125,0.00687146966882074,"{""boundary"": 16, ""herding"": 43, ""kcenter"": 0, ""kmeans"": 17, ""marc"": 4, ""random"": 0}"
repeat5_0.25,no_random|kmeans_first|lcb=1|fb=herding|gap=0,80,0.7114010794510743,0.7090504240293869,herding,0.7059333595529326,0.005467719898141765,-0.011173079694480476,"[-1.91,-0.42]",0.4125,0.00687146966882074,"{""boundary"": 16, ""herding"": 43, ""kcenter"": 0, ""kmeans"": 17, ""marc"": 4, ""random"": 0}"
repeat5_0.25,no_random|default|lcb=1|fb=herding|gap=0,80,0.7114010794510743,0.7090504240293869,herding,0.7059333595529326,0.005467719898141765,-0.011173079694480476,"[-1.91,-0.42]",0.4125,0.00687146966882074,"{""boundary"": 16, ""herding"": 43, ""kcenter"": 0, ""kmeans"": 17, ""marc"": 4, ""random"": 0}"
repeat5_0.25,no_random|default|lcb=1|fb=none|gap=0,80,0.7114010794510743,0.7090504240293869,herding,0.7059333595529326,0.005467719898141765,-0.011173079694480476,"[-1.91,-0.42]",0.0,0.00687146966882074,"{""boundary"": 16, ""herding"": 43, ""kcenter"": 0, ""kmeans"": 17, ""marc"": 4, ""random"": 0}"
repeat5_0.25,no_random|herding_first|lcb=1|fb=none|gap=0,80,0.7114010794510743,0.7090504240293869,herding,0.7059333595529326,0.005467719898141765,-0.011173079694480476,"[-1.91,-0.42]",0.0,0.00687146966882074,"{""boundary"": 16, ""herding"": 43, ""kcenter"": 0, ""kmeans"": 17, ""marc"": 4, ""random"": 0}"
repeat5_0.25,no_random|marc_first|lcb=1|fb=none|gap=0,80,0.7114010794510743,0.7090504240293869,herding,0.7059333595529326,0.005467719898141765,-0.011173079694480476,"[-1.91,-0.42]",0.0,0.00687146966882074,"{""boundary"": 16, ""herding"": 11, ""kcenter"": 0, ""kmeans"": 17, ""marc"": 36, ""random"": 0}"
repeat5_0.25,no_random|default|lcb=0.5|fb=herding|gap=0.005,80,0.7113133601528288,0.7088737648792937,herding,0.7059333595529326,0.005380000599896184,-0.01126079899272609,"[-1.91,-0.43]",0.5,0.005347755101500373,"{""boundary"": 16, ""herding"": 49, ""kcenter"": 0, ""kmeans"": 13, ""marc"": 2, ""random"": 0}"
repeat5_0.25,no_random|marc_first|lcb=1|fb=herding|gap=0.005,80,0.7113133601528288,0.7088737648792937,herding,0.7059333595529326,0.005380000599896184,-0.01126079899272609,"[-1.91,-0.43]",0.4875,0.00687146966882074,"{""boundary"": 16, ""herding"": 49, ""kcenter"": 0, ""kmeans"": 13, ""marc"": 2, ""random"": 0}"
repeat5_0.25,no_random|herding_first|lcb=0.5|fb=herding|gap=0.005,80,0.7113133601528288,0.7088737648792937,herding,0.7059333595529326,0.005380000599896184,-0.01126079899272609,"[-1.91,-0.43]",0.5,0.005347755101500373,"{""boundary"": 16, ""herding"": 49, ""kcenter"": 0, ""kmeans"": 13, ""marc"": 2, ""random"": 0}"
repeat5_0.25,no_random|kmeans_first|lcb=0.5|fb=herding|gap=0.005,80,0.7113133601528288,0.7088737648792937,herding,0.7059333595529326,0.005380000599896184,-0.01126079899272609,"[-1.91,-0.43]",0.5,0.005347755101500373,"{""boundary"": 16, ""herding"": 49, ""kcenter"": 0, ""kmeans"": 13, ""marc"": 2, ""random"": 0}"
repeat5_0.25,no_random|default|lcb=1|fb=herding|gap=0.005,80,0.7113133601528288,0.7088737648792937,herding,0.7059333595529326,0.005380000599896184,-0.01126079899272609,"[-1.91,-0.43]",0.4875,0.00687146966882074,"{""boundary"": 16, ""herding"": 49, ""kcenter"": 0, ""kmeans"": 13, ""marc"": 2, ""random"": 0}"
repeat5_0.25,no_random|herding_first|lcb=1|fb=herding|gap=0.005,80,0.7113133601528288,0.7088737648792937,herding,0.7059333595529326,0.005380000599896184,-0.01126079899272609,"[-1.91,-0.43]",0.4875,0.00687146966882074,"{""boundary"": 16, ""herding"": 49, ""kcenter"": 0, ""kmeans"": 13, ""marc"": 2, ""random"": 0}"
repeat5_0.25,no_random|marc_first|lcb=0.5|fb=herding|gap=0.005,80,0.7113133601528288,0.7088737648792937,herding,0.7059333595529326,0.005380000599896184,-0.01126079899272609,"[-1.91,-0.43]",0.5,0.005347755101500373,"{""boundary"": 16, ""herding"": 49, ""kcenter"": 0, ""kmeans"": 13, ""marc"": 2, ""random"": 0}"
repeat5_0.25,no_random|kmeans_first|lcb=1|fb=herding|gap=0.005,80,0.7113133601528288,0.7088737648792937,herding,0.7059333595529326,0.005380000599896184,-0.01126079899272609,"[-1.91,-0.43]",0.4875,0.00687146966882074,"{""boundary"": 16, ""herding"": 49, ""kcenter"": 0, ""kmeans"": 13, ""marc"": 2, ""random"": 0}"
repeat5_0.25,no_random|kmeans_first|lcb=0.25|fb=herding|gap=0.01,80,0.7111598513808989,0.7086699630875986,herding,0.7059333595529326,0.005226491827966306,-0.011414307764655914,"[-1.92,-0.45]",0.6125,0.004612211204875871,"{""boundary"": 16, ""herding"": 55, ""kcenter"": 0, ""kmeans"": 9, ""marc"": 0, ""random"": 0}"
repeat5_0.25,no_random|kmeans_first|lcb=0|fb=herding|gap=0.01,80,0.7111598513808989,0.7086699630875986,herding,0.7059333595529326,0.005226491827966306,-0.011414307764655914,"[-1.92,-0.45]",0.6125,0.0019523809523809832,"{""boundary"": 16, ""herding"": 55, ""kcenter"": 0, ""kmeans"": 9, ""marc"": 0, ""random"": 0}"
repeat5_0.25,no_random|marc_first|lcb=0|fb=herding|gap=0.01,80,0.7111598513808989,0.7086699630875986,herding,0.7059333595529326,0.005226491827966306,-0.011414307764655914,"[-1.92,-0.45]",0.6125,0.0019523809523809832,"{""boundary"": 16, ""herding"": 55, ""kcenter"": 0, ""kmeans"": 9, ""marc"": 0, ""random"": 0}"
repeat5_0.25,no_random|herding_first|lcb=0.25|fb=herding|gap=0.01,80,0.7111598513808989,0.7086699630875986,herding,0.7059333595529326,0.005226491827966306,-0.011414307764655914,"[-1.92,-0.45]",0.6125,0.004612211204875871,"{""boundary"": 16, ""herding"": 55, ""kcenter"": 0, ""kmeans"": 9, ""marc"": 0, ""random"": 0}"
repeat5_0.25,no_random|default|lcb=0.25|fb=herding|gap=0.01,80,0.7111598513808989,0.7086699630875986,herding,0.7059333595529326,0.005226491827966306,-0.011414307764655914,"[-1.92,-0.45]",0.6125,0.004612211204875871,"{""boundary"": 16, ""herding"": 55, ""kcenter"": 0, ""kmeans"": 9, ""marc"": 0, ""random"": 0}"
repeat5_0.25,no_random|default|lcb=0|fb=herding|gap=0.01,80,0.7111598513808989,0.7086699630875986,herding,0.7059333595529326,0.005226491827966306,-0.011414307764655914,"[-1.92,-0.45]",0.6125,0.0019523809523809832,"{""boundary"": 16, ""herding"": 55, ""kcenter"": 0, ""kmeans"": 9, ""marc"": 0, ""random"": 0}"
repeat5_0.25,no_random|marc_first|lcb=0.25|fb=herding|gap=0.01,80,0.7111598513808989,0.7086699630875986,herding,0.7059333595529326,0.005226491827966306,-0.011414307764655914,"[-1.92,-0.45]",0.6125,0.004612211204875871,"{""boundary"": 16, ""herding"": 55, ""kcenter"": 0, ""kmeans"": 9, ""marc"": 0, ""random"": 0}"
repeat5_0.25,no_random|herding_first|lcb=0|fb=herding|gap=0.01,80,0.7111598513808989,0.7086699630875986,herding,0.7059333595529326,0.005226491827966306,-0.011414307764655914,"[-1.92,-0.45]",0.6125,0.0019523809523809832,"{""boundary"": 16, ""herding"": 55, ""kcenter"": 0, ""kmeans"": 9, ""marc"": 0, ""random"": 0}"
repeat5_0.25,no_random|kmeans_first|lcb=0.25|fb=herding|gap=0.005,80,0.7109746661957137,0.7084922333011894,herding,0.7059333595529326,0.005041306642781129,-0.011599492949841101,"[-1.94,-0.46]",0.5125,0.004612211204875871,"{""boundary"": 16, ""herding"": 50, ""kcenter"": 0, ""kmeans"": 12, ""marc"": 2, ""random"": 0}"
repeat5_0.25,no_random|marc_first|lcb=0.25|fb=herding|gap=0.005,80,0.7109746661957137,0.7084922333011894,herding,0.7059333595529326,0.005041306642781129,-0.011599492949841101,"[-1.94,-0.46]",0.5125,0.004612211204875871,"{""boundary"": 16, ""herding"": 50, ""kcenter"": 0, ""kmeans"": 12, ""marc"": 2, ""random"": 0}"
repeat5_0.25,no_random|herding_first|lcb=0.25|fb=herding|gap=0.005,80,0.7109746661957137,0.7084922333011894,herding,0.7059333595529326,0.005041306642781129,-0.011599492949841101,"[-1.94,-0.46]",0.5125,0.004612211204875871,"{""boundary"": 16, ""herding"": 50, ""kcenter"": 0, ""kmeans"": 12, ""marc"": 2, ""random"": 0}"
repeat5_0.25,no_random|default|lcb=0.25|fb=herding|gap=0.005,80,0.7109746661957137,0.7084922333011894,herding,0.7059333595529326,0.005041306642781129,-0.011599492949841101,"[-1.94,-0.46]",0.5125,0.004612211204875871,"{""boundary"": 16, ""herding"": 50, ""kcenter"": 0, ""kmeans"": 12, ""marc"": 2, ""random"": 0}"
repeat5_0.25,no_random|kmeans_first|lcb=0|fb=herding|gap=0,80,0.7106298806206649,0.7081925752944318,herding,0.7059333595529326,0.004696521067732329,-0.011944278524889832,"[-1.98,-0.50]",0.4625,0.0019523809523809832,"{""boundary"": 16, ""herding"": 46, ""kcenter"": 0, ""kmeans"": 14, ""marc"": 4, ""random"": 0}"
repeat5_0.25,no_random|default|lcb=0|fb=herding|gap=0,80,0.7106298806206649,0.7081925752944318,herding,0.7059333595529326,0.004696521067732329,-0.011944278524889832,"[-1.98,-0.50]",0.4625,0.0019523809523809832,"{""boundary"": 16, ""herding"": 46, ""kcenter"": 0, ""kmeans"": 14, ""marc"": 4, ""random"": 0}"
repeat5_0.25,no_random|herding_first|lcb=0|fb=herding|gap=0,80,0.7106298806206649,0.7081925752944318,herding,0.7059333595529326,0.004696521067732329,-0.011944278524889832,"[-1.98,-0.50]",0.4625,0.0019523809523809832,"{""boundary"": 16, ""herding"": 46, ""kcenter"": 0, ""kmeans"": 14, ""marc"": 4, ""random"": 0}"
repeat5_0.25,no_random|marc_first|lcb=0|fb=herding|gap=0,80,0.7106298806206649,0.7081925752944318,herding,0.7059333595529326,0.004696521067732329,-0.011944278524889832,"[-1.98,-0.50]",0.4625,0.0019523809523809832,"{""boundary"": 16, ""herding"": 46, ""kcenter"": 0, ""kmeans"": 14, ""marc"": 4, ""random"": 0}"
repeat5_0.25,all6|kmeans_first|lcb=0|fb=herding|gap=0.05,80,0.7105628254178069,0.7011106105620402,herding,0.7059333595529326,0.004629465864874338,-0.012011333727747816,"[-2.02,-0.52]",0.9375,0.0019523809523809832,"{""boundary"": 0, ""herding"": 75, ""kcenter"": 0, ""kmeans"": 0, ""marc"": 0, ""random"": 5}"
repeat5_0.25,all6|marc_first|lcb=0|fb=herding|gap=0.05,80,0.7105628254178069,0.7011106105620402,herding,0.7059333595529326,0.004629465864874338,-0.012011333727747816,"[-2.02,-0.52]",0.9375,0.0019523809523809832,"{""boundary"": 0, ""herding"": 75, ""kcenter"": 0, ""kmeans"": 0, ""marc"": 0, ""random"": 5}"
repeat5_0.25,all6|herding_first|lcb=0|fb=herding|gap=0.05,80,0.7105628254178069,0.7011106105620402,herding,0.7059333595529326,0.004629465864874338,-0.012011333727747816,"[-2.02,-0.52]",0.9375,0.0019523809523809832,"{""boundary"": 0, ""herding"": 75, ""kcenter"": 0, ""kmeans"": 0, ""marc"": 0, ""random"": 5}"
repeat5_0.25,all6|default|lcb=0|fb=herding|gap=0.05,80,0.7105628254178069,0.7011106105620402,herding,0.7059333595529326,0.004629465864874338,-0.012011333727747816,"[-2.02,-0.52]",0.9375,0.0019523809523809832,"{""boundary"": 0, ""herding"": 75, ""kcenter"": 0, ""kmeans"": 0, ""marc"": 0, ""random"": 5}"
repeat5_0.25,no_random|marc_first|lcb=0|fb=herding|gap=0.005,80,0.710557999529047,0.7079468024712073,herding,0.7059333595529326,0.0046246399761143975,-0.012016159616507767,"[-1.98,-0.51]",0.5625,0.0019523809523809832,"{""boundary"": 16, ""herding"": 53, ""kcenter"": 0, ""kmeans"": 10, ""marc"": 1, ""random"": 0}"
repeat5_0.25,no_random|kmeans_first|lcb=0|fb=herding|gap=0.005,80,0.710557999529047,0.7079468024712073,herding,0.7059333595529326,0.0046246399761143975,-0.012016159616507767,"[-1.98,-0.51]",0.5625,0.0019523809523809832,"{""boundary"": 16, ""herding"": 53, ""kcenter"": 0, ""kmeans"": 10, ""marc"": 1, ""random"": 0}"
repeat5_0.25,no_random|default|lcb=0|fb=herding|gap=0.005,80,0.710557999529047,0.7079468024712073,herding,0.7059333595529326,0.0046246399761143975,-0.012016159616507767,"[-1.98,-0.51]",0.5625,0.0019523809523809832,"{""boundary"": 16, ""herding"": 53, ""kcenter"": 0, ""kmeans"": 10, ""marc"": 1, ""random"": 0}"
repeat5_0.25,no_random|herding_first|lcb=0|fb=herding|gap=0.005,80,0.710557999529047,0.7079468024712073,herding,0.7059333595529326,0.0046246399761143975,-0.012016159616507767,"[-1.98,-0.51]",0.5625,0.0019523809523809832,"{""boundary"": 16, ""herding"": 53, ""kcenter"": 0, ""kmeans"": 10, ""marc"": 1, ""random"": 0}"
repeat5_0.25,no_random|herding_first|lcb=0|fb=herding|gap=0.02,80,0.7105005603340386,0.705348408627817,herding,0.7059333595529326,0.004567200781106062,-0.012073598811516078,"[-2.03,-0.49]",0.775,0.0019523809523809832,"{""boundary"": 11, ""herding"": 65, ""kcenter"": 0, ""kmeans"": 4, ""marc"": 0, ""random"": 0}"
repeat5_0.25,no_random|marc_first|lcb=0|fb=herding|gap=0.02,80,0.7105005603340386,0.705348408627817,herding,0.7059333595529326,0.004567200781106062,-0.012073598811516078,"[-2.03,-0.49]",0.775,0.0019523809523809832,"{""boundary"": 11, ""herding"": 65, ""kcenter"": 0, ""kmeans"": 4, ""marc"": 0, ""random"": 0}"
repeat5_0.25,no_random|marc_first|lcb=0.25|fb=herding|gap=0.02,80,0.7105005603340386,0.705348408627817,herding,0.7059333595529326,0.004567200781106062,-0.012073598811516078,"[-2.03,-0.49]",0.75,0.004612211204875871,"{""boundary"": 11, ""herding"": 65, ""kcenter"": 0, ""kmeans"": 4, ""marc"": 0, ""random"": 0}"
repeat5_0.25,no_random|herding_first|lcb=0.25|fb=herding|gap=0.02,80,0.7105005603340386,0.705348408627817,herding,0.7059333595529326,0.004567200781106062,-0.012073598811516078,"[-2.03,-0.49]",0.75,0.004612211204875871,"{""boundary"": 11, ""herding"": 65, ""kcenter"": 0, ""kmeans"": 4, ""marc"": 0, ""random"": 0}"
repeat5_0.25,no_random|default|lcb=0.25|fb=herding|gap=0.02,80,0.7105005603340386,0.705348408627817,herding,0.7059333595529326,0.004567200781106062,-0.012073598811516078,"[-2.03,-0.49]",0.75,0.004612211204875871,"{""boundary"": 11, ""herding"": 65, ""kcenter"": 0, ""kmeans"": 4, ""marc"": 0, ""random"": 0}"
repeat5_0.25,no_random|kmeans_first|lcb=0|fb=herding|gap=0.02,80,0.7105005603340386,0.705348408627817,herding,0.7059333595529326,0.004567200781106062,-0.012073598811516078,"[-2.03,-0.49]",0.775,0.0019523809523809832,"{""boundary"": 11, ""herding"": 65, ""kcenter"": 0, ""kmeans"": 4, ""marc"": 0, ""random"": 0}"
repeat5_0.25,no_random|kmeans_first|lcb=0.25|fb=herding|gap=0.02,80,0.7105005603340386,0.705348408627817,herding,0.7059333595529326,0.004567200781106062,-0.012073598811516078,"[-2.03,-0.49]",0.75,0.004612211204875871,"{""boundary"": 11, ""herding"": 65, ""kcenter"": 0, ""kmeans"": 4, ""marc"": 0, ""random"": 0}"
repeat5_0.25,no_random|default|lcb=0|fb=herding|gap=0.02,80,0.7105005603340386,0.705348408627817,herding,0.7059333595529326,0.004567200781106062,-0.012073598811516078,"[-2.03,-0.49]",0.775,0.0019523809523809832,"{""boundary"": 11, ""herding"": 65, ""kcenter"": 0, ""kmeans"": 4, ""marc"": 0, ""random"": 0}"
repeat5_0.25,no_random|herding_first|lcb=0|fb=none|gap=0,80,0.7104446954354797,0.7080133553082266,herding,0.7059333595529326,0.004511335882547152,-0.012129463710075018,"[-2.00,-0.51]",0.0,0.0019523809523809832,"{""boundary"": 16, ""herding"": 42, ""kcenter"": 0, ""kmeans"": 15, ""marc"": 7, ""random"": 0}"
repeat5_0.25,no_random|marc_first|lcb=0|fb=kmeans|gap=0,80,0.7104446954354797,0.7079306833505546,herding,0.7059333595529326,0.004511335882547152,-0.012129463710075018,"[-2.03,-0.48]",0.4625,0.0019523809523809832,"{""boundary"": 16, ""herding"": 9, ""kcenter"": 0, ""kmeans"": 51, ""marc"": 4, ""random"": 0}"
repeat5_0.25,no_random|default|lcb=0|fb=kmeans|gap=0,80,0.7104446954354797,0.7079306833505546,herding,0.7059333595529326,0.004511335882547152,-0.012129463710075018,"[-2.03,-0.48]",0.4625,0.0019523809523809832,"{""boundary"": 16, ""herding"": 9, ""kcenter"": 0, ""kmeans"": 51, ""marc"": 4, ""random"": 0}"
repeat5_0.25,no_random|marc_first|lcb=0|fb=none|gap=0,80,0.7104446954354797,0.7080133553082266,herding,0.7059333595529326,0.004511335882547152,-0.012129463710075018,"[-2.00,-0.51]",0.0,0.0019523809523809832,"{""boundary"": 16, ""herding"": 10, ""kcenter"": 0, ""kmeans"": 15, ""marc"": 39, ""random"": 0}"
repeat5_0.25,no_random|default|lcb=0|fb=none|gap=0,80,0.7104446954354797,0.7080133553082266,herding,0.7059333595529326,0.004511335882547152,-0.012129463710075018,"[-2.00,-0.51]",0.0,0.0019523809523809832,"{""boundary"": 16, ""herding"": 42, ""kcenter"": 0, ""kmeans"": 15, ""marc"": 7, ""random"": 0}"
repeat5_0.25,no_random|kmeans_first|lcb=0|fb=none|gap=0,80,0.7104446954354797,0.7080133553082266,herding,0.7059333595529326,0.004511335882547152,-0.012129463710075018,"[-2.00,-0.51]",0.0,0.0019523809523809832,"{""boundary"": 16, ""herding"": 10, ""kcenter"": 0, ""kmeans"": 47, ""marc"": 7, ""random"": 0}"
repeat5_0.25,no_random|kmeans_first|lcb=0|fb=kmeans|gap=0,80,0.7104446954354797,0.7079306833505546,herding,0.7059333595529326,0.004511335882547152,-0.012129463710075018,"[-2.03,-0.48]",0.4625,0.0019523809523809832,"{""boundary"": 16, ""herding"": 9, ""kcenter"": 0, ""kmeans"": 51, ""marc"": 4, ""random"": 0}"
repeat5_0.25,no_random|herding_first|lcb=0|fb=kmeans|gap=0,80,0.7104446954354797,0.7079306833505546,herding,0.7059333595529326,0.004511335882547152,-0.012129463710075018,"[-2.03,-0.48]",0.4625,0.0019523809523809832,"{""boundary"": 16, ""herding"": 9, ""kcenter"": 0, ""kmeans"": 51, ""marc"": 4, ""random"": 0}"
repeat5_0.25,no_random|default|lcb=0|fb=kmeans|gap=0.005,80,0.7103594127844077,0.7078276675014856,herding,0.7059333595529326,0.004426053231475158,-0.01221474636114714,"[-2.05,-0.47]",0.5625,0.0019523809523809832,"{""boundary"": 16, ""herding"": 8, ""kcenter"": 0, ""kmeans"": 55, ""marc"": 1, ""random"": 0}"
repeat5_0.25,no_random|marc_first|lcb=0|fb=kmeans|gap=0.005,80,0.7103594127844077,0.7078276675014856,herding,0.7059333595529326,0.004426053231475158,-0.01221474636114714,"[-2.05,-0.47]",0.5625,0.0019523809523809832,"{""boundary"": 16, ""herding"": 8, ""kcenter"": 0, ""kmeans"": 55, ""marc"": 1, ""random"": 0}"
repeat5_0.25,no_random|herding_first|lcb=0|fb=kmeans|gap=0.005,80,0.7103594127844077,0.7078276675014856,herding,0.7059333595529326,0.004426053231475158,-0.01221474636114714,"[-2.05,-0.47]",0.5625,0.0019523809523809832,"{""boundary"": 16, ""herding"": 8, ""kcenter"": 0, ""kmeans"": 55, ""marc"": 1, ""random"": 0}"
repeat5_0.25,no_random|kmeans_first|lcb=0|fb=kmeans|gap=0.005,80,0.7103594127844077,0.7078276675014856,herding,0.7059333595529326,0.004426053231475158,-0.01221474636114714,"[-2.05,-0.47]",0.5625,0.0019523809523809832,"{""boundary"": 16, ""herding"": 8, ""kcenter"": 0, ""kmeans"": 55, ""marc"": 1, ""random"": 0}"
repeat5_0.25,no_boundary|kmeans_first|lcb=0.25|fb=kmeans|gap=0.05,80,0.7102885927160194,0.7015481865181734,herding,0.7059333595529326,0.004355233163086836,-0.012285566429535304,"[-2.07,-0.51]",0.9,0.004106554529003492,"{""boundary"": 0, ""herding"": 1, ""kcenter"": 0, ""kmeans"": 72, ""marc"": 0, ""random"": 7}"
repeat5_0.25,no_boundary|herding_first|lcb=0.25|fb=kmeans|gap=0.05,80,0.7102885927160194,0.7015481865181734,herding,0.7059333595529326,0.004355233163086836,-0.012285566429535304,"[-2.07,-0.51]",0.9,0.004106554529003492,"{""boundary"": 0, ""herding"": 1, ""kcenter"": 0, ""kmeans"": 72, ""marc"": 0, ""random"": 7}"
repeat5_0.25,no_boundary|default|lcb=0.25|fb=kmeans|gap=0.05,80,0.7102885927160194,0.7015481865181734,herding,0.7059333595529326,0.004355233163086836,-0.012285566429535304,"[-2.07,-0.51]",0.9,0.004106554529003492,"{""boundary"": 0, ""herding"": 1, ""kcenter"": 0, ""kmeans"": 72, ""marc"": 0, ""random"": 7}"
repeat5_0.25,no_boundary|marc_first|lcb=0.25|fb=kmeans|gap=0.05,80,0.7102885927160194,0.7015481865181734,herding,0.7059333595529326,0.004355233163086836,-0.012285566429535304,"[-2.07,-0.51]",0.9,0.004106554529003492,"{""boundary"": 0, ""herding"": 1, ""kcenter"": 0, ""kmeans"": 72, ""marc"": 0, ""random"": 7}"
repeat5_0.25,no_random|herding_first|lcb=0|fb=kmeans|gap=0.01,80,0.7101510794510743,0.7075508871455998,herding,0.7059333595529326,0.004217719898141681,-0.012423079694480475,"[-2.07,-0.48]",0.6125,0.0019523809523809832,"{""boundary"": 16, ""herding"": 6, ""kcenter"": 0, ""kmeans"": 58, ""marc"": 0, ""random"": 0}"
repeat5_0.25,no_random|marc_first|lcb=0.25|fb=kmeans|gap=0.01,80,0.7101510794510743,0.7075508871455998,herding,0.7059333595529326,0.004217719898141681,-0.012423079694480475,"[-2.07,-0.48]",0.6125,0.004612211204875871,"{""boundary"": 16, ""herding"": 6, ""kcenter"": 0, ""kmeans"": 58, ""marc"": 0, ""random"": 0}"
repeat5_0.25,no_random|kmeans_first|lcb=0|fb=kmeans|gap=0.01,80,0.7101510794510743,0.7075508871455998,herding,0.7059333595529326,0.004217719898141681,-0.012423079694480475,"[-2.07,-0.48]",0.6125,0.0019523809523809832,"{""boundary"": 16, ""herding"": 6, ""kcenter"": 0, ""kmeans"": 58, ""marc"": 0, ""random"": 0}"
repeat5_0.25,no_random|marc_first|lcb=0|fb=kmeans|gap=0.01,80,0.7101510794510743,0.7075508871455998,herding,0.7059333595529326,0.004217719898141681,-0.012423079694480475,"[-2.07,-0.48]",0.6125,0.0019523809523809832,"{""boundary"": 16, ""herding"": 6, ""kcenter"": 0, ""kmeans"": 58, ""marc"": 0, ""random"": 0}"
repeat5_0.25,no_random|default|lcb=0|fb=kmeans|gap=0.01,80,0.7101510794510743,0.7075508871455998,herding,0.7059333595529326,0.004217719898141681,-0.012423079694480475,"[-2.07,-0.48]",0.6125,0.0019523809523809832,"{""boundary"": 16, ""herding"": 6, ""kcenter"": 0, ""kmeans"": 58, ""marc"": 0, ""random"": 0}"
repeat5_0.25,no_random|default|lcb=0.25|fb=kmeans|gap=0.01,80,0.7101510794510743,0.7075508871455998,herding,0.7059333595529326,0.004217719898141681,-0.012423079694480475,"[-2.07,-0.48]",0.6125,0.004612211204875871,"{""boundary"": 16, ""herding"": 6, ""kcenter"": 0, ""kmeans"": 58, ""marc"": 0, ""random"": 0}"
repeat5_0.25,no_random|kmeans_first|lcb=0.25|fb=kmeans|gap=0.01,80,0.7101510794510743,0.7075508871455998,herding,0.7059333595529326,0.004217719898141681,-0.012423079694480475,"[-2.07,-0.48]",0.6125,0.004612211204875871,"{""boundary"": 16, ""herding"": 6, ""kcenter"": 0, ""kmeans"": 58, ""marc"": 0, ""random"": 0}"
repeat5_0.25,no_random|herding_first|lcb=0.25|fb=kmeans|gap=0.01,80,0.7101510794510743,0.7075508871455998,herding,0.7059333595529326,0.004217719898141681,-0.012423079694480475,"[-2.07,-0.48]",0.6125,0.004612211204875871,"{""boundary"": 16, ""herding"": 6, ""kcenter"": 0, ""kmeans"": 58, ""marc"": 0, ""random"": 0}"
repeat5_0.25,no_boundary|marc_first|lcb=1|fb=kmeans|gap=0.02,80,0.7100549495397693,0.700157381236174,herding,0.7059333595529326,0.00412158998683676,-0.012519209605785484,"[-2.13,-0.50]",0.8125,0.002204584963417973,"{""boundary"": 0, ""herding"": 6, ""kcenter"": 0, ""kmeans"": 70, ""marc"": 0, ""random"": 4}"
repeat5_0.25,no_boundary|default|lcb=1|fb=kmeans|gap=0.02,80,0.7100549495397693,0.700157381236174,herding,0.7059333595529326,0.00412158998683676,-0.012519209605785484,"[-2.13,-0.50]",0.8125,0.002204584963417973,"{""boundary"": 0, ""herding"": 6, ""kcenter"": 0, ""kmeans"": 70, ""marc"": 0, ""random"": 4}"
repeat5_0.25,no_boundary|herding_first|lcb=1|fb=kmeans|gap=0.02,80,0.7100549495397693,0.700157381236174,herding,0.7059333595529326,0.00412158998683676,-0.012519209605785484,"[-2.13,-0.50]",0.8125,0.002204584963417973,"{""boundary"": 0, ""herding"": 6, ""kcenter"": 0, ""kmeans"": 70, ""marc"": 0, ""random"": 4}"
repeat5_0.25,no_boundary|kmeans_first|lcb=1|fb=kmeans|gap=0.02,80,0.7100549495397693,0.700157381236174,herding,0.7059333595529326,0.00412158998683676,-0.012519209605785484,"[-2.13,-0.50]",0.8125,0.002204584963417973,"{""boundary"": 0, ""herding"": 6, ""kcenter"": 0, ""kmeans"": 70, ""marc"": 0, ""random"": 4}"
repeat5_0.25,all6|default|lcb=1|fb=kmeans|gap=0.02,80,0.7100107330558642,0.7023933620414875,herding,0.7059333595529326,0.0040773735029315805,-0.012563426089690683,"[-2.15,-0.47]",0.775,0.0036774117582820676,"{""boundary"": 6, ""herding"": 6, ""kcenter"": 0, ""kmeans"": 67, ""marc"": 0, ""random"": 1}"
repeat5_0.25,all6|kmeans_first|lcb=1|fb=kmeans|gap=0.02,80,0.7100107330558642,0.7023933620414875,herding,0.7059333595529326,0.0040773735029315805,-0.012563426089690683,"[-2.15,-0.47]",0.775,0.0036774117582820676,"{""boundary"": 6, ""herding"": 6, ""kcenter"": 0, ""kmeans"": 67, ""marc"": 0, ""random"": 1}"
repeat5_0.25,all6|herding_first|lcb=1|fb=kmeans|gap=0.02,80,0.7100107330558642,0.7023933620414875,herding,0.7059333595529326,0.0040773735029315805,-0.012563426089690683,"[-2.15,-0.47]",0.775,0.0036774117582820676,"{""boundary"": 6, ""herding"": 6, ""kcenter"": 0, ""kmeans"": 67, ""marc"": 0, ""random"": 1}"
repeat5_0.25,all6|marc_first|lcb=1|fb=kmeans|gap=0.02,80,0.7100107330558642,0.7023933620414875,herding,0.7059333595529326,0.0040773735029315805,-0.012563426089690683,"[-2.15,-0.47]",0.775,0.0036774117582820676,"{""boundary"": 6, ""herding"": 6, ""kcenter"": 0, ""kmeans"": 67, ""marc"": 0, ""random"": 1}"
repeat5_0.25,no_random|kmeans_first|lcb=1|fb=kmeans|gap=0.02,80,0.7097388016798472,0.703450407398235,herding,0.7059333595529326,0.003805442126914582,-0.012835357465707664,"[-2.17,-0.49]",0.75,0.00687146966882074,"{""boundary"": 9, ""herding"": 6, ""kcenter"": 0, ""kmeans"": 65, ""marc"": 0, ""random"": 0}"
repeat5_0.25,no_random|marc_first|lcb=1|fb=kmeans|gap=0.02,80,0.7097388016798472,0.703450407398235,herding,0.7059333595529326,0.003805442126914582,-0.012835357465707664,"[-2.17,-0.49]",0.75,0.00687146966882074,"{""boundary"": 9, ""herding"": 6, ""kcenter"": 0, ""kmeans"": 65, ""marc"": 0, ""random"": 0}"
repeat5_0.25,no_random|herding_first|lcb=1|fb=kmeans|gap=0.02,80,0.7097388016798472,0.703450407398235,herding,0.7059333595529326,0.003805442126914582,-0.012835357465707664,"[-2.17,-0.49]",0.75,0.00687146966882074,"{""boundary"": 9, ""herding"": 6, ""kcenter"": 0, ""kmeans"": 65, ""marc"": 0, ""random"": 0}"
repeat5_0.25,no_random|default|lcb=1|fb=kmeans|gap=0.02,80,0.7097388016798472,0.703450407398235,herding,0.7059333595529326,0.003805442126914582,-0.012835357465707664,"[-2.17,-0.49]",0.75,0.00687146966882074,"{""boundary"": 9, ""herding"": 6, ""kcenter"": 0, ""kmeans"": 65, ""marc"": 0, ""random"": 0}"
repeat5_0.25,no_random|kmeans_first|lcb=0.5|fb=herding|gap=0.02,80,0.7095979053798274,0.7039053440093866,herding,0.7059333595529326,0.003664545826894794,-0.012976253765727452,"[-2.14,-0.55]",0.75,0.005347755101500373,"{""boundary"": 10, ""herding"": 65, ""kcenter"": 0, ""kmeans"": 5, ""marc"": 0, ""random"": 0}"
repeat5_0.25,no_random|marc_first|lcb=0.5|fb=herding|gap=0.02,80,0.7095979053798274,0.7039053440093866,herding,0.7059333595529326,0.003664545826894794,-0.012976253765727452,"[-2.14,-0.55]",0.75,0.005347755101500373,"{""boundary"": 10, ""herding"": 65, ""kcenter"": 0, ""kmeans"": 5, ""marc"": 0, ""random"": 0}"
repeat5_0.25,no_random|herding_first|lcb=0.5|fb=herding|gap=0.02,80,0.7095979053798274,0.7039053440093866,herding,0.7059333595529326,0.003664545826894794,-0.012976253765727452,"[-2.14,-0.55]",0.75,0.005347755101500373,"{""boundary"": 10, ""herding"": 65, ""kcenter"": 0, ""kmeans"": 5, ""marc"": 0, ""random"": 0}"
repeat5_0.25,no_random|default|lcb=0.5|fb=herding|gap=0.02,80,0.7095979053798274,0.7039053440093866,herding,0.7059333595529326,0.003664545826894794,-0.012976253765727452,"[-2.14,-0.55]",0.75,0.005347755101500373,"{""boundary"": 10, ""herding"": 65, ""kcenter"": 0, ""kmeans"": 5, ""marc"": 0, ""random"": 0}"
repeat5_0.25,no_boundary|default|lcb=0.5|fb=herding|gap=0.05,80,0.7094823012533692,0.6995441793158695,herding,0.7059333595529326,0.0035489417004366253,-0.01309185789218556,"[-2.15,-0.59]",0.925,0.004438194082210467,"{""boundary"": 0, ""herding"": 75, ""kcenter"": 0, ""kmeans"": 1, ""marc"": 0, ""random"": 4}"
repeat5_0.25,no_boundary|marc_first|lcb=0.5|fb=herding|gap=0.05,80,0.7094823012533692,0.6995441793158695,herding,0.7059333595529326,0.0035489417004366253,-0.01309185789218556,"[-2.15,-0.59]",0.925,0.004438194082210467,"{""boundary"": 0, ""herding"": 75, ""kcenter"": 0, ""kmeans"": 1, ""marc"": 0, ""random"": 4}"
repeat5_0.25,no_boundary|herding_first|lcb=0.5|fb=herding|gap=0.05,80,0.7094823012533692,0.6995441793158695,herding,0.7059333595529326,0.0035489417004366253,-0.01309185789218556,"[-2.15,-0.59]",0.925,0.004438194082210467,"{""boundary"": 0, ""herding"": 75, ""kcenter"": 0, ""kmeans"": 1, ""marc"": 0, ""random"": 4}"
repeat5_0.25,no_boundary|kmeans_first|lcb=0.5|fb=herding|gap=0.05,80,0.7094823012533692,0.6995441793158695,herding,0.7059333595529326,0.0035489417004366253,-0.01309185789218556,"[-2.15,-0.59]",0.925,0.004438194082210467,"{""boundary"": 0, ""herding"": 75, ""kcenter"": 0, ""kmeans"": 1, ""marc"": 0, ""random"": 4}"
repeat5_0.25,no_boundary|marc_first|lcb=1|fb=herding|gap=0.02,80,0.7094384416042464,0.6994562291819932,herding,0.7059333595529326,0.0035050820513138348,-0.013135717541308373,"[-2.16,-0.58]",0.8125,0.002204584963417973,"{""boundary"": 0, ""herding"": 71, ""kcenter"": 0, ""kmeans"": 5, ""marc"": 0, ""random"": 4}"
repeat5_0.25,no_boundary|kmeans_first|lcb=1|fb=herding|gap=0.02,80,0.7094384416042464,0.6994562291819932,herding,0.7059333595529326,0.0035050820513138348,-0.013135717541308373,"[-2.16,-0.58]",0.8125,0.002204584963417973,"{""boundary"": 0, ""herding"": 71, ""kcenter"": 0, ""kmeans"": 5, ""marc"": 0, ""random"": 4}"
repeat5_0.25,no_boundary|herding_first|lcb=1|fb=herding|gap=0.02,80,0.7094384416042464,0.6994562291819932,herding,0.7059333595529326,0.0035050820513138348,-0.013135717541308373,"[-2.16,-0.58]",0.8125,0.002204584963417973,"{""boundary"": 0, ""herding"": 71, ""kcenter"": 0, ""kmeans"": 5, ""marc"": 0, ""random"": 4}"
repeat5_0.25,no_boundary|default|lcb=1|fb=herding|gap=0.02,80,0.7094384416042464,0.6994562291819932,herding,0.7059333595529326,0.0035050820513138348,-0.013135717541308373,"[-2.16,-0.58]",0.8125,0.002204584963417973,"{""boundary"": 0, ""herding"": 71, ""kcenter"": 0, ""kmeans"": 5, ""marc"": 0, ""random"": 4}"
repeat5_0.25,all6|kmeans_first|lcb=1|fb=herding|gap=0.02,80,0.7094207550106842,0.701774866975911,herding,0.7059333595529326,0.003487395457751674,-0.01315340413487045,"[-2.18,-0.57]",0.775,0.0036774117582820676,"{""boundary"": 6, ""herding"": 68, ""kcenter"": 0, ""kmeans"": 5, ""marc"": 0, ""random"": 1}"
repeat5_0.25,all6|marc_first|lcb=1|fb=herding|gap=0.02,80,0.7094207550106842,0.701774866975911,herding,0.7059333595529326,0.003487395457751674,-0.01315340413487045,"[-2.18,-0.57]",0.775,0.0036774117582820676,"{""boundary"": 6, ""herding"": 68, ""kcenter"": 0, ""kmeans"": 5, ""marc"": 0, ""random"": 1}"
repeat5_0.25,all6|default|lcb=1|fb=herding|gap=0.02,80,0.7094207550106842,0.701774866975911,herding,0.7059333595529326,0.003487395457751674,-0.01315340413487045,"[-2.18,-0.57]",0.775,0.0036774117582820676,"{""boundary"": 6, ""herding"": 68, ""kcenter"": 0, ""kmeans"": 5, ""marc"": 0, ""random"": 1}"
repeat5_0.25,all6|herding_first|lcb=1|fb=herding|gap=0.02,80,0.7094207550106842,0.701774866975911,herding,0.7059333595529326,0.003487395457751674,-0.01315340413487045,"[-2.18,-0.57]",0.775,0.0036774117582820676,"{""boundary"": 6, ""herding"": 68, ""kcenter"": 0, ""kmeans"": 5, ""marc"": 0, ""random"": 1}"
repeat5_0.25,no_random|marc_first|lcb=0.25|fb=kmeans|gap=0.02,80,0.7092114791680888,0.703871589046698,herding,0.7059333595529326,0.0032781196151562275,-0.013362679977465975,"[-2.21,-0.55]",0.75,0.004612211204875871,"{""boundary"": 11, ""herding"": 5, ""kcenter"": 0, ""kmeans"": 64, ""marc"": 0, ""random"": 0}"
repeat5_0.25,no_random|herding_first|lcb=0.25|fb=kmeans|gap=0.02,80,0.7092114791680888,0.703871589046698,herding,0.7059333595529326,0.0032781196151562275,-0.013362679977465975,"[-2.21,-0.55]",0.75,0.004612211204875871,"{""boundary"": 11, ""herding"": 5, ""kcenter"": 0, ""kmeans"": 64, ""marc"": 0, ""random"": 0}"
repeat5_0.25,no_random|default|lcb=0.25|fb=kmeans|gap=0.02,80,0.7092114791680888,0.703871589046698,herding,0.7059333595529326,0.0032781196151562275,-0.013362679977465975,"[-2.21,-0.55]",0.75,0.004612211204875871,"{""boundary"": 11, ""herding"": 5, ""kcenter"": 0, ""kmeans"": 64, ""marc"": 0, ""random"": 0}"
repeat5_0.25,no_random|kmeans_first|lcb=0.25|fb=kmeans|gap=0.02,80,0.7092114791680888,0.703871589046698,herding,0.7059333595529326,0.0032781196151562275,-0.013362679977465975,"[-2.21,-0.55]",0.75,0.004612211204875871,"{""boundary"": 11, ""herding"": 5, ""kcenter"": 0, ""kmeans"": 64, ""marc"": 0, ""random"": 0}"
repeat5_0.25,all6|marc_first|lcb=0.25|fb=herding|gap=0.05,80,0.7091899035925505,0.6992321123676468,herding,0.7059333595529326,0.003256544039617948,-0.01338425555300427,"[-2.18,-0.62]",0.9375,0.004106554529003492,"{""boundary"": 0, ""herding"": 76, ""kcenter"": 0, ""kmeans"": 0, ""marc"": 0, ""random"": 4}"
repeat5_0.25,all6|herding_first|lcb=0.25|fb=herding|gap=0.05,80,0.7091899035925505,0.6992321123676468,herding,0.7059333595529326,0.003256544039617948,-0.01338425555300427,"[-2.18,-0.62]",0.9375,0.004106554529003492,"{""boundary"": 0, ""herding"": 76, ""kcenter"": 0, ""kmeans"": 0, ""marc"": 0, ""random"": 4}"
repeat5_0.25,all6|default|lcb=0.25|fb=herding|gap=0.05,80,0.7091899035925505,0.6992321123676468,herding,0.7059333595529326,0.003256544039617948,-0.01338425555300427,"[-2.18,-0.62]",0.9375,0.004106554529003492,"{""boundary"": 0, ""herding"": 76, ""kcenter"": 0, ""kmeans"": 0, ""marc"": 0, ""random"": 4}"
repeat5_0.25,all6|kmeans_first|lcb=0.25|fb=herding|gap=0.05,80,0.7091899035925505,0.6992321123676468,herding,0.7059333595529326,0.003256544039617948,-0.01338425555300427,"[-2.18,-0.62]",0.9375,0.004106554529003492,"{""boundary"": 0, ""herding"": 76, ""kcenter"": 0, ""kmeans"": 0, ""marc"": 0, ""random"": 4}"
repeat5_0.25,no_random|default|lcb=1|fb=herding|gap=0.02,80,0.7091687210524247,0.7028763574803432,herding,0.7059333595529326,0.0032353614994921065,-0.01340543809313009,"[-2.20,-0.59]",0.75,0.00687146966882074,"{""boundary"": 9, ""herding"": 66, ""kcenter"": 0, ""kmeans"": 5, ""marc"": 0, ""random"": 0}"
repeat5_0.25,no_random|herding_first|lcb=1|fb=herding|gap=0.02,80,0.7091687210524247,0.7028763574803432,herding,0.7059333595529326,0.0032353614994921065,-0.01340543809313009,"[-2.20,-0.59]",0.75,0.00687146966882074,"{""boundary"": 9, ""herding"": 66, ""kcenter"": 0, ""kmeans"": 5, ""marc"": 0, ""random"": 0}"
repeat5_0.25,no_random|marc_first|lcb=1|fb=herding|gap=0.02,80,0.7091687210524247,0.7028763574803432,herding,0.7059333595529326,0.0032353614994921065,-0.01340543809313009,"[-2.20,-0.59]",0.75,0.00687146966882074,"{""boundary"": 9, ""herding"": 66, ""kcenter"": 0, ""kmeans"": 5, ""marc"": 0, ""random"": 0}"
repeat5_0.25,no_random|kmeans_first|lcb=1|fb=herding|gap=0.02,80,0.7091687210524247,0.7028763574803432,herding,0.7059333595529326,0.0032353614994921065,-0.01340543809313009,"[-2.20,-0.59]",0.75,0.00687146966882074,"{""boundary"": 9, ""herding"": 66, ""kcenter"": 0, ""kmeans"": 5, ""marc"": 0, ""random"": 0}"
repeat5_0.25,no_random|herding_first|lcb=0.5|fb=kmeans|gap=0.02,80,0.7088643797694331,0.7030720828573864,herding,0.7059333595529326,0.0029310202165004906,-0.013709779376121792,"[-2.26,-0.57]",0.75,0.005347755101500373,"{""boundary"": 10, ""herding"": 5, ""kcenter"": 0, ""kmeans"": 65, ""marc"": 0, ""random"": 0}"
repeat5_0.25,no_random|kmeans_first|lcb=0.5|fb=kmeans|gap=0.02,80,0.7088643797694331,0.7030720828573864,herding,0.7059333595529326,0.0029310202165004906,-0.013709779376121792,"[-2.26,-0.57]",0.75,0.005347755101500373,"{""boundary"": 10, ""herding"": 5, ""kcenter"": 0, ""kmeans"": 65, ""marc"": 0, ""random"": 0}"
repeat5_0.25,no_random|default|lcb=0.5|fb=kmeans|gap=0.02,80,0.7088643797694331,0.7030720828573864,herding,0.7059333595529326,0.0029310202165004906,-0.013709779376121792,"[-2.26,-0.57]",0.75,0.005347755101500373,"{""boundary"": 10, ""herding"": 5, ""kcenter"": 0, ""kmeans"": 65, ""marc"": 0, ""random"": 0}"
repeat5_0.25,no_random|marc_first|lcb=0.5|fb=kmeans|gap=0.02,80,0.7088643797694331,0.7030720828573864,herding,0.7059333595529326,0.0029310202165004906,-0.013709779376121792,"[-2.26,-0.57]",0.75,0.005347755101500373,"{""boundary"": 10, ""herding"": 5, ""kcenter"": 0, ""kmeans"": 65, ""marc"": 0, ""random"": 0}"
repeat5_0.25,representative4|kmeans_first|lcb=0.5|fb=kmeans|gap=0,80,0.7080701207066915,0.6970099697129571,herding,0.7059333595529326,0.002136761153758937,-0.014504038438863342,"[-2.39,-0.62]",0.45,0.0001735578502666986,"{""boundary"": 0, ""herding"": 19, ""kcenter"": 4, ""kmeans"": 53, ""marc"": 4, ""random"": 0}"
repeat5_0.25,representative4|herding_first|lcb=0.5|fb=kmeans|gap=0,80,0.7080701207066915,0.6970099697129571,herding,0.7059333595529326,0.002136761153758937,-0.014504038438863342,"[-2.39,-0.62]",0.45,0.0001735578502666986,"{""boundary"": 0, ""herding"": 19, ""kcenter"": 4, ""kmeans"": 53, ""marc"": 4, ""random"": 0}"
repeat5_0.25,representative4|default|lcb=0.5|fb=kmeans|gap=0,80,0.7080701207066915,0.6970099697129571,herding,0.7059333595529326,0.002136761153758937,-0.014504038438863342,"[-2.39,-0.62]",0.45,0.0001735578502666986,"{""boundary"": 0, ""herding"": 19, ""kcenter"": 4, ""kmeans"": 53, ""marc"": 4, ""random"": 0}"
repeat5_0.25,representative4|marc_first|lcb=0.5|fb=kmeans|gap=0,80,0.7080701207066915,0.6970099697129571,herding,0.7059333595529326,0.002136761153758937,-0.014504038438863342,"[-2.39,-0.62]",0.45,0.0001735578502666986,"{""boundary"": 0, ""herding"": 19, ""kcenter"": 4, ""kmeans"": 53, ""marc"": 4, ""random"": 0}"
repeat5_0.25,centroid3|kmeans_first|lcb=0.5|fb=kmeans|gap=0,80,0.7080679098824962,0.6969969674353285,herding,0.7059333595529326,0.002134550329563667,-0.014506249263058602,"[-2.39,-0.62]",0.4625,0.00011262183166000153,"{""boundary"": 0, ""herding"": 19, ""kcenter"": 0, ""kmeans"": 54, ""marc"": 7, ""random"": 0}"
repeat5_0.25,centroid3|herding_first|lcb=0.5|fb=kmeans|gap=0,80,0.7080679098824962,0.6969969674353285,herding,0.7059333595529326,0.002134550329563667,-0.014506249263058602,"[-2.39,-0.62]",0.4625,0.00011262183166000153,"{""boundary"": 0, ""herding"": 19, ""kcenter"": 0, ""kmeans"": 54, ""marc"": 7, ""random"": 0}"
repeat5_0.25,centroid3|default|lcb=0.5|fb=kmeans|gap=0,80,0.7080679098824962,0.6969969674353285,herding,0.7059333595529326,0.002134550329563667,-0.014506249263058602,"[-2.39,-0.62]",0.4625,0.00011262183166000153,"{""boundary"": 0, ""herding"": 19, ""kcenter"": 0, ""kmeans"": 54, ""marc"": 7, ""random"": 0}"
repeat5_0.25,centroid3|marc_first|lcb=0.5|fb=kmeans|gap=0,80,0.7080679098824962,0.6969969674353285,herding,0.7059333595529326,0.002134550329563667,-0.014506249263058602,"[-2.39,-0.62]",0.4625,0.00011262183166000153,"{""boundary"": 0, ""herding"": 19, ""kcenter"": 0, ""kmeans"": 54, ""marc"": 7, ""random"": 0}"
repeat5_0.25,no_random|default|lcb=0|fb=kmeans|gap=0.02,80,0.7080540717606814,0.7026304171644936,herding,0.7059333595529326,0.002120712207748787,-0.01452008738487338,"[-2.35,-0.63]",0.775,0.0019523809523809832,"{""boundary"": 11, ""herding"": 3, ""kcenter"": 0, ""kmeans"": 66, ""marc"": 0, ""random"": 0}"
repeat5_0.25,no_random|kmeans_first|lcb=0|fb=kmeans|gap=0.02,80,0.7080540717606814,0.7026304171644936,herding,0.7059333595529326,0.002120712207748787,-0.01452008738487338,"[-2.35,-0.63]",0.775,0.0019523809523809832,"{""boundary"": 11, ""herding"": 3, ""kcenter"": 0, ""kmeans"": 66, ""marc"": 0, ""random"": 0}"
repeat5_0.25,no_random|herding_first|lcb=0|fb=kmeans|gap=0.02,80,0.7080540717606814,0.7026304171644936,herding,0.7059333595529326,0.002120712207748787,-0.01452008738487338,"[-2.35,-0.63]",0.775,0.0019523809523809832,"{""boundary"": 11, ""herding"": 3, ""kcenter"": 0, ""kmeans"": 66, ""marc"": 0, ""random"": 0}"
repeat5_0.25,no_random|marc_first|lcb=0|fb=kmeans|gap=0.02,80,0.7080540717606814,0.7026304171644936,herding,0.7059333595529326,0.002120712207748787,-0.01452008738487338,"[-2.35,-0.63]",0.775,0.0019523809523809832,"{""boundary"": 11, ""herding"": 3, ""kcenter"": 0, ""kmeans"": 66, ""marc"": 0, ""random"": 0}"
repeat5_0.25,centroid3|marc_first|lcb=1|fb=kmeans|gap=0.005,80,0.7079757103253161,0.6968328839838372,herding,0.7059333595529326,0.002042350772383572,-0.014598448820238705,"[-2.39,-0.64]",0.6875,5.199400772134752e-05,"{""boundary"": 0, ""herding"": 10, ""kcenter"": 0, ""kmeans"": 68, ""marc"": 2, ""random"": 0}"
repeat5_0.25,representative4|herding_first|lcb=1|fb=kmeans|gap=0.005,80,0.7079757103253161,0.6968328839838372,herding,0.7059333595529326,0.002042350772383572,-0.014598448820238705,"[-2.39,-0.64]",0.6875,0.0001679704602696036,"{""boundary"": 0, ""herding"": 10, ""kcenter"": 0, ""kmeans"": 68, ""marc"": 2, ""random"": 0}"
repeat5_0.25,centroid3|default|lcb=1|fb=kmeans|gap=0.005,80,0.7079757103253161,0.6968328839838372,herding,0.7059333595529326,0.002042350772383572,-0.014598448820238705,"[-2.39,-0.64]",0.6875,5.199400772134752e-05,"{""boundary"": 0, ""herding"": 10, ""kcenter"": 0, ""kmeans"": 68, ""marc"": 2, ""random"": 0}"
repeat5_0.25,centroid3|kmeans_first|lcb=1|fb=kmeans|gap=0.005,80,0.7079757103253161,0.6968328839838372,herding,0.7059333595529326,0.002042350772383572,-0.014598448820238705,"[-2.39,-0.64]",0.6875,5.199400772134752e-05,"{""boundary"": 0, ""herding"": 10, ""kcenter"": 0, ""kmeans"": 68, ""marc"": 2, ""random"": 0}"
repeat5_0.25,representative4|marc_first|lcb=1|fb=kmeans|gap=0.005,80,0.7079757103253161,0.6968328839838372,herding,0.7059333595529326,0.002042350772383572,-0.014598448820238705,"[-2.39,-0.64]",0.6875,0.0001679704602696036,"{""boundary"": 0, ""herding"": 10, ""kcenter"": 0, ""kmeans"": 68, ""marc"": 2, ""random"": 0}"
repeat5_0.25,representative4|kmeans_first|lcb=1|fb=kmeans|gap=0.005,80,0.7079757103253161,0.6968328839838372,herding,0.7059333595529326,0.002042350772383572,-0.014598448820238705,"[-2.39,-0.64]",0.6875,0.0001679704602696036,"{""boundary"": 0, ""herding"": 10, ""kcenter"": 0, ""kmeans"": 68, ""marc"": 2, ""random"": 0}"
repeat5_0.25,representative4|default|lcb=1|fb=kmeans|gap=0.005,80,0.7079757103253161,0.6968328839838372,herding,0.7059333595529326,0.002042350772383572,-0.014598448820238705,"[-2.39,-0.64]",0.6875,0.0001679704602696036,"{""boundary"": 0, ""herding"": 10, ""kcenter"": 0, ""kmeans"": 68, ""marc"": 2, ""random"": 0}"
repeat5_0.25,centroid3|herding_first|lcb=1|fb=kmeans|gap=0.005,80,0.7079757103253161,0.6968328839838372,herding,0.7059333595529326,0.002042350772383572,-0.014598448820238705,"[-2.39,-0.64]",0.6875,5.199400772134752e-05,"{""boundary"": 0, ""herding"": 10, ""kcenter"": 0, ""kmeans"": 68, ""marc"": 2, ""random"": 0}"
repeat5_0.25,representative4|marc_first|lcb=0.25|fb=kmeans|gap=0,80,0.7078081811355414,0.6967359318786668,herding,0.7059333595529326,0.0018748215826088765,-0.014765978010013442,"[-2.41,-0.65]",0.45,0.00022322525624312445,"{""boundary"": 0, ""herding"": 19, ""kcenter"": 4, ""kmeans"": 51, ""marc"": 6, ""random"": 0}"
repeat5_0.25,representative4|default|lcb=0.25|fb=kmeans|gap=0,80,0.7078081811355414,0.6967359318786668,herding,0.7059333595529326,0.0018748215826088765,-0.014765978010013442,"[-2.41,-0.65]",0.45,0.00022322525624312445,"{""boundary"": 0, ""herding"": 19, ""kcenter"": 4, ""kmeans"": 51, ""marc"": 6, ""random"": 0}"
repeat5_0.25,representative4|herding_first|lcb=0.25|fb=kmeans|gap=0,80,0.7078081811355414,0.6967359318786668,herding,0.7059333595529326,0.0018748215826088765,-0.014765978010013442,"[-2.41,-0.65]",0.45,0.00022322525624312445,"{""boundary"": 0, ""herding"": 19, ""kcenter"": 4, ""kmeans"": 51, ""marc"": 6, ""random"": 0}"
repeat5_0.25,representative4|kmeans_first|lcb=0.25|fb=kmeans|gap=0,80,0.7078081811355414,0.6967359318786668,herding,0.7059333595529326,0.0018748215826088765,-0.014765978010013442,"[-2.41,-0.65]",0.45,0.00022322525624312445,"{""boundary"": 0, ""herding"": 19, ""kcenter"": 4, ""kmeans"": 51, ""marc"": 6, ""random"": 0}"
repeat5_0.25,centroid3|default|lcb=0.25|fb=kmeans|gap=0,80,0.7078059703113461,0.696722929601038,herding,0.7059333595529326,0.0018726107584134954,-0.0147681888342087,"[-2.41,-0.65]",0.4625,0.00014727513656985491,"{""boundary"": 0, ""herding"": 19, ""kcenter"": 0, ""kmeans"": 52, ""marc"": 9, ""random"": 0}"
repeat5_0.25,centroid3|marc_first|lcb=0.25|fb=kmeans|gap=0,80,0.7078059703113461,0.696722929601038,herding,0.7059333595529326,0.0018726107584134954,-0.0147681888342087,"[-2.41,-0.65]",0.4625,0.00014727513656985491,"{""boundary"": 0, ""herding"": 19, ""kcenter"": 0, ""kmeans"": 52, ""marc"": 9, ""random"": 0}"
repeat5_0.25,centroid3|herding_first|lcb=0.25|fb=kmeans|gap=0,80,0.7078059703113461,0.696722929601038,herding,0.7059333595529326,0.0018726107584134954,-0.0147681888342087,"[-2.41,-0.65]",0.4625,0.00014727513656985491,"{""boundary"": 0, ""herding"": 19, ""kcenter"": 0, ""kmeans"": 52, ""marc"": 9, ""random"": 0}"
repeat5_0.25,centroid3|kmeans_first|lcb=0.25|fb=kmeans|gap=0,80,0.7078059703113461,0.696722929601038,herding,0.7059333595529326,0.0018726107584134954,-0.0147681888342087,"[-2.41,-0.65]",0.4625,0.00014727513656985491,"{""boundary"": 0, ""herding"": 19, ""kcenter"": 0, ""kmeans"": 52, ""marc"": 9, ""random"": 0}"
repeat5_0.25,representative4|herding_first|lcb=1|fb=kmeans|gap=0,80,0.7076093685679238,0.6965703684751117,herding,0.7059333595529326,0.0016760090149912088,-0.014964790577631046,"[-2.44,-0.66]",0.4375,0.0001679704602696036,"{""boundary"": 0, ""herding"": 19, ""kcenter"": 4, ""kmeans"": 52, ""marc"": 5, ""random"": 0}"
repeat5_0.25,representative4|marc_first|lcb=1|fb=kmeans|gap=0,80,0.7076093685679238,0.6965703684751117,herding,0.7059333595529326,0.0016760090149912088,-0.014964790577631046,"[-2.44,-0.66]",0.4375,0.0001679704602696036,"{""boundary"": 0, ""herding"": 19, ""kcenter"": 4, ""kmeans"": 52, ""marc"": 5, ""random"": 0}"
repeat5_0.25,representative4|kmeans_first|lcb=1|fb=kmeans|gap=0,80,0.7076093685679238,0.6965703684751117,herding,0.7059333595529326,0.0016760090149912088,-0.014964790577631046,"[-2.44,-0.66]",0.4375,0.0001679704602696036,"{""boundary"": 0, ""herding"": 19, ""kcenter"": 4, ""kmeans"": 52, ""marc"": 5, ""random"": 0}"
repeat5_0.25,representative4|default|lcb=1|fb=kmeans|gap=0,80,0.7076093685679238,0.6965703684751117,herding,0.7059333595529326,0.0016760090149912088,-0.014964790577631046,"[-2.44,-0.66]",0.4375,0.0001679704602696036,"{""boundary"": 0, ""herding"": 19, ""kcenter"": 4, ""kmeans"": 52, ""marc"": 5, ""random"": 0}"
repeat5_0.25,centroid3|kmeans_first|lcb=1|fb=kmeans|gap=0,80,0.7076071577437284,0.696557366197483,herding,0.7059333595529326,0.0016737981907958277,-0.014967001401826307,"[-2.44,-0.67]",0.45,5.199400772134752e-05,"{""boundary"": 0, ""herding"": 19, ""kcenter"": 0, ""kmeans"": 53, ""marc"": 8, ""random"": 0}"
repeat5_0.25,centroid3|marc_first|lcb=1|fb=kmeans|gap=0,80,0.7076071577437284,0.696557366197483,herding,0.7059333595529326,0.0016737981907958277,-0.014967001401826307,"[-2.44,-0.67]",0.45,5.199400772134752e-05,"{""boundary"": 0, ""herding"": 19, ""kcenter"": 0, ""kmeans"": 53, ""marc"": 8, ""random"": 0}"
repeat5_0.25,centroid3|herding_first|lcb=1|fb=kmeans|gap=0,80,0.7076071577437284,0.696557366197483,herding,0.7059333595529326,0.0016737981907958277,-0.014967001401826307,"[-2.44,-0.67]",0.45,5.199400772134752e-05,"{""boundary"": 0, ""herding"": 19, ""kcenter"": 0, ""kmeans"": 53, ""marc"": 8, ""random"": 0}"
repeat5_0.25,centroid3|default|lcb=1|fb=kmeans|gap=0,80,0.7076071577437284,0.696557366197483,herding,0.7059333595529326,0.0016737981907958277,-0.014967001401826307,"[-2.44,-0.67]",0.45,5.199400772134752e-05,"{""boundary"": 0, ""herding"": 19, ""kcenter"": 0, ""kmeans"": 53, ""marc"": 8, ""random"": 0}"
repeat5_0.25,coverage3|default|lcb=0|fb=kmeans|gap=0.01,80,0.7076053399549458,0.6964214191943143,herding,0.7059333595529326,0.0016719804020132178,-0.014968819190609073,"[-2.43,-0.67]",0.7125,0.00018192844147970136,"{""boundary"": 0, ""herding"": 9, ""kcenter"": 0, ""kmeans"": 71, ""marc"": 0, ""random"": 0}"
repeat5_0.25,coverage3|marc_first|lcb=0|fb=kmeans|gap=0.01,80,0.7076053399549458,0.6964214191943143,herding,0.7059333595529326,0.0016719804020132178,-0.014968819190609073,"[-2.43,-0.67]",0.7125,0.00018192844147970136,"{""boundary"": 0, ""herding"": 9, ""kcenter"": 0, ""kmeans"": 71, ""marc"": 0, ""random"": 0}"
repeat5_0.25,coverage3|herding_first|lcb=0|fb=kmeans|gap=0.01,80,0.7076053399549458,0.6964214191943143,herding,0.7059333595529326,0.0016719804020132178,-0.014968819190609073,"[-2.43,-0.67]",0.7125,0.00018192844147970136,"{""boundary"": 0, ""herding"": 9, ""kcenter"": 0, ""kmeans"": 71, ""marc"": 0, ""random"": 0}"
repeat5_0.25,coverage3|kmeans_first|lcb=0|fb=kmeans|gap=0.01,80,0.7076053399549458,0.6964214191943143,herding,0.7059333595529326,0.0016719804020132178,-0.014968819190609073,"[-2.43,-0.67]",0.7125,0.00018192844147970136,"{""boundary"": 0, ""herding"": 9, ""kcenter"": 0, ""kmeans"": 71, ""marc"": 0, ""random"": 0}"
repeat5_0.25,all6|marc_first|lcb=0|fb=kmeans|gap=0.05,80,0.7075434041245273,0.6977347734691868,herding,0.7059333595529326,0.0016100445715947487,-0.0150307550210274,"[-2.39,-0.72]",0.9375,0.0019523809523809832,"{""boundary"": 0, ""herding"": 0, ""kcenter"": 0, ""kmeans"": 75, ""marc"": 0, ""random"": 5}"
repeat5_0.25,all6|kmeans_first|lcb=0|fb=kmeans|gap=0.05,80,0.7075434041245273,0.6977347734691868,herding,0.7059333595529326,0.0016100445715947487,-0.0150307550210274,"[-2.39,-0.72]",0.9375,0.0019523809523809832,"{""boundary"": 0, ""herding"": 0, ""kcenter"": 0, ""kmeans"": 75, ""marc"": 0, ""random"": 5}"
repeat5_0.25,all6|default|lcb=0|fb=kmeans|gap=0.05,80,0.7075434041245273,0.6977347734691868,herding,0.7059333595529326,0.0016100445715947487,-0.0150307550210274,"[-2.39,-0.72]",0.9375,0.0019523809523809832,"{""boundary"": 0, ""herding"": 0, ""kcenter"": 0, ""kmeans"": 75, ""marc"": 0, ""random"": 5}"
repeat5_0.25,all6|herding_first|lcb=0|fb=kmeans|gap=0.05,80,0.7075434041245273,0.6977347734691868,herding,0.7059333595529326,0.0016100445715947487,-0.0150307550210274,"[-2.39,-0.72]",0.9375,0.0019523809523809832,"{""boundary"": 0, ""herding"": 0, ""kcenter"": 0, ""kmeans"": 75, ""marc"": 0, ""random"": 5}"
repeat5_0.25,coverage3|marc_first|lcb=0.5|fb=kmeans|gap=0,80,0.7075278300963075,0.6964233842505504,herding,0.7059333595529326,0.0015944705433749151,-0.015046329049247336,"[-2.45,-0.67]",0.45,0.00032720301861965256,"{""boundary"": 0, ""herding"": 20, ""kcenter"": 5, ""kmeans"": 55, ""marc"": 0, ""random"": 0}"
repeat5_0.25,coverage3|kmeans_first|lcb=0.25|fb=kmeans|gap=0,80,0.7075278300963075,0.6964233842505504,herding,0.7059333595529326,0.0015944705433749151,-0.015046329049247336,"[-2.45,-0.67]",0.45,0.00034340934227256384,"{""boundary"": 0, ""herding"": 20, ""kcenter"": 5, ""kmeans"": 55, ""marc"": 0, ""random"": 0}"
repeat5_0.25,coverage3|default|lcb=0.25|fb=kmeans|gap=0,80,0.7075278300963075,0.6964233842505504,herding,0.7059333595529326,0.0015944705433749151,-0.015046329049247336,"[-2.45,-0.67]",0.45,0.00034340934227256384,"{""boundary"": 0, ""herding"": 20, ""kcenter"": 5, ""kmeans"": 55, ""marc"": 0, ""random"": 0}"
repeat5_0.25,coverage3|default|lcb=0.5|fb=kmeans|gap=0,80,0.7075278300963075,0.6964233842505504,herding,0.7059333595529326,0.0015944705433749151,-0.015046329049247336,"[-2.45,-0.67]",0.45,0.00032720301861965256,"{""boundary"": 0, ""herding"": 20, ""kcenter"": 5, ""kmeans"": 55, ""marc"": 0, ""random"": 0}"
repeat5_0.25,coverage3|marc_first|lcb=0.25|fb=kmeans|gap=0,80,0.7075278300963075,0.6964233842505504,herding,0.7059333595529326,0.0015944705433749151,-0.015046329049247336,"[-2.45,-0.67]",0.45,0.00034340934227256384,"{""boundary"": 0, ""herding"": 20, ""kcenter"": 5, ""kmeans"": 55, ""marc"": 0, ""random"": 0}"
repeat5_0.25,coverage3|herding_first|lcb=0.5|fb=kmeans|gap=0,80,0.7075278300963075,0.6964233842505504,herding,0.7059333595529326,0.0015944705433749151,-0.015046329049247336,"[-2.45,-0.67]",0.45,0.00032720301861965256,"{""boundary"": 0, ""herding"": 20, ""kcenter"": 5, ""kmeans"": 55, ""marc"": 0, ""random"": 0}"
repeat5_0.25,coverage3|herding_first|lcb=0.25|fb=kmeans|gap=0,80,0.7075278300963075,0.6964233842505504,herding,0.7059333595529326,0.0015944705433749151,-0.015046329049247336,"[-2.45,-0.67]",0.45,0.00034340934227256384,"{""boundary"": 0, ""herding"": 20, ""kcenter"": 5, ""kmeans"": 55, ""marc"": 0, ""random"": 0}"
repeat5_0.25,coverage3|kmeans_first|lcb=0.5|fb=kmeans|gap=0,80,0.7075278300963075,0.6964233842505504,herding,0.7059333595529326,0.0015944705433749151,-0.015046329049247336,"[-2.45,-0.67]",0.45,0.00032720301861965256,"{""boundary"": 0, ""herding"": 20, ""kcenter"": 5, ""kmeans"": 55, ""marc"": 0, ""random"": 0}"
repeat5_0.25,centroid3|default|lcb=0.5|fb=kmeans|gap=0.005,80,0.7075127473623531,0.6963605543295224,herding,0.7059333595529326,0.0015793878094205738,-0.015061411783201667,"[-2.44,-0.68]",0.7,0.00011262183166000153,"{""boundary"": 0, ""herding"": 9, ""kcenter"": 0, ""kmeans"": 69, ""marc"": 2, ""random"": 0}"
repeat5_0.25,centroid3|default|lcb=0.25|fb=kmeans|gap=0.005,80,0.7075127473623531,0.6963605543295224,herding,0.7059333595529326,0.0015793878094205738,-0.015061411783201667,"[-2.44,-0.68]",0.7125,0.00014727513656985491,"{""boundary"": 0, ""herding"": 9, ""kcenter"": 0, ""kmeans"": 69, ""marc"": 2, ""random"": 0}"
repeat5_0.25,centroid3|marc_first|lcb=0.25|fb=kmeans|gap=0.005,80,0.7075127473623531,0.6963605543295224,herding,0.7059333595529326,0.0015793878094205738,-0.015061411783201667,"[-2.44,-0.68]",0.7125,0.00014727513656985491,"{""boundary"": 0, ""herding"": 9, ""kcenter"": 0, ""kmeans"": 69, ""marc"": 2, ""random"": 0}"
repeat5_0.25,centroid3|marc_first|lcb=0.5|fb=kmeans|gap=0.005,80,0.7075127473623531,0.6963605543295224,herding,0.7059333595529326,0.0015793878094205738,-0.015061411783201667,"[-2.44,-0.68]",0.7,0.00011262183166000153,"{""boundary"": 0, ""herding"": 9, ""kcenter"": 0, ""kmeans"": 69, ""marc"": 2, ""random"": 0}"
repeat5_0.25,representative4|default|lcb=0.25|fb=kmeans|gap=0.005,80,0.7075127473623531,0.6963605543295224,herding,0.7059333595529326,0.0015793878094205738,-0.015061411783201667,"[-2.44,-0.68]",0.7125,0.00022322525624312445,"{""boundary"": 0, ""herding"": 9, ""kcenter"": 0, ""kmeans"": 69, ""marc"": 2, ""random"": 0}"
repeat5_0.25,centroid3|herding_first|lcb=0.5|fb=kmeans|gap=0.005,80,0.7075127473623531,0.6963605543295224,herding,0.7059333595529326,0.0015793878094205738,-0.015061411783201667,"[-2.44,-0.68]",0.7,0.00011262183166000153,"{""boundary"": 0, ""herding"": 9, ""kcenter"": 0, ""kmeans"": 69, ""marc"": 2, ""random"": 0}"
repeat5_0.25,representative4|kmeans_first|lcb=0.5|fb=kmeans|gap=0.005,80,0.7075127473623531,0.6963605543295224,herding,0.7059333595529326,0.0015793878094205738,-0.015061411783201667,"[-2.44,-0.68]",0.7,0.0001735578502666986,"{""boundary"": 0, ""herding"": 9, ""kcenter"": 0, ""kmeans"": 69, ""marc"": 2, ""random"": 0}"
repeat5_0.25,representative4|default|lcb=0.5|fb=kmeans|gap=0.005,80,0.7075127473623531,0.6963605543295224,herding,0.7059333595529326,0.0015793878094205738,-0.015061411783201667,"[-2.44,-0.68]",0.7,0.0001735578502666986,"{""boundary"": 0, ""herding"": 9, ""kcenter"": 0, ""kmeans"": 69, ""marc"": 2, ""random"": 0}"
repeat5_0.25,representative4|herding_first|lcb=0.25|fb=kmeans|gap=0.005,80,0.7075127473623531,0.6963605543295224,herding,0.7059333595529326,0.0015793878094205738,-0.015061411783201667,"[-2.44,-0.68]",0.7125,0.00022322525624312445,"{""boundary"": 0, ""herding"": 9, ""kcenter"": 0, ""kmeans"": 69, ""marc"": 2, ""random"": 0}"
repeat5_0.25,representative4|marc_first|lcb=0.25|fb=kmeans|gap=0.005,80,0.7075127473623531,0.6963605543295224,herding,0.7059333595529326,0.0015793878094205738,-0.015061411783201667,"[-2.44,-0.68]",0.7125,0.00022322525624312445,"{""boundary"": 0, ""herding"": 9, ""kcenter"": 0, ""kmeans"": 69, ""marc"": 2, ""random"": 0}"
repeat5_0.25,centroid3|kmeans_first|lcb=0.5|fb=kmeans|gap=0.005,80,0.7075127473623531,0.6963605543295224,herding,0.7059333595529326,0.0015793878094205738,-0.015061411783201667,"[-2.44,-0.68]",0.7,0.00011262183166000153,"{""boundary"": 0, ""herding"": 9, ""kcenter"": 0, ""kmeans"": 69, ""marc"": 2, ""random"": 0}"
repeat5_0.25,representative4|herding_first|lcb=0.5|fb=kmeans|gap=0.005,80,0.7075127473623531,0.6963605543295224,herding,0.7059333595529326,0.0015793878094205738,-0.015061411783201667,"[-2.44,-0.68]",0.7,0.0001735578502666986,"{""boundary"": 0, ""herding"": 9, ""kcenter"": 0, ""kmeans"": 69, ""marc"": 2, ""random"": 0}"
repeat5_0.25,centroid3|herding_first|lcb=0.25|fb=kmeans|gap=0.005,80,0.7075127473623531,0.6963605543295224,herding,0.7059333595529326,0.0015793878094205738,-0.015061411783201667,"[-2.44,-0.68]",0.7125,0.00014727513656985491,"{""boundary"": 0, ""herding"": 9, ""kcenter"": 0, ""kmeans"": 69, ""marc"": 2, ""random"": 0}"
repeat5_0.25,representative4|kmeans_first|lcb=0.25|fb=kmeans|gap=0.005,80,0.7075127473623531,0.6963605543295224,herding,0.7059333595529326,0.0015793878094205738,-0.015061411783201667,"[-2.44,-0.68]",0.7125,0.00022322525624312445,"{""boundary"": 0, ""herding"": 9, ""kcenter"": 0, ""kmeans"": 69, ""marc"": 2, ""random"": 0}"
repeat5_0.25,centroid3|kmeans_first|lcb=0.25|fb=kmeans|gap=0.005,80,0.7075127473623531,0.6963605543295224,herding,0.7059333595529326,0.0015793878094205738,-0.015061411783201667,"[-2.44,-0.68]",0.7125,0.00014727513656985491,"{""boundary"": 0, ""herding"": 9, ""kcenter"": 0, ""kmeans"": 69, ""marc"": 2, ""random"": 0}"
repeat5_0.25,representative4|marc_first|lcb=0.5|fb=kmeans|gap=0.005,80,0.7075127473623531,0.6963605543295224,herding,0.7059333595529326,0.0015793878094205738,-0.015061411783201667,"[-2.44,-0.68]",0.7,0.0001735578502666986,"{""boundary"": 0, ""herding"": 9, ""kcenter"": 0, ""kmeans"": 69, ""marc"": 2, ""random"": 0}"
repeat5_0.25,no_boundary|kmeans_first|lcb=1|fb=herding|gap=0.05,80,0.7073753857952865,0.696487838602952,herding,0.7059333595529326,0.0014420262423538999,-0.015198773350268332,"[-2.41,-0.75]",0.95,0.002204584963417973,"{""boundary"": 0, ""herding"": 78, ""kcenter"": 0, ""kmeans"": 1, ""marc"": 0, ""random"": 1}"
repeat5_0.25,no_boundary|herding_first|lcb=1|fb=herding|gap=0.05,80,0.7073753857952865,0.696487838602952,herding,0.7059333595529326,0.0014420262423538999,-0.015198773350268332,"[-2.41,-0.75]",0.95,0.002204584963417973,"{""boundary"": 0, ""herding"": 78, ""kcenter"": 0, ""kmeans"": 1, ""marc"": 0, ""random"": 1}"
repeat5_0.25,no_boundary|marc_first|lcb=1|fb=herding|gap=0.05,80,0.7073753857952865,0.696487838602952,herding,0.7059333595529326,0.0014420262423538999,-0.015198773350268332,"[-2.41,-0.75]",0.95,0.002204584963417973,"{""boundary"": 0, ""herding"": 78, ""kcenter"": 0, ""kmeans"": 1, ""marc"": 0, ""random"": 1}"
repeat5_0.25,no_boundary|default|lcb=1|fb=herding|gap=0.05,80,0.7073753857952865,0.696487838602952,herding,0.7059333595529326,0.0014420262423538999,-0.015198773350268332,"[-2.41,-0.75]",0.95,0.002204584963417973,"{""boundary"": 0, ""herding"": 78, ""kcenter"": 0, ""kmeans"": 1, ""marc"": 0, ""random"": 1}"
repeat5_0.25,all6|default|lcb=0.5|fb=herding|gap=0.05,80,0.7073753857952865,0.696487838602952,herding,0.7059333595529326,0.0014420262423538999,-0.015198773350268332,"[-2.41,-0.75]",0.9625,0.0023768785528426872,"{""boundary"": 0, ""herding"": 78, ""kcenter"": 0, ""kmeans"": 1, ""marc"": 0, ""random"": 1}"
repeat5_0.25,all6|herding_first|lcb=0.5|fb=herding|gap=0.05,80,0.7073753857952865,0.696487838602952,herding,0.7059333595529326,0.0014420262423538999,-0.015198773350268332,"[-2.41,-0.75]",0.9625,0.0023768785528426872,"{""boundary"": 0, ""herding"": 78, ""kcenter"": 0, ""kmeans"": 1, ""marc"": 0, ""random"": 1}"
repeat5_0.25,all6|marc_first|lcb=0.5|fb=herding|gap=0.05,80,0.7073753857952865,0.696487838602952,herding,0.7059333595529326,0.0014420262423538999,-0.015198773350268332,"[-2.41,-0.75]",0.9625,0.0023768785528426872,"{""boundary"": 0, ""herding"": 78, ""kcenter"": 0, ""kmeans"": 1, ""marc"": 0, ""random"": 1}"
repeat5_0.25,all6|kmeans_first|lcb=0.5|fb=herding|gap=0.05,80,0.7073753857952865,0.696487838602952,herding,0.7059333595529326,0.0014420262423538999,-0.015198773350268332,"[-2.41,-0.75]",0.9625,0.0023768785528426872,"{""boundary"": 0, ""herding"": 78, ""kcenter"": 0, ""kmeans"": 1, ""marc"": 0, ""random"": 1}"
repeat5_0.25,centroid3|marc_first|lcb=1|fb=kmeans|gap=0.01,80,0.707350710325316,0.6961831611670205,herding,0.7059333595529326,0.0014173507723834744,-0.015223448820238706,"[-2.46,-0.69]",0.775,5.199400772134752e-05,"{""boundary"": 0, ""herding"": 8, ""kcenter"": 0, ""kmeans"": 71, ""marc"": 1, ""random"": 0}"
repeat5_0.25,representative4|marc_first|lcb=0.5|fb=kmeans|gap=0.01,80,0.707350710325316,0.6961831611670205,herding,0.7059333595529326,0.0014173507723834744,-0.015223448820238706,"[-2.46,-0.69]",0.7875,0.0001735578502666986,"{""boundary"": 0, ""herding"": 8, ""kcenter"": 0, ""kmeans"": 71, ""marc"": 1, ""random"": 0}"
repeat5_0.25,centroid3|default|lcb=1|fb=kmeans|gap=0.01,80,0.707350710325316,0.6961831611670205,herding,0.7059333595529326,0.0014173507723834744,-0.015223448820238706,"[-2.46,-0.69]",0.775,5.199400772134752e-05,"{""boundary"": 0, ""herding"": 8, ""kcenter"": 0, ""kmeans"": 71, ""marc"": 1, ""random"": 0}"
repeat5_0.25,representative4|default|lcb=0.5|fb=kmeans|gap=0.01,80,0.707350710325316,0.6961831611670205,herding,0.7059333595529326,0.0014173507723834744,-0.015223448820238706,"[-2.46,-0.69]",0.7875,0.0001735578502666986,"{""boundary"": 0, ""herding"": 8, ""kcenter"": 0, ""kmeans"": 71, ""marc"": 1, ""random"": 0}"
repeat5_0.25,representative4|default|lcb=1|fb=kmeans|gap=0.01,80,0.707350710325316,0.6961831611670205,herding,0.7059333595529326,0.0014173507723834744,-0.015223448820238706,"[-2.46,-0.69]",0.775,0.0001679704602696036,"{""boundary"": 0, ""herding"": 8, ""kcenter"": 0, ""kmeans"": 71, ""marc"": 1, ""random"": 0}"
repeat5_0.25,centroid3|herding_first|lcb=0.5|fb=kmeans|gap=0.01,80,0.707350710325316,0.6961831611670205,herding,0.7059333595529326,0.0014173507723834744,-0.015223448820238706,"[-2.46,-0.69]",0.7875,0.00011262183166000153,"{""boundary"": 0, ""herding"": 8, ""kcenter"": 0, ""kmeans"": 71, ""marc"": 1, ""random"": 0}"
repeat5_0.25,representative4|herding_first|lcb=0.5|fb=kmeans|gap=0.01,80,0.707350710325316,0.6961831611670205,herding,0.7059333595529326,0.0014173507723834744,-0.015223448820238706,"[-2.46,-0.69]",0.7875,0.0001735578502666986,"{""boundary"": 0, ""herding"": 8, ""kcenter"": 0, ""kmeans"": 71, ""marc"": 1, ""random"": 0}"
repeat5_0.25,centroid3|herding_first|lcb=1|fb=kmeans|gap=0.01,80,0.707350710325316,0.6961831611670205,herding,0.7059333595529326,0.0014173507723834744,-0.015223448820238706,"[-2.46,-0.69]",0.775,5.199400772134752e-05,"{""boundary"": 0, ""herding"": 8, ""kcenter"": 0, ""kmeans"": 71, ""marc"": 1, ""random"": 0}"
repeat5_0.25,representative4|herding_first|lcb=1|fb=kmeans|gap=0.01,80,0.707350710325316,0.6961831611670205,herding,0.7059333595529326,0.0014173507723834744,-0.015223448820238706,"[-2.46,-0.69]",0.775,0.0001679704602696036,"{""boundary"": 0, ""herding"": 8, ""kcenter"": 0, ""kmeans"": 71, ""marc"": 1, ""random"": 0}"
repeat5_0.25,representative4|kmeans_first|lcb=0.5|fb=kmeans|gap=0.01,80,0.707350710325316,0.6961831611670205,herding,0.7059333595529326,0.0014173507723834744,-0.015223448820238706,"[-2.46,-0.69]",0.7875,0.0001735578502666986,"{""boundary"": 0, ""herding"": 8, ""kcenter"": 0, ""kmeans"": 71, ""marc"": 1, ""random"": 0}"
repeat5_0.25,representative4|kmeans_first|lcb=1|fb=kmeans|gap=0.01,80,0.707350710325316,0.6961831611670205,herding,0.7059333595529326,0.0014173507723834744,-0.015223448820238706,"[-2.46,-0.69]",0.775,0.0001679704602696036,"{""boundary"": 0, ""herding"": 8, ""kcenter"": 0, ""kmeans"": 71, ""marc"": 1, ""random"": 0}"
repeat5_0.25,centroid3|kmeans_first|lcb=0.5|fb=kmeans|gap=0.01,80,0.707350710325316,0.6961831611670205,herding,0.7059333595529326,0.0014173507723834744,-0.015223448820238706,"[-2.46,-0.69]",0.7875,0.00011262183166000153,"{""boundary"": 0, ""herding"": 8, ""kcenter"": 0, ""kmeans"": 71, ""marc"": 1, ""random"": 0}"
repeat5_0.25,centroid3|kmeans_first|lcb=1|fb=kmeans|gap=0.01,80,0.707350710325316,0.6961831611670205,herding,0.7059333595529326,0.0014173507723834744,-0.015223448820238706,"[-2.46,-0.69]",0.775,5.199400772134752e-05,"{""boundary"": 0, ""herding"": 8, ""kcenter"": 0, ""kmeans"": 71, ""marc"": 1, ""random"": 0}"
repeat5_0.25,centroid3|marc_first|lcb=0.5|fb=kmeans|gap=0.01,80,0.707350710325316,0.6961831611670205,herding,0.7059333595529326,0.0014173507723834744,-0.015223448820238706,"[-2.46,-0.69]",0.7875,0.00011262183166000153,"{""boundary"": 0, ""herding"": 8, ""kcenter"": 0, ""kmeans"": 71, ""marc"": 1, ""random"": 0}"
repeat5_0.25,centroid3|default|lcb=0.5|fb=kmeans|gap=0.01,80,0.707350710325316,0.6961831611670205,herding,0.7059333595529326,0.0014173507723834744,-0.015223448820238706,"[-2.46,-0.69]",0.7875,0.00011262183166000153,"{""boundary"": 0, ""herding"": 8, ""kcenter"": 0, ""kmeans"": 71, ""marc"": 1, ""random"": 0}"
repeat5_0.25,representative4|marc_first|lcb=1|fb=kmeans|gap=0.01,80,0.707350710325316,0.6961831611670205,herding,0.7059333595529326,0.0014173507723834744,-0.015223448820238706,"[-2.46,-0.69]",0.775,0.0001679704602696036,"{""boundary"": 0, ""herding"": 8, ""kcenter"": 0, ""kmeans"": 71, ""marc"": 1, ""random"": 0}"
repeat5_0.25,coverage3|marc_first|lcb=0|fb=kmeans|gap=0.005,80,0.7073044140290199,0.6961351495381265,herding,0.7059333595529326,0.001371054476087319,-0.015269745116535,"[-2.46,-0.70]",0.6875,0.00018192844147970136,"{""boundary"": 0, ""herding"": 10, ""kcenter"": 0, ""kmeans"": 70, ""marc"": 0, ""random"": 0}"
repeat5_0.25,coverage3|default|lcb=0|fb=kmeans|gap=0.005,80,0.7073044140290199,0.6961351495381265,herding,0.7059333595529326,0.001371054476087319,-0.015269745116535,"[-2.46,-0.70]",0.6875,0.00018192844147970136,"{""boundary"": 0, ""herding"": 10, ""kcenter"": 0, ""kmeans"": 70, ""marc"": 0, ""random"": 0}"
repeat5_0.25,coverage3|kmeans_first|lcb=0|fb=kmeans|gap=0.005,80,0.7073044140290199,0.6961351495381265,herding,0.7059333595529326,0.001371054476087319,-0.015269745116535,"[-2.46,-0.70]",0.6875,0.00018192844147970136,"{""boundary"": 0, ""herding"": 10, ""kcenter"": 0, ""kmeans"": 70, ""marc"": 0, ""random"": 0}"
repeat5_0.25,coverage3|herding_first|lcb=0|fb=kmeans|gap=0.005,80,0.7073044140290199,0.6961351495381265,herding,0.7059333595529326,0.001371054476087319,-0.015269745116535,"[-2.46,-0.70]",0.6875,0.00018192844147970136,"{""boundary"": 0, ""herding"": 10, ""kcenter"": 0, ""kmeans"": 70, ""marc"": 0, ""random"": 0}"
repeat5_0.25,representative4|kmeans_first|lcb=0.5|fb=herding|gap=0,80,0.7072434198459439,0.6962664290659527,herding,0.7059333595529326,0.0013100602930112837,-0.015330739299610896,"[-2.45,-0.73]",0.45,0.0001735578502666986,"{""boundary"": 0, ""herding"": 55, ""kcenter"": 4, ""kmeans"": 17, ""marc"": 4, ""random"": 0}"
repeat5_0.25,representative4|herding_first|lcb=0.5|fb=herding|gap=0,80,0.7072434198459439,0.6962664290659527,herding,0.7059333595529326,0.0013100602930112837,-0.015330739299610896,"[-2.45,-0.73]",0.45,0.0001735578502666986,"{""boundary"": 0, ""herding"": 55, ""kcenter"": 4, ""kmeans"": 17, ""marc"": 4, ""random"": 0}"
repeat5_0.25,representative4|marc_first|lcb=0.5|fb=herding|gap=0,80,0.7072434198459439,0.6962664290659527,herding,0.7059333595529326,0.0013100602930112837,-0.015330739299610896,"[-2.45,-0.73]",0.45,0.0001735578502666986,"{""boundary"": 0, ""herding"": 55, ""kcenter"": 4, ""kmeans"": 17, ""marc"": 4, ""random"": 0}"
repeat5_0.25,representative4|default|lcb=0.5|fb=herding|gap=0,80,0.7072434198459439,0.6962664290659527,herding,0.7059333595529326,0.0013100602930112837,-0.015330739299610896,"[-2.45,-0.73]",0.45,0.0001735578502666986,"{""boundary"": 0, ""herding"": 55, ""kcenter"": 4, ""kmeans"": 17, ""marc"": 4, ""random"": 0}"
repeat5_0.25,representative4|herding_first|lcb=0.5|fb=none|gap=0,80,0.7072412090217487,0.6962662293996009,herding,0.7059333595529326,0.0013078494688161246,-0.015332950123806154,"[-2.45,-0.73]",0.0,0.0001735578502666986,"{""boundary"": 0, ""herding"": 53, ""kcenter"": 4, ""kmeans"": 19, ""marc"": 4, ""random"": 0}"
repeat5_0.25,representative4|default|lcb=0.5|fb=none|gap=0,80,0.7072412090217487,0.6962662293996009,herding,0.7059333595529326,0.0013078494688161246,-0.015332950123806154,"[-2.45,-0.73]",0.0,0.0001735578502666986,"{""boundary"": 0, ""herding"": 53, ""kcenter"": 6, ""kmeans"": 17, ""marc"": 4, ""random"": 0}"
repeat5_0.25,centroid3|default|lcb=0.5|fb=none|gap=0,80,0.7072389981975534,0.6962532271219724,herding,0.7059333595529326,0.0013056386446208545,-0.015335160948001414,"[-2.45,-0.73]",0.0,0.00011262183166000153,"{""boundary"": 0, ""herding"": 53, ""kcenter"": 0, ""kmeans"": 20, ""marc"": 7, ""random"": 0}"
repeat5_0.25,centroid3|herding_first|lcb=0.5|fb=none|gap=0,80,0.7072389981975534,0.6962532271219724,herding,0.7059333595529326,0.0013056386446208545,-0.015335160948001414,"[-2.45,-0.73]",0.0,0.00011262183166000153,"{""boundary"": 0, ""herding"": 53, ""kcenter"": 0, ""kmeans"": 20, ""marc"": 7, ""random"": 0}"
repeat5_0.25,representative4|marc_first|lcb=0.5|fb=none|gap=0,80,0.7072367873733582,0.6962658301340011,herding,0.7059333595529326,0.0013034278204255845,-0.015337371772196675,"[-2.45,-0.73]",0.0,0.0001735578502666986,"{""boundary"": 0, ""herding"": 20, ""kcenter"": 4, ""kmeans"": 17, ""marc"": 39, ""random"": 0}"
repeat5_0.25,centroid3|kmeans_first|lcb=0.5|fb=herding|gap=0,80,0.7072367873733582,0.696244695430261,herding,0.7059333595529326,0.0013034278204255845,-0.015337371772196675,"[-2.45,-0.73]",0.4625,0.00011262183166000153,"{""boundary"": 0, ""herding"": 56, ""kcenter"": 0, ""kmeans"": 17, ""marc"": 7, ""random"": 0}"
repeat5_0.25,centroid3|herding_first|lcb=0.5|fb=herding|gap=0,80,0.7072367873733582,0.696244695430261,herding,0.7059333595529326,0.0013034278204255845,-0.015337371772196675,"[-2.45,-0.73]",0.4625,0.00011262183166000153,"{""boundary"": 0, ""herding"": 56, ""kcenter"": 0, ""kmeans"": 17, ""marc"": 7, ""random"": 0}"
repeat5_0.25,centroid3|default|lcb=0.5|fb=herding|gap=0,80,0.7072367873733582,0.696244695430261,herding,0.7059333595529326,0.0013034278204255845,-0.015337371772196675,"[-2.45,-0.73]",0.4625,0.00011262183166000153,"{""boundary"": 0, ""herding"": 56, ""kcenter"": 0, ""kmeans"": 17, ""marc"": 7, ""random"": 0}"
repeat5_0.25,centroid3|marc_first|lcb=0.5|fb=herding|gap=0,80,0.7072367873733582,0.696244695430261,herding,0.7059333595529326,0.0013034278204255845,-0.015337371772196675,"[-2.45,-0.73]",0.4625,0.00011262183166000153,"{""boundary"": 0, ""herding"": 56, ""kcenter"": 0, ""kmeans"": 17, ""marc"": 7, ""random"": 0}"
repeat5_0.25,representative4|kmeans_first|lcb=0.5|fb=none|gap=0,80,0.7072367873733582,0.6962658301340011,herding,0.7059333595529326,0.0013034278204255845,-0.015337371772196675,"[-2.45,-0.73]",0.0,0.0001735578502666986,"{""boundary"": 0, ""herding"": 20, ""kcenter"": 4, ""kmeans"": 52, ""marc"": 4, ""random"": 0}"
repeat5_0.25,centroid3|marc_first|lcb=0.5|fb=none|gap=0,80,0.7072345765491629,0.6962528278563724,herding,0.7059333595529326,0.0013012169962303144,-0.015339582596391935,"[-2.45,-0.73]",0.0,0.00011262183166000153,"{""boundary"": 0, ""herding"": 20, ""kcenter"": 0, ""kmeans"": 18, ""marc"": 42, ""random"": 0}"
repeat5_0.25,centroid3|kmeans_first|lcb=0.5|fb=none|gap=0,80,0.7072345765491629,0.6962528278563724,herding,0.7059333595529326,0.0013012169962303144,-0.015339582596391935,"[-2.45,-0.73]",0.0,0.00011262183166000153,"{""boundary"": 0, ""herding"": 20, ""kcenter"": 0, ""kmeans"": 53, ""marc"": 7, ""random"": 0}"
repeat5_0.25,coverage3|kmeans_first|lcb=0.25|fb=kmeans|gap=0.005,80,0.7071886732882791,0.6959945907277705,herding,0.7059333595529326,0.001255313735346486,-0.015385485857275737,"[-2.47,-0.71]",0.6375,0.00034340934227256384,"{""boundary"": 0, ""herding"": 11, ""kcenter"": 0, ""kmeans"": 69, ""marc"": 0, ""random"": 0}"
repeat5_0.25,coverage3|default|lcb=0.25|fb=kmeans|gap=0.005,80,0.7071886732882791,0.6959945907277705,herding,0.7059333595529326,0.001255313735346486,-0.015385485857275737,"[-2.47,-0.71]",0.6375,0.00034340934227256384,"{""boundary"": 0, ""herding"": 11, ""kcenter"": 0, ""kmeans"": 69, ""marc"": 0, ""random"": 0}"
repeat5_0.25,coverage3|marc_first|lcb=0.25|fb=kmeans|gap=0.005,80,0.7071886732882791,0.6959945907277705,herding,0.7059333595529326,0.001255313735346486,-0.015385485857275737,"[-2.47,-0.71]",0.6375,0.00034340934227256384,"{""boundary"": 0, ""herding"": 11, ""kcenter"": 0, ""kmeans"": 69, ""marc"": 0, ""random"": 0}"
repeat5_0.25,coverage3|herding_first|lcb=0.25|fb=kmeans|gap=0.005,80,0.7071886732882791,0.6959945907277705,herding,0.7059333595529326,0.001255313735346486,-0.015385485857275737,"[-2.47,-0.71]",0.6375,0.00034340934227256384,"{""boundary"": 0, ""herding"": 11, ""kcenter"": 0, ""kmeans"": 69, ""marc"": 0, ""random"": 0}"
repeat5_0.25,coverage3|marc_first|lcb=1|fb=kmeans|gap=0.005,80,0.7070960806956864,0.6959332185135672,herding,0.7059333595529326,0.001162721142753842,-0.015478078449868333,"[-2.48,-0.72]",0.625,0.00021874827813180356,"{""boundary"": 0, ""herding"": 11, ""kcenter"": 0, ""kmeans"": 69, ""marc"": 0, ""random"": 0}"
repeat5_0.25,coverage3|kmeans_first|lcb=1|fb=kmeans|gap=0.005,80,0.7070960806956864,0.6959332185135672,herding,0.7059333595529326,0.001162721142753842,-0.015478078449868333,"[-2.48,-0.72]",0.625,0.00021874827813180356,"{""boundary"": 0, ""herding"": 11, ""kcenter"": 0, ""kmeans"": 69, ""marc"": 0, ""random"": 0}"
repeat5_0.25,coverage3|default|lcb=1|fb=kmeans|gap=0.005,80,0.7070960806956864,0.6959332185135672,herding,0.7059333595529326,0.001162721142753842,-0.015478078449868333,"[-2.48,-0.72]",0.625,0.00021874827813180356,"{""boundary"": 0, ""herding"": 11, ""kcenter"": 0, ""kmeans"": 69, ""marc"": 0, ""random"": 0}"
repeat5_0.25,coverage3|herding_first|lcb=1|fb=kmeans|gap=0.005,80,0.7070960806956864,0.6959332185135672,herding,0.7059333595529326,0.001162721142753842,-0.015478078449868333,"[-2.48,-0.72]",0.625,0.00021874827813180356,"{""boundary"": 0, ""herding"": 11, ""kcenter"": 0, ""kmeans"": 69, ""marc"": 0, ""random"": 0}"
repeat5_0.25,coverage3|default|lcb=0|fb=kmeans|gap=0,80,0.7070648671333445,0.6959510545962354,herding,0.7059333595529326,0.0011315075804119168,-0.0155092920122103,"[-2.49,-0.71]",0.4625,0.00018192844147970136,"{""boundary"": 0, ""herding"": 19, ""kcenter"": 5, ""kmeans"": 56, ""marc"": 0, ""random"": 0}"
repeat5_0.25,coverage3|marc_first|lcb=0|fb=kmeans|gap=0,80,0.7070648671333445,0.6959510545962354,herding,0.7059333595529326,0.0011315075804119168,-0.0155092920122103,"[-2.49,-0.71]",0.4625,0.00018192844147970136,"{""boundary"": 0, ""herding"": 19, ""kcenter"": 5, ""kmeans"": 56, ""marc"": 0, ""random"": 0}"
repeat5_0.25,coverage3|herding_first|lcb=0|fb=kmeans|gap=0,80,0.7070648671333445,0.6959510545962354,herding,0.7059333595529326,0.0011315075804119168,-0.0155092920122103,"[-2.49,-0.71]",0.4625,0.00018192844147970136,"{""boundary"": 0, ""herding"": 19, ""kcenter"": 5, ""kmeans"": 56, ""marc"": 0, ""random"": 0}"
repeat5_0.25,coverage3|kmeans_first|lcb=0|fb=kmeans|gap=0,80,0.7070648671333445,0.6959510545962354,herding,0.7059333595529326,0.0011315075804119168,-0.0155092920122103,"[-2.49,-0.71]",0.4625,0.00018192844147970136,"{""boundary"": 0, ""herding"": 19, ""kcenter"": 5, ""kmeans"": 56, ""marc"": 0, ""random"": 0}"
repeat5_0.25,coverage3|kmeans_first|lcb=0.25|fb=kmeans|gap=0.01,80,0.7070497843993901,0.695887717325796,herding,0.7059333595529326,0.0011164248464575754,-0.015524374746164629,"[-2.49,-0.73]",0.725,0.00034340934227256384,"{""boundary"": 0, ""herding"": 8, ""kcenter"": 0, ""kmeans"": 72, ""marc"": 0, ""random"": 0}"
repeat5_0.25,coverage3|default|lcb=1|fb=kmeans|gap=0.02,80,0.7070497843993901,0.695887717325796,herding,0.7059333595529326,0.0011164248464575754,-0.015524374746164629,"[-2.49,-0.73]",0.775,0.00021874827813180356,"{""boundary"": 0, ""herding"": 8, ""kcenter"": 0, ""kmeans"": 72, ""marc"": 0, ""random"": 0}"
repeat5_0.25,coverage3|default|lcb=0.25|fb=kmeans|gap=0.02,80,0.7070497843993901,0.695887717325796,herding,0.7059333595529326,0.0011164248464575754,-0.015524374746164629,"[-2.49,-0.73]",0.8,0.00034340934227256384,"{""boundary"": 0, ""herding"": 8, ""kcenter"": 0, ""kmeans"": 72, ""marc"": 0, ""random"": 0}"
repeat5_0.25,coverage3|kmeans_first|lcb=0.25|fb=kmeans|gap=0.02,80,0.7070497843993901,0.695887717325796,herding,0.7059333595529326,0.0011164248464575754,-0.015524374746164629,"[-2.49,-0.73]",0.8,0.00034340934227256384,"{""boundary"": 0, ""herding"": 8, ""kcenter"": 0, ""kmeans"": 72, ""marc"": 0, ""random"": 0}"
repeat5_0.25,coverage3|marc_first|lcb=0.5|fb=kmeans|gap=0.02,80,0.7070497843993901,0.695887717325796,herding,0.7059333595529326,0.0011164248464575754,-0.015524374746164629,"[-2.49,-0.73]",0.8,0.00032720301861965256,"{""boundary"": 0, ""herding"": 8, ""kcenter"": 0, ""kmeans"": 72, ""marc"": 0, ""random"": 0}"
repeat5_0.25,coverage3|marc_first|lcb=0.25|fb=kmeans|gap=0.02,80,0.7070497843993901,0.695887717325796,herding,0.7059333595529326,0.0011164248464575754,-0.015524374746164629,"[-2.49,-0.73]",0.8,0.00034340934227256384,"{""boundary"": 0, ""herding"": 8, ""kcenter"": 0, ""kmeans"": 72, ""marc"": 0, ""random"": 0}"
repeat5_0.25,coverage3|default|lcb=0.25|fb=kmeans|gap=0.01,80,0.7070497843993901,0.695887717325796,herding,0.7059333595529326,0.0011164248464575754,-0.015524374746164629,"[-2.49,-0.73]",0.725,0.00034340934227256384,"{""boundary"": 0, ""herding"": 8, ""kcenter"": 0, ""kmeans"": 72, ""marc"": 0, ""random"": 0}"
repeat5_0.25,coverage3|default|lcb=0.5|fb=kmeans|gap=0.02,80,0.7070497843993901,0.695887717325796,herding,0.7059333595529326,0.0011164248464575754,-0.015524374746164629,"[-2.49,-0.73]",0.8,0.00032720301861965256,"{""boundary"": 0, ""herding"": 8, ""kcenter"": 0, ""kmeans"": 72, ""marc"": 0, ""random"": 0}"
repeat5_0.25,coverage3|kmeans_first|lcb=0.5|fb=kmeans|gap=0.02,80,0.7070497843993901,0.695887717325796,herding,0.7059333595529326,0.0011164248464575754,-0.015524374746164629,"[-2.49,-0.73]",0.8,0.00032720301861965256,"{""boundary"": 0, ""herding"": 8, ""kcenter"": 0, ""kmeans"": 72, ""marc"": 0, ""random"": 0}"
repeat5_0.25,coverage3|herding_first|lcb=0.25|fb=kmeans|gap=0.02,80,0.7070497843993901,0.695887717325796,herding,0.7059333595529326,0.0011164248464575754,-0.015524374746164629,"[-2.49,-0.73]",0.8,0.00034340934227256384,"{""boundary"": 0, ""herding"": 8, ""kcenter"": 0, ""kmeans"": 72, ""marc"": 0, ""random"": 0}"
repeat5_0.25,coverage3|herding_first|lcb=1|fb=kmeans|gap=0.02,80,0.7070497843993901,0.695887717325796,herding,0.7059333595529326,0.0011164248464575754,-0.015524374746164629,"[-2.49,-0.73]",0.775,0.00021874827813180356,"{""boundary"": 0, ""herding"": 8, ""kcenter"": 0, ""kmeans"": 72, ""marc"": 0, ""random"": 0}"
repeat5_0.25,coverage3|marc_first|lcb=1|fb=kmeans|gap=0.02,80,0.7070497843993901,0.695887717325796,herding,0.7059333595529326,0.0011164248464575754,-0.015524374746164629,"[-2.49,-0.73]",0.775,0.00021874827813180356,"{""boundary"": 0, ""herding"": 8, ""kcenter"": 0, ""kmeans"": 72, ""marc"": 0, ""random"": 0}"
repeat5_0.25,coverage3|kmeans_first|lcb=1|fb=kmeans|gap=0.02,80,0.7070497843993901,0.695887717325796,herding,0.7059333595529326,0.0011164248464575754,-0.015524374746164629,"[-2.49,-0.73]",0.775,0.00021874827813180356,"{""boundary"": 0, ""herding"": 8, ""kcenter"": 0, ""kmeans"": 72, ""marc"": 0, ""random"": 0}"
repeat5_0.25,coverage3|marc_first|lcb=0.25|fb=kmeans|gap=0.01,80,0.7070497843993901,0.695887717325796,herding,0.7059333595529326,0.0011164248464575754,-0.015524374746164629,"[-2.49,-0.73]",0.725,0.00034340934227256384,"{""boundary"": 0, ""herding"": 8, ""kcenter"": 0, ""kmeans"": 72, ""marc"": 0, ""random"": 0}"
repeat5_0.25,coverage3|herding_first|lcb=0.5|fb=kmeans|gap=0.02,80,0.7070497843993901,0.695887717325796,herding,0.7059333595529326,0.0011164248464575754,-0.015524374746164629,"[-2.49,-0.73]",0.8,0.00032720301861965256,"{""boundary"": 0, ""herding"": 8, ""kcenter"": 0, ""kmeans"": 72, ""marc"": 0, ""random"": 0}"
repeat5_0.25,coverage3|herding_first|lcb=0.25|fb=kmeans|gap=0.01,80,0.7070497843993901,0.695887717325796,herding,0.7059333595529326,0.0011164248464575754,-0.015524374746164629,"[-2.49,-0.73]",0.725,0.00034340934227256384,"{""boundary"": 0, ""herding"": 8, ""kcenter"": 0, ""kmeans"": 72, ""marc"": 0, ""random"": 0}"
repeat5_0.25,representative4|herding_first|lcb=0.25|fb=herding|gap=0,80,0.7069814802747938,0.6959923912316622,herding,0.7059333595529326,0.0010481207218612232,-0.015592678870760995,"[-2.47,-0.76]",0.45,0.00022322525624312445,"{""boundary"": 0, ""herding"": 55, ""kcenter"": 4, ""kmeans"": 15, ""marc"": 6, ""random"": 0}"
repeat5_0.25,representative4|kmeans_first|lcb=0.25|fb=herding|gap=0,80,0.7069814802747938,0.6959923912316622,herding,0.7059333595529326,0.0010481207218612232,-0.015592678870760995,"[-2.47,-0.76]",0.45,0.00022322525624312445,"{""boundary"": 0, ""herding"": 55, ""kcenter"": 4, ""kmeans"": 15, ""marc"": 6, ""random"": 0}"
repeat5_0.25,representative4|marc_first|lcb=0.25|fb=herding|gap=0,80,0.7069814802747938,0.6959923912316622,herding,0.7059333595529326,0.0010481207218612232,-0.015592678870760995,"[-2.47,-0.76]",0.45,0.00022322525624312445,"{""boundary"": 0, ""herding"": 55, ""kcenter"": 4, ""kmeans"": 15, ""marc"": 6, ""random"": 0}"
repeat5_0.25,representative4|default|lcb=0.25|fb=herding|gap=0,80,0.7069814802747938,0.6959923912316622,herding,0.7059333595529326,0.0010481207218612232,-0.015592678870760995,"[-2.47,-0.76]",0.45,0.00022322525624312445,"{""boundary"": 0, ""herding"": 55, ""kcenter"": 4, ""kmeans"": 15, ""marc"": 6, ""random"": 0}"
repeat5_0.25,representative4|default|lcb=0.25|fb=none|gap=0,80,0.7069792694505985,0.6959921915653106,herding,0.7059333595529326,0.001045909897665953,-0.015594889694956255,"[-2.47,-0.76]",0.0,0.00022322525624312445,"{""boundary"": 0, ""herding"": 53, ""kcenter"": 6, ""kmeans"": 15, ""marc"": 6, ""random"": 0}"
repeat5_0.25,representative4|herding_first|lcb=0.25|fb=none|gap=0,80,0.7069792694505985,0.6959921915653106,herding,0.7059333595529326,0.001045909897665953,-0.015594889694956255,"[-2.47,-0.76]",0.0,0.00022322525624312445,"{""boundary"": 0, ""herding"": 53, ""kcenter"": 4, ""kmeans"": 17, ""marc"": 6, ""random"": 0}"
repeat5_0.25,centroid3|default|lcb=0.25|fb=none|gap=0,80,0.7069770586264033,0.6959791892876819,herding,0.7059333595529326,0.001043699073470683,-0.015597100519151513,"[-2.47,-0.76]",0.0,0.00014727513656985491,"{""boundary"": 0, ""herding"": 53, ""kcenter"": 0, ""kmeans"": 18, ""marc"": 9, ""random"": 0}"
repeat5_0.25,centroid3|herding_first|lcb=0.25|fb=none|gap=0,80,0.7069770586264033,0.6959791892876819,herding,0.7059333595529326,0.001043699073470683,-0.015597100519151513,"[-2.47,-0.76]",0.0,0.00014727513656985491,"{""boundary"": 0, ""herding"": 53, ""kcenter"": 0, ""kmeans"": 18, ""marc"": 9, ""random"": 0}"
repeat5_0.25,representative4|kmeans_first|lcb=0.25|fb=none|gap=0,80,0.706974847802208,0.6959917922997108,herding,0.7059333595529326,0.001041488249275413,-0.015599311343346772,"[-2.47,-0.76]",0.0,0.00022322525624312445,"{""boundary"": 0, ""herding"": 20, ""kcenter"": 4, ""kmeans"": 50, ""marc"": 6, ""random"": 0}"
repeat5_0.25,representative4|marc_first|lcb=0.25|fb=none|gap=0,80,0.706974847802208,0.6959917922997108,herding,0.7059333595529326,0.001041488249275413,-0.015599311343346772,"[-2.47,-0.76]",0.0,0.00022322525624312445,"{""boundary"": 0, ""herding"": 20, ""kcenter"": 4, ""kmeans"": 15, ""marc"": 41, ""random"": 0}"
repeat5_0.25,centroid3|herding_first|lcb=0.25|fb=herding|gap=0,80,0.706974847802208,0.6959706575959707,herding,0.7059333595529326,0.001041488249275413,-0.015599311343346776,"[-2.47,-0.76]",0.4625,0.00014727513656985491,"{""boundary"": 0, ""herding"": 56, ""kcenter"": 0, ""kmeans"": 15, ""marc"": 9, ""random"": 0}"
repeat5_0.25,centroid3|kmeans_first|lcb=0.25|fb=herding|gap=0,80,0.706974847802208,0.6959706575959707,herding,0.7059333595529326,0.001041488249275413,-0.015599311343346776,"[-2.47,-0.76]",0.4625,0.00014727513656985491,"{""boundary"": 0, ""herding"": 56, ""kcenter"": 0, ""kmeans"": 15, ""marc"": 9, ""random"": 0}"
repeat5_0.25,centroid3|marc_first|lcb=0.25|fb=herding|gap=0,80,0.706974847802208,0.6959706575959707,herding,0.7059333595529326,0.001041488249275413,-0.015599311343346776,"[-2.47,-0.76]",0.4625,0.00014727513656985491,"{""boundary"": 0, ""herding"": 56, ""kcenter"": 0, ""kmeans"": 15, ""marc"": 9, ""random"": 0}"
repeat5_0.25,centroid3|default|lcb=0.25|fb=herding|gap=0,80,0.706974847802208,0.6959706575959707,herding,0.7059333595529326,0.001041488249275413,-0.015599311343346776,"[-2.47,-0.76]",0.4625,0.00014727513656985491,"{""boundary"": 0, ""herding"": 56, ""kcenter"": 0, ""kmeans"": 15, ""marc"": 9, ""random"": 0}"
repeat5_0.25,coverage3|herding_first|lcb=1|fb=kmeans|gap=0,80,0.7069744853649471,0.6958898820483836,herding,0.7059333595529326,0.0010411258120145428,-0.015599673780607632,"[-2.50,-0.73]",0.4375,0.00021874827813180356,"{""boundary"": 0, ""herding"": 21, ""kcenter"": 5, ""kmeans"": 54, ""marc"": 0, ""random"": 0}"
repeat5_0.25,coverage3|marc_first|lcb=1|fb=kmeans|gap=0,80,0.7069744853649471,0.6958898820483836,herding,0.7059333595529326,0.0010411258120145428,-0.015599673780607632,"[-2.50,-0.73]",0.4375,0.00021874827813180356,"{""boundary"": 0, ""herding"": 21, ""kcenter"": 5, ""kmeans"": 54, ""marc"": 0, ""random"": 0}"
repeat5_0.25,coverage3|kmeans_first|lcb=1|fb=kmeans|gap=0,80,0.7069744853649471,0.6958898820483836,herding,0.7059333595529326,0.0010411258120145428,-0.015599673780607632,"[-2.50,-0.73]",0.4375,0.00021874827813180356,"{""boundary"": 0, ""herding"": 21, ""kcenter"": 5, ""kmeans"": 54, ""marc"": 0, ""random"": 0}"
repeat5_0.25,coverage3|default|lcb=1|fb=kmeans|gap=0,80,0.7069744853649471,0.6958898820483836,herding,0.7059333595529326,0.0010411258120145428,-0.015599673780607632,"[-2.50,-0.73]",0.4375,0.00021874827813180356,"{""boundary"": 0, ""herding"": 21, ""kcenter"": 5, ""kmeans"": 54, ""marc"": 0, ""random"": 0}"
repeat5_0.25,centroid3|kmeans_first|lcb=0.25|fb=none|gap=0,80,0.7069726369780127,0.695978790022082,herding,0.7059333595529326,0.0010392774250801429,-0.015601522167542034,"[-2.47,-0.76]",0.0,0.00014727513656985491,"{""boundary"": 0, ""herding"": 20, ""kcenter"": 0, ""kmeans"": 51, ""marc"": 9, ""random"": 0}"
repeat5_0.25,centroid3|marc_first|lcb=0.25|fb=none|gap=0,80,0.7069726369780127,0.695978790022082,herding,0.7059333595529326,0.0010392774250801429,-0.015601522167542034,"[-2.47,-0.76]",0.0,0.00014727513656985491,"{""boundary"": 0, ""herding"": 20, ""kcenter"": 0, ""kmeans"": 16, ""marc"": 44, ""random"": 0}"
repeat5_0.25,centroid3|herding_first|lcb=0.5|fb=herding|gap=0.01,80,0.7069713712488389,0.6956683761824186,herding,0.7059333595529326,0.001038011695906338,-0.015602787896715811,"[-2.48,-0.75]",0.7875,0.00011262183166000153,"{""boundary"": 0, ""herding"": 71, ""kcenter"": 0, ""kmeans"": 8, ""marc"": 1, ""random"": 0}"
repeat5_0.25,representative4|default|lcb=0.5|fb=herding|gap=0.01,80,0.7069713712488389,0.6956683761824186,herding,0.7059333595529326,0.001038011695906338,-0.015602787896715811,"[-2.48,-0.75]",0.7875,0.0001735578502666986,"{""boundary"": 0, ""herding"": 71, ""kcenter"": 0, ""kmeans"": 8, ""marc"": 1, ""random"": 0}"
repeat5_0.25,centroid3|default|lcb=0.5|fb=herding|gap=0.01,80,0.7069713712488389,0.6956683761824186,herding,0.7059333595529326,0.001038011695906338,-0.015602787896715811,"[-2.48,-0.75]",0.7875,0.00011262183166000153,"{""boundary"": 0, ""herding"": 71, ""kcenter"": 0, ""kmeans"": 8, ""marc"": 1, ""random"": 0}"
repeat5_0.25,centroid3|marc_first|lcb=0.5|fb=herding|gap=0.01,80,0.7069713712488389,0.6956683761824186,herding,0.7059333595529326,0.001038011695906338,-0.015602787896715811,"[-2.48,-0.75]",0.7875,0.00011262183166000153,"{""boundary"": 0, ""herding"": 71, ""kcenter"": 0, ""kmeans"": 8, ""marc"": 1, ""random"": 0}"
repeat5_0.25,representative4|marc_first|lcb=0.5|fb=herding|gap=0.01,80,0.7069713712488389,0.6956683761824186,herding,0.7059333595529326,0.001038011695906338,-0.015602787896715811,"[-2.48,-0.75]",0.7875,0.0001735578502666986,"{""boundary"": 0, ""herding"": 71, ""kcenter"": 0, ""kmeans"": 8, ""marc"": 1, ""random"": 0}"
repeat5_0.25,centroid3|kmeans_first|lcb=0.5|fb=herding|gap=0.01,80,0.7069713712488389,0.6956683761824186,herding,0.7059333595529326,0.001038011695906338,-0.015602787896715811,"[-2.48,-0.75]",0.7875,0.00011262183166000153,"{""boundary"": 0, ""herding"": 71, ""kcenter"": 0, ""kmeans"": 8, ""marc"": 1, ""random"": 0}"
repeat5_0.25,representative4|kmeans_first|lcb=0.5|fb=herding|gap=0.01,80,0.7069713712488389,0.6956683761824186,herding,0.7059333595529326,0.001038011695906338,-0.015602787896715811,"[-2.48,-0.75]",0.7875,0.0001735578502666986,"{""boundary"": 0, ""herding"": 71, ""kcenter"": 0, ""kmeans"": 8, ""marc"": 1, ""random"": 0}"
repeat5_0.25,representative4|herding_first|lcb=0.5|fb=herding|gap=0.01,80,0.7069713712488389,0.6956683761824186,herding,0.7059333595529326,0.001038011695906338,-0.015602787896715811,"[-2.48,-0.75]",0.7875,0.0001735578502666986,"{""boundary"": 0, ""herding"": 71, ""kcenter"": 0, ""kmeans"": 8, ""marc"": 1, ""random"": 0}"
repeat5_0.25,representative4|herding_first|lcb=0.25|fb=herding|gap=0.02,80,0.7068836519505932,0.6956923364770675,herding,0.7059333595529326,0.0009502923976606459,-0.01569050719496142,"[-2.48,-0.78]",0.8875,0.00022322525624312445,"{""boundary"": 0, ""herding"": 76, ""kcenter"": 0, ""kmeans"": 4, ""marc"": 0, ""random"": 0}"
repeat5_0.25,representative4|default|lcb=0|fb=herding|gap=0.02,80,0.7068836519505932,0.6956923364770675,herding,0.7059333595529326,0.0009502923976606459,-0.01569050719496142,"[-2.48,-0.78]",0.9125,1.1102230246251565e-16,"{""boundary"": 0, ""herding"": 76, ""kcenter"": 0, ""kmeans"": 4, ""marc"": 0, ""random"": 0}"
repeat5_0.25,representative4|default|lcb=0.25|fb=herding|gap=0.02,80,0.7068836519505932,0.6956923364770675,herding,0.7059333595529326,0.0009502923976606459,-0.01569050719496142,"[-2.48,-0.78]",0.8875,0.00022322525624312445,"{""boundary"": 0, ""herding"": 76, ""kcenter"": 0, ""kmeans"": 4, ""marc"": 0, ""random"": 0}"
repeat5_0.25,representative4|marc_first|lcb=0|fb=herding|gap=0.02,80,0.7068836519505932,0.6956923364770675,herding,0.7059333595529326,0.0009502923976606459,-0.01569050719496142,"[-2.48,-0.78]",0.9125,1.1102230246251565e-16,"{""boundary"": 0, ""herding"": 76, ""kcenter"": 0, ""kmeans"": 4, ""marc"": 0, ""random"": 0}"
repeat5_0.25,centroid3|marc_first|lcb=0.25|fb=herding|gap=0.02,80,0.7068836519505932,0.6956923364770675,herding,0.7059333595529326,0.0009502923976606459,-0.01569050719496142,"[-2.48,-0.78]",0.8875,0.00014727513656985491,"{""boundary"": 0, ""herding"": 76, ""kcenter"": 0, ""kmeans"": 4, ""marc"": 0, ""random"": 0}"
repeat5_0.25,representative4|kmeans_first|lcb=0|fb=herding|gap=0.02,80,0.7068836519505932,0.6956923364770675,herding,0.7059333595529326,0.0009502923976606459,-0.01569050719496142,"[-2.48,-0.78]",0.9125,1.1102230246251565e-16,"{""boundary"": 0, ""herding"": 76, ""kcenter"": 0, ""kmeans"": 4, ""marc"": 0, ""random"": 0}"
repeat5_0.25,centroid3|kmeans_first|lcb=0.25|fb=herding|gap=0.02,80,0.7068836519505932,0.6956923364770675,herding,0.7059333595529326,0.0009502923976606459,-0.01569050719496142,"[-2.48,-0.78]",0.8875,0.00014727513656985491,"{""boundary"": 0, ""herding"": 76, ""kcenter"": 0, ""kmeans"": 4, ""marc"": 0, ""random"": 0}"
repeat5_0.25,centroid3|kmeans_first|lcb=0|fb=herding|gap=0.02,80,0.7068836519505932,0.6956923364770675,herding,0.7059333595529326,0.0009502923976606459,-0.01569050719496142,"[-2.48,-0.78]",0.9125,0.0,"{""boundary"": 0, ""herding"": 76, ""kcenter"": 0, ""kmeans"": 4, ""marc"": 0, ""random"": 0}"
repeat5_0.25,representative4|kmeans_first|lcb=0.25|fb=herding|gap=0.02,80,0.7068836519505932,0.6956923364770675,herding,0.7059333595529326,0.0009502923976606459,-0.01569050719496142,"[-2.48,-0.78]",0.8875,0.00022322525624312445,"{""boundary"": 0, ""herding"": 76, ""kcenter"": 0, ""kmeans"": 4, ""marc"": 0, ""random"": 0}"
repeat5_0.25,centroid3|marc_first|lcb=0|fb=herding|gap=0.02,80,0.7068836519505932,0.6956923364770675,herding,0.7059333595529326,0.0009502923976606459,-0.01569050719496142,"[-2.48,-0.78]",0.9125,0.0,"{""boundary"": 0, ""herding"": 76, ""kcenter"": 0, ""kmeans"": 4, ""marc"": 0, ""random"": 0}"
repeat5_0.25,centroid3|herding_first|lcb=0.25|fb=herding|gap=0.02,80,0.7068836519505932,0.6956923364770675,herding,0.7059333595529326,0.0009502923976606459,-0.01569050719496142,"[-2.48,-0.78]",0.8875,0.00014727513656985491,"{""boundary"": 0, ""herding"": 76, ""kcenter"": 0, ""kmeans"": 4, ""marc"": 0, ""random"": 0}"
repeat5_0.25,centroid3|default|lcb=0.25|fb=herding|gap=0.02,80,0.7068836519505932,0.6956923364770675,herding,0.7059333595529326,0.0009502923976606459,-0.01569050719496142,"[-2.48,-0.78]",0.8875,0.00014727513656985491,"{""boundary"": 0, ""herding"": 76, ""kcenter"": 0, ""kmeans"": 4, ""marc"": 0, ""random"": 0}"
repeat5_0.25,representative4|marc_first|lcb=0.25|fb=herding|gap=0.02,80,0.7068836519505932,0.6956923364770675,herding,0.7059333595529326,0.0009502923976606459,-0.01569050719496142,"[-2.48,-0.78]",0.8875,0.00022322525624312445,"{""boundary"": 0, ""herding"": 76, ""kcenter"": 0, ""kmeans"": 4, ""marc"": 0, ""random"": 0}"
repeat5_0.25,centroid3|herding_first|lcb=0|fb=herding|gap=0.02,80,0.7068836519505932,0.6956923364770675,herding,0.7059333595529326,0.0009502923976606459,-0.01569050719496142,"[-2.48,-0.78]",0.9125,0.0,"{""boundary"": 0, ""herding"": 76, ""kcenter"": 0, ""kmeans"": 4, ""marc"": 0, ""random"": 0}"
repeat5_0.25,representative4|herding_first|lcb=0|fb=herding|gap=0.02,80,0.7068836519505932,0.6956923364770675,herding,0.7059333595529326,0.0009502923976606459,-0.01569050719496142,"[-2.48,-0.78]",0.9125,1.1102230246251565e-16,"{""boundary"": 0, ""herding"": 76, ""kcenter"": 0, ""kmeans"": 4, ""marc"": 0, ""random"": 0}"
repeat5_0.25,centroid3|default|lcb=0|fb=herding|gap=0.02,80,0.7068836519505932,0.6956923364770675,herding,0.7059333595529326,0.0009502923976606459,-0.01569050719496142,"[-2.48,-0.78]",0.9125,0.0,"{""boundary"": 0, ""herding"": 76, ""kcenter"": 0, ""kmeans"": 4, ""marc"": 0, ""random"": 0}"
repeat5_0.25,centroid3|marc_first|lcb=1|fb=herding|gap=0.01,80,0.70683248235995,0.6956801610970551,herding,0.7059333595529326,0.0008991228070174273,-0.015741676785604702,"[-2.49,-0.77]",0.775,5.199400772134752e-05,"{""boundary"": 0, ""herding"": 70, ""kcenter"": 0, ""kmeans"": 9, ""marc"": 1, ""random"": 0}"
repeat5_0.25,representative4|default|lcb=1|fb=herding|gap=0.01,80,0.70683248235995,0.6956801610970551,herding,0.7059333595529326,0.0008991228070174273,-0.015741676785604702,"[-2.49,-0.77]",0.775,0.0001679704602696036,"{""boundary"": 0, ""herding"": 70, ""kcenter"": 0, ""kmeans"": 9, ""marc"": 1, ""random"": 0}"
repeat5_0.25,representative4|herding_first|lcb=1|fb=herding|gap=0.01,80,0.70683248235995,0.6956801610970551,herding,0.7059333595529326,0.0008991228070174273,-0.015741676785604702,"[-2.49,-0.77]",0.775,0.0001679704602696036,"{""boundary"": 0, ""herding"": 70, ""kcenter"": 0, ""kmeans"": 9, ""marc"": 1, ""random"": 0}"
repeat5_0.25,centroid3|herding_first|lcb=1|fb=herding|gap=0.01,80,0.70683248235995,0.6956801610970551,herding,0.7059333595529326,0.0008991228070174273,-0.015741676785604702,"[-2.49,-0.77]",0.775,5.199400772134752e-05,"{""boundary"": 0, ""herding"": 70, ""kcenter"": 0, ""kmeans"": 9, ""marc"": 1, ""random"": 0}"
repeat5_0.25,centroid3|default|lcb=1|fb=herding|gap=0.01,80,0.70683248235995,0.6956801610970551,herding,0.7059333595529326,0.0008991228070174273,-0.015741676785604702,"[-2.49,-0.77]",0.775,5.199400772134752e-05,"{""boundary"": 0, ""herding"": 70, ""kcenter"": 0, ""kmeans"": 9, ""marc"": 1, ""random"": 0}"
repeat5_0.25,representative4|kmeans_first|lcb=1|fb=herding|gap=0.01,80,0.70683248235995,0.6956801610970551,herding,0.7059333595529326,0.0008991228070174273,-0.015741676785604702,"[-2.49,-0.77]",0.775,0.0001679704602696036,"{""boundary"": 0, ""herding"": 70, ""kcenter"": 0, ""kmeans"": 9, ""marc"": 1, ""random"": 0}"
repeat5_0.25,representative4|marc_first|lcb=1|fb=herding|gap=0.01,80,0.70683248235995,0.6956801610970551,herding,0.7059333595529326,0.0008991228070174273,-0.015741676785604702,"[-2.49,-0.77]",0.775,0.0001679704602696036,"{""boundary"": 0, ""herding"": 70, ""kcenter"": 0, ""kmeans"": 9, ""marc"": 1, ""random"": 0}"
repeat5_0.25,centroid3|kmeans_first|lcb=1|fb=herding|gap=0.01,80,0.70683248235995,0.6956801610970551,herding,0.7059333595529326,0.0008991228070174273,-0.015741676785604702,"[-2.49,-0.77]",0.775,5.199400772134752e-05,"{""boundary"": 0, ""herding"": 70, ""kcenter"": 0, ""kmeans"": 9, ""marc"": 1, ""random"": 0}"
repeat5_0.25,centroid3|herding_first|lcb=1|fb=kmeans|gap=0.02,80,0.7068183029179087,0.6956351788103898,herding,0.7059333595529326,0.0008849433649761318,-0.015755856227646112,"[-2.51,-0.75]",0.8625,5.199400772134752e-05,"{""boundary"": 0, ""herding"": 6, ""kcenter"": 0, ""kmeans"": 74, ""marc"": 0, ""random"": 0}"
repeat5_0.25,centroid3|marc_first|lcb=1|fb=kmeans|gap=0.02,80,0.7068183029179087,0.6956351788103898,herding,0.7059333595529326,0.0008849433649761318,-0.015755856227646112,"[-2.51,-0.75]",0.8625,5.199400772134752e-05,"{""boundary"": 0, ""herding"": 6, ""kcenter"": 0, ""kmeans"": 74, ""marc"": 0, ""random"": 0}"
repeat5_0.25,representative4|herding_first|lcb=1|fb=kmeans|gap=0.02,80,0.7068183029179087,0.6956351788103898,herding,0.7059333595529326,0.0008849433649761318,-0.015755856227646112,"[-2.51,-0.75]",0.8625,0.0001679704602696036,"{""boundary"": 0, ""herding"": 6, ""kcenter"": 0, ""kmeans"": 74, ""marc"": 0, ""random"": 0}"
repeat5_0.25,representative4|kmeans_first|lcb=1|fb=kmeans|gap=0.02,80,0.7068183029179087,0.6956351788103898,herding,0.7059333595529326,0.0008849433649761318,-0.015755856227646112,"[-2.51,-0.75]",0.8625,0.0001679704602696036,"{""boundary"": 0, ""herding"": 6, ""kcenter"": 0, ""kmeans"": 74, ""marc"": 0, ""random"": 0}"
repeat5_0.25,centroid3|default|lcb=1|fb=kmeans|gap=0.02,80,0.7068183029179087,0.6956351788103898,herding,0.7059333595529326,0.0008849433649761318,-0.015755856227646112,"[-2.51,-0.75]",0.8625,5.199400772134752e-05,"{""boundary"": 0, ""herding"": 6, ""kcenter"": 0, ""kmeans"": 74, ""marc"": 0, ""random"": 0}"
repeat5_0.25,representative4|default|lcb=1|fb=kmeans|gap=0.02,80,0.7068183029179087,0.6956351788103898,herding,0.7059333595529326,0.0008849433649761318,-0.015755856227646112,"[-2.51,-0.75]",0.8625,0.0001679704602696036,"{""boundary"": 0, ""herding"": 6, ""kcenter"": 0, ""kmeans"": 74, ""marc"": 0, ""random"": 0}"
repeat5_0.25,centroid3|kmeans_first|lcb=1|fb=kmeans|gap=0.02,80,0.7068183029179087,0.6956351788103898,herding,0.7059333595529326,0.0008849433649761318,-0.015755856227646112,"[-2.51,-0.75]",0.8625,5.199400772134752e-05,"{""boundary"": 0, ""herding"": 6, ""kcenter"": 0, ""kmeans"": 74, ""marc"": 0, ""random"": 0}"
repeat5_0.25,representative4|marc_first|lcb=1|fb=kmeans|gap=0.02,80,0.7068183029179087,0.6956351788103898,herding,0.7059333595529326,0.0008849433649761318,-0.015755856227646112,"[-2.51,-0.75]",0.8625,0.0001679704602696036,"{""boundary"": 0, ""herding"": 6, ""kcenter"": 0, ""kmeans"": 74, ""marc"": 0, ""random"": 0}"
repeat5_0.25,representative4|default|lcb=1|fb=herding|gap=0,80,0.7067804568829809,0.6958266281617556,herding,0.7059333595529326,0.0008470973300482854,-0.01579370226257386,"[-2.50,-0.78]",0.4375,0.0001679704602696036,"{""boundary"": 0, ""herding"": 54, ""kcenter"": 4, ""kmeans"": 17, ""marc"": 5, ""random"": 0}"
repeat5_0.25,representative4|kmeans_first|lcb=1|fb=herding|gap=0,80,0.7067804568829809,0.6958266281617556,herding,0.7059333595529326,0.0008470973300482854,-0.01579370226257386,"[-2.50,-0.78]",0.4375,0.0001679704602696036,"{""boundary"": 0, ""herding"": 54, ""kcenter"": 4, ""kmeans"": 17, ""marc"": 5, ""random"": 0}"
repeat5_0.25,representative4|marc_first|lcb=1|fb=herding|gap=0,80,0.7067804568829809,0.6958266281617556,herding,0.7059333595529326,0.0008470973300482854,-0.01579370226257386,"[-2.50,-0.78]",0.4375,0.0001679704602696036,"{""boundary"": 0, ""herding"": 54, ""kcenter"": 4, ""kmeans"": 17, ""marc"": 5, ""random"": 0}"
repeat5_0.25,representative4|herding_first|lcb=1|fb=none|gap=0,80,0.7067804568829809,0.6958266281617556,herding,0.7059333595529326,0.0008470973300482854,-0.01579370226257386,"[-2.50,-0.78]",0.0,0.0001679704602696036,"{""boundary"": 0, ""herding"": 53, ""kcenter"": 4, ""kmeans"": 18, ""marc"": 5, ""random"": 0}"
repeat5_0.25,representative4|herding_first|lcb=1|fb=herding|gap=0,80,0.7067804568829809,0.6958266281617556,herding,0.7059333595529326,0.0008470973300482854,-0.01579370226257386,"[-2.50,-0.78]",0.4375,0.0001679704602696036,"{""boundary"": 0, ""herding"": 54, ""kcenter"": 4, ""kmeans"": 17, ""marc"": 5, ""random"": 0}"
repeat5_0.25,representative4|default|lcb=1|fb=none|gap=0,80,0.7067804568829809,0.6958266281617556,herding,0.7059333595529326,0.0008470973300482854,-0.01579370226257386,"[-2.50,-0.78]",0.0,0.0001679704602696036,"{""boundary"": 0, ""herding"": 53, ""kcenter"": 5, ""kmeans"": 17, ""marc"": 5, ""random"": 0}"
repeat5_0.25,centroid3|herding_first|lcb=1|fb=none|gap=0,80,0.7067782460587857,0.6958136258841268,herding,0.7059333595529326,0.0008448865058531263,-0.01579591308676912,"[-2.50,-0.78]",0.0,5.199400772134752e-05,"{""boundary"": 0, ""herding"": 53, ""kcenter"": 0, ""kmeans"": 19, ""marc"": 8, ""random"": 0}"
repeat5_0.25,centroid3|default|lcb=1|fb=none|gap=0,80,0.7067782460587857,0.6958136258841268,herding,0.7059333595529326,0.0008448865058531263,-0.01579591308676912,"[-2.50,-0.78]",0.0,5.199400772134752e-05,"{""boundary"": 0, ""herding"": 53, ""kcenter"": 0, ""kmeans"": 19, ""marc"": 8, ""random"": 0}"
repeat5_0.25,representative4|marc_first|lcb=1|fb=none|gap=0,80,0.7067760352345904,0.6958262288961556,herding,0.7059333595529326,0.0008426756816578562,-0.015798123910964378,"[-2.50,-0.78]",0.0,0.0001679704602696036,"{""boundary"": 0, ""herding"": 20, ""kcenter"": 4, ""kmeans"": 17, ""marc"": 39, ""random"": 0}"
repeat5_0.25,representative4|kmeans_first|lcb=1|fb=none|gap=0,80,0.7067760352345904,0.6958262288961556,herding,0.7059333595529326,0.0008426756816578562,-0.015798123910964378,"[-2.50,-0.78]",0.0,0.0001679704602696036,"{""boundary"": 0, ""herding"": 20, ""kcenter"": 4, ""kmeans"": 51, ""marc"": 5, ""random"": 0}"
repeat5_0.25,centroid3|herding_first|lcb=1|fb=herding|gap=0,80,0.7067738244103952,0.695804894526064,herding,0.7059333595529326,0.0008404648574625861,-0.015800334735159637,"[-2.50,-0.78]",0.45,5.199400772134752e-05,"{""boundary"": 0, ""herding"": 55, ""kcenter"": 0, ""kmeans"": 17, ""marc"": 8, ""random"": 0}"
repeat5_0.25,centroid3|marc_first|lcb=1|fb=none|gap=0,80,0.7067738244103952,0.6958132266185268,herding,0.7059333595529326,0.0008404648574625861,-0.015800334735159637,"[-2.50,-0.78]",0.0,5.199400772134752e-05,"{""boundary"": 0, ""herding"": 20, ""kcenter"": 0, ""kmeans"": 18, ""marc"": 42, ""random"": 0}"
repeat5_0.25,centroid3|default|lcb=1|fb=herding|gap=0,80,0.7067738244103952,0.695804894526064,herding,0.7059333595529326,0.0008404648574625861,-0.015800334735159637,"[-2.50,-0.78]",0.45,5.199400772134752e-05,"{""boundary"": 0, ""herding"": 55, ""kcenter"": 0, ""kmeans"": 17, ""marc"": 8, ""random"": 0}"
repeat5_0.25,centroid3|kmeans_first|lcb=1|fb=none|gap=0,80,0.7067738244103952,0.6958132266185268,herding,0.7059333595529326,0.0008404648574625861,-0.015800334735159637,"[-2.50,-0.78]",0.0,5.199400772134752e-05,"{""boundary"": 0, ""herding"": 20, ""kcenter"": 0, ""kmeans"": 52, ""marc"": 8, ""random"": 0}"
repeat5_0.25,centroid3|kmeans_first|lcb=1|fb=herding|gap=0,80,0.7067738244103952,0.695804894526064,herding,0.7059333595529326,0.0008404648574625861,-0.015800334735159637,"[-2.50,-0.78]",0.45,5.199400772134752e-05,"{""boundary"": 0, ""herding"": 55, ""kcenter"": 0, ""kmeans"": 17, ""marc"": 8, ""random"": 0}"
repeat5_0.25,centroid3|marc_first|lcb=1|fb=herding|gap=0,80,0.7067738244103952,0.695804894526064,herding,0.7059333595529326,0.0008404648574625861,-0.015800334735159637,"[-2.50,-0.78]",0.45,5.199400772134752e-05,"{""boundary"": 0, ""herding"": 55, ""kcenter"": 0, ""kmeans"": 17, ""marc"": 8, ""random"": 0}"
repeat5_0.25,coverage3|default|lcb=1|fb=kmeans|gap=0.01,80,0.7067488584734642,0.6956014476696082,herding,0.7059333595529326,0.0008154989205316765,-0.015825300672090554,"[-2.51,-0.75]",0.7,0.00021874827813180356,"{""boundary"": 0, ""herding"": 9, ""kcenter"": 0, ""kmeans"": 71, ""marc"": 0, ""random"": 0}"
repeat5_0.25,coverage3|herding_first|lcb=1|fb=kmeans|gap=0.01,80,0.7067488584734642,0.6956014476696082,herding,0.7059333595529326,0.0008154989205316765,-0.015825300672090554,"[-2.51,-0.75]",0.7,0.00021874827813180356,"{""boundary"": 0, ""herding"": 9, ""kcenter"": 0, ""kmeans"": 71, ""marc"": 0, ""random"": 0}"
repeat5_0.25,coverage3|default|lcb=0.5|fb=kmeans|gap=0.01,80,0.7067488584734642,0.6956014476696082,herding,0.7059333595529326,0.0008154989205316765,-0.015825300672090554,"[-2.51,-0.75]",0.725,0.00032720301861965256,"{""boundary"": 0, ""herding"": 9, ""kcenter"": 0, ""kmeans"": 71, ""marc"": 0, ""random"": 0}"
repeat5_0.25,coverage3|kmeans_first|lcb=0.5|fb=kmeans|gap=0.01,80,0.7067488584734642,0.6956014476696082,herding,0.7059333595529326,0.0008154989205316765,-0.015825300672090554,"[-2.51,-0.75]",0.725,0.00032720301861965256,"{""boundary"": 0, ""herding"": 9, ""kcenter"": 0, ""kmeans"": 71, ""marc"": 0, ""random"": 0}"
repeat5_0.25,coverage3|kmeans_first|lcb=1|fb=kmeans|gap=0.01,80,0.7067488584734642,0.6956014476696082,herding,0.7059333595529326,0.0008154989205316765,-0.015825300672090554,"[-2.51,-0.75]",0.7,0.00021874827813180356,"{""boundary"": 0, ""herding"": 9, ""kcenter"": 0, ""kmeans"": 71, ""marc"": 0, ""random"": 0}"
repeat5_0.25,coverage3|herding_first|lcb=0.5|fb=kmeans|gap=0.01,80,0.7067488584734642,0.6956014476696082,herding,0.7059333595529326,0.0008154989205316765,-0.015825300672090554,"[-2.51,-0.75]",0.725,0.00032720301861965256,"{""boundary"": 0, ""herding"": 9, ""kcenter"": 0, ""kmeans"": 71, ""marc"": 0, ""random"": 0}"
repeat5_0.25,coverage3|marc_first|lcb=0.5|fb=kmeans|gap=0.01,80,0.7067488584734642,0.6956014476696082,herding,0.7059333595529326,0.0008154989205316765,-0.015825300672090554,"[-2.51,-0.75]",0.725,0.00032720301861965256,"{""boundary"": 0, ""herding"": 9, ""kcenter"": 0, ""kmeans"": 71, ""marc"": 0, ""random"": 0}"
repeat5_0.25,coverage3|marc_first|lcb=1|fb=kmeans|gap=0.01,80,0.7067488584734642,0.6956014476696082,herding,0.7059333595529326,0.0008154989205316765,-0.015825300672090554,"[-2.51,-0.75]",0.7,0.00021874827813180356,"{""boundary"": 0, ""herding"": 9, ""kcenter"": 0, ""kmeans"": 71, ""marc"": 0, ""random"": 0}"
repeat5_0.25,centroid3|kmeans_first|lcb=0.5|fb=herding|gap=0.005,80,0.706708213354102,0.6954312643813237,herding,0.7059333595529326,0.0007748538011694839,-0.015865945791452653,"[-2.50,-0.78]",0.7,0.00011262183166000153,"{""boundary"": 0, ""herding"": 65, ""kcenter"": 0, ""kmeans"": 13, ""marc"": 2, ""random"": 0}"
repeat5_0.25,representative4|kmeans_first|lcb=1|fb=herding|gap=0.005,80,0.706708213354102,0.6954312643813237,herding,0.7059333595529326,0.0007748538011694839,-0.015865945791452653,"[-2.50,-0.78]",0.6875,0.0001679704602696036,"{""boundary"": 0, ""herding"": 65, ""kcenter"": 0, ""kmeans"": 13, ""marc"": 2, ""random"": 0}"
repeat5_0.25,centroid3|kmeans_first|lcb=1|fb=herding|gap=0.005,80,0.706708213354102,0.6954312643813237,herding,0.7059333595529326,0.0007748538011694839,-0.015865945791452653,"[-2.50,-0.78]",0.6875,5.199400772134752e-05,"{""boundary"": 0, ""herding"": 65, ""kcenter"": 0, ""kmeans"": 13, ""marc"": 2, ""random"": 0}"
repeat5_0.25,centroid3|marc_first|lcb=1|fb=herding|gap=0.005,80,0.706708213354102,0.6954312643813237,herding,0.7059333595529326,0.0007748538011694839,-0.015865945791452653,"[-2.50,-0.78]",0.6875,5.199400772134752e-05,"{""boundary"": 0, ""herding"": 65, ""kcenter"": 0, ""kmeans"": 13, ""marc"": 2, ""random"": 0}"
repeat5_0.25,representative4|kmeans_first|lcb=0.5|fb=herding|gap=0.005,80,0.706708213354102,0.6954312643813237,herding,0.7059333595529326,0.0007748538011694839,-0.015865945791452653,"[-2.50,-0.78]",0.7,0.0001735578502666986,"{""boundary"": 0, ""herding"": 65, ""kcenter"": 0, ""kmeans"": 13, ""marc"": 2, ""random"": 0}"
repeat5_0.25,representative4|herding_first|lcb=1|fb=herding|gap=0.005,80,0.706708213354102,0.6954312643813237,herding,0.7059333595529326,0.0007748538011694839,-0.015865945791452653,"[-2.50,-0.78]",0.6875,0.0001679704602696036,"{""boundary"": 0, ""herding"": 65, ""kcenter"": 0, ""kmeans"": 13, ""marc"": 2, ""random"": 0}"
repeat5_0.25,representative4|marc_first|lcb=0.5|fb=herding|gap=0.005,80,0.706708213354102,0.6954312643813237,herding,0.7059333595529326,0.0007748538011694839,-0.015865945791452653,"[-2.50,-0.78]",0.7,0.0001735578502666986,"{""boundary"": 0, ""herding"": 65, ""kcenter"": 0, ""kmeans"": 13, ""marc"": 2, ""random"": 0}"
repeat5_0.25,representative4|marc_first|lcb=1|fb=herding|gap=0.005,80,0.706708213354102,0.6954312643813237,herding,0.7059333595529326,0.0007748538011694839,-0.015865945791452653,"[-2.50,-0.78]",0.6875,0.0001679704602696036,"{""boundary"": 0, ""herding"": 65, ""kcenter"": 0, ""kmeans"": 13, ""marc"": 2, ""random"": 0}"
repeat5_0.25,centroid3|default|lcb=0.5|fb=herding|gap=0.005,80,0.706708213354102,0.6954312643813237,herding,0.7059333595529326,0.0007748538011694839,-0.015865945791452653,"[-2.50,-0.78]",0.7,0.00011262183166000153,"{""boundary"": 0, ""herding"": 65, ""kcenter"": 0, ""kmeans"": 13, ""marc"": 2, ""random"": 0}"
repeat5_0.25,representative4|herding_first|lcb=0.5|fb=herding|gap=0.005,80,0.706708213354102,0.6954312643813237,herding,0.7059333595529326,0.0007748538011694839,-0.015865945791452653,"[-2.50,-0.78]",0.7,0.0001735578502666986,"{""boundary"": 0, ""herding"": 65, ""kcenter"": 0, ""kmeans"": 13, ""marc"": 2, ""random"": 0}"
repeat5_0.25,centroid3|herding_first|lcb=1|fb=herding|gap=0.005,80,0.706708213354102,0.6954312643813237,herding,0.7059333595529326,0.0007748538011694839,-0.015865945791452653,"[-2.50,-0.78]",0.6875,5.199400772134752e-05,"{""boundary"": 0, ""herding"": 65, ""kcenter"": 0, ""kmeans"": 13, ""marc"": 2, ""random"": 0}"
repeat5_0.25,centroid3|marc_first|lcb=0.5|fb=herding|gap=0.005,80,0.706708213354102,0.6954312643813237,herding,0.7059333595529326,0.0007748538011694839,-0.015865945791452653,"[-2.50,-0.78]",0.7,0.00011262183166000153,"{""boundary"": 0, ""herding"": 65, ""kcenter"": 0, ""kmeans"": 13, ""marc"": 2, ""random"": 0}"
repeat5_0.25,centroid3|default|lcb=1|fb=herding|gap=0.005,80,0.706708213354102,0.6954312643813237,herding,0.7059333595529326,0.0007748538011694839,-0.015865945791452653,"[-2.50,-0.78]",0.6875,5.199400772134752e-05,"{""boundary"": 0, ""herding"": 65, ""kcenter"": 0, ""kmeans"": 13, ""marc"": 2, ""random"": 0}"
repeat5_0.25,representative4|default|lcb=0.5|fb=herding|gap=0.005,80,0.706708213354102,0.6954312643813237,herding,0.7059333595529326,0.0007748538011694839,-0.015865945791452653,"[-2.50,-0.78]",0.7,0.0001735578502666986,"{""boundary"": 0, ""herding"": 65, ""kcenter"": 0, ""kmeans"": 13, ""marc"": 2, ""random"": 0}"
repeat5_0.25,representative4|default|lcb=1|fb=herding|gap=0.005,80,0.706708213354102,0.6954312643813237,herding,0.7059333595529326,0.0007748538011694839,-0.015865945791452653,"[-2.50,-0.78]",0.6875,0.0001679704602696036,"{""boundary"": 0, ""herding"": 65, ""kcenter"": 0, ""kmeans"": 13, ""marc"": 2, ""random"": 0}"
repeat5_0.25,centroid3|herding_first|lcb=0.5|fb=herding|gap=0.005,80,0.706708213354102,0.6954312643813237,herding,0.7059333595529326,0.0007748538011694839,-0.015865945791452653,"[-2.50,-0.78]",0.7,0.00011262183166000153,"{""boundary"": 0, ""herding"": 65, ""kcenter"": 0, ""kmeans"": 13, ""marc"": 2, ""random"": 0}"
repeat5_0.25,coverage3|kmeans_first|lcb=0.5|fb=herding|gap=0.005,80,0.7067033400597552,0.6954366627946467,herding,0.7059333595529326,0.0007699805068226429,-0.015870819085799633,"[-2.51,-0.78]",0.6375,0.00032720301861965256,"{""boundary"": 0, ""herding"": 61, ""kcenter"": 0, ""kmeans"": 19, ""marc"": 0, ""random"": 0}"
repeat5_0.25,coverage3|herding_first|lcb=0.5|fb=herding|gap=0.005,80,0.7067033400597552,0.6954366627946467,herding,0.7059333595529326,0.0007699805068226429,-0.015870819085799633,"[-2.51,-0.78]",0.6375,0.00032720301861965256,"{""boundary"": 0, ""herding"": 61, ""kcenter"": 0, ""kmeans"": 19, ""marc"": 0, ""random"": 0}"
repeat5_0.25,coverage3|marc_first|lcb=0.5|fb=herding|gap=0.005,80,0.7067033400597552,0.6954366627946467,herding,0.7059333595529326,0.0007699805068226429,-0.015870819085799633,"[-2.51,-0.78]",0.6375,0.00032720301861965256,"{""boundary"": 0, ""herding"": 61, ""kcenter"": 0, ""kmeans"": 19, ""marc"": 0, ""random"": 0}"
repeat5_0.25,coverage3|default|lcb=0.5|fb=herding|gap=0.005,80,0.7067033400597552,0.6954366627946467,herding,0.7059333595529326,0.0007699805068226429,-0.015870819085799633,"[-2.51,-0.78]",0.6375,0.00032720301861965256,"{""boundary"": 0, ""herding"": 61, ""kcenter"": 0, ""kmeans"": 19, ""marc"": 0, ""random"": 0}"
repeat5_0.25,coverage3|default|lcb=0.5|fb=herding|gap=0,80,0.7067011292355598,0.6956798436035458,herding,0.7059333595529326,0.0007677696826272618,-0.01587302990999489,"[-2.50,-0.78]",0.45,0.00032720301861965256,"{""boundary"": 0, ""herding"": 56, ""kcenter"": 5, ""kmeans"": 19, ""marc"": 0, ""random"": 0}"
repeat5_0.25,coverage3|kmeans_first|lcb=0.25|fb=herding|gap=0,80,0.7067011292355598,0.6956798436035458,herding,0.7059333595529326,0.0007677696826272618,-0.01587302990999489,"[-2.50,-0.78]",0.45,0.00034340934227256384,"{""boundary"": 0, ""herding"": 56, ""kcenter"": 5, ""kmeans"": 19, ""marc"": 0, ""random"": 0}"
repeat5_0.25,coverage3|marc_first|lcb=0.25|fb=herding|gap=0,80,0.7067011292355598,0.6956798436035458,herding,0.7059333595529326,0.0007677696826272618,-0.01587302990999489,"[-2.50,-0.78]",0.45,0.00034340934227256384,"{""boundary"": 0, ""herding"": 56, ""kcenter"": 5, ""kmeans"": 19, ""marc"": 0, ""random"": 0}"
repeat5_0.25,coverage3|marc_first|lcb=0|fb=herding|gap=0,80,0.7067011292355598,0.6956798436035458,herding,0.7059333595529326,0.0007677696826272618,-0.01587302990999489,"[-2.50,-0.78]",0.4625,0.00018192844147970136,"{""boundary"": 0, ""herding"": 56, ""kcenter"": 5, ""kmeans"": 19, ""marc"": 0, ""random"": 0}"
repeat5_0.25,coverage3|herding_first|lcb=0|fb=herding|gap=0,80,0.7067011292355598,0.6956798436035458,herding,0.7059333595529326,0.0007677696826272618,-0.01587302990999489,"[-2.50,-0.78]",0.4625,0.00018192844147970136,"{""boundary"": 0, ""herding"": 56, ""kcenter"": 5, ""kmeans"": 19, ""marc"": 0, ""random"": 0}"
repeat5_0.25,coverage3|marc_first|lcb=0.5|fb=herding|gap=0,80,0.7067011292355598,0.6956798436035458,herding,0.7059333595529326,0.0007677696826272618,-0.01587302990999489,"[-2.50,-0.78]",0.45,0.00032720301861965256,"{""boundary"": 0, ""herding"": 56, ""kcenter"": 5, ""kmeans"": 19, ""marc"": 0, ""random"": 0}"
repeat5_0.25,coverage3|default|lcb=0|fb=herding|gap=0,80,0.7067011292355598,0.6956798436035458,herding,0.7059333595529326,0.0007677696826272618,-0.01587302990999489,"[-2.50,-0.78]",0.4625,0.00018192844147970136,"{""boundary"": 0, ""herding"": 56, ""kcenter"": 5, ""kmeans"": 19, ""marc"": 0, ""random"": 0}"
repeat5_0.25,coverage3|kmeans_first|lcb=0|fb=herding|gap=0,80,0.7067011292355598,0.6956798436035458,herding,0.7059333595529326,0.0007677696826272618,-0.01587302990999489,"[-2.50,-0.78]",0.4625,0.00018192844147970136,"{""boundary"": 0, ""herding"": 56, ""kcenter"": 5, ""kmeans"": 19, ""marc"": 0, ""random"": 0}"
repeat5_0.25,coverage3|kmeans_first|lcb=0.5|fb=herding|gap=0,80,0.7067011292355598,0.6956798436035458,herding,0.7059333595529326,0.0007677696826272618,-0.01587302990999489,"[-2.50,-0.78]",0.45,0.00032720301861965256,"{""boundary"": 0, ""herding"": 56, ""kcenter"": 5, ""kmeans"": 19, ""marc"": 0, ""random"": 0}"
repeat5_0.25,coverage3|herding_first|lcb=0.5|fb=herding|gap=0,80,0.7067011292355598,0.6956798436035458,herding,0.7059333595529326,0.0007677696826272618,-0.01587302990999489,"[-2.50,-0.78]",0.45,0.00032720301861965256,"{""boundary"": 0, ""herding"": 56, ""kcenter"": 5, ""kmeans"": 19, ""marc"": 0, ""random"": 0}"
repeat5_0.25,coverage3|default|lcb=0.25|fb=herding|gap=0,80,0.7067011292355598,0.6956798436035458,herding,0.7059333595529326,0.0007677696826272618,-0.01587302990999489,"[-2.50,-0.78]",0.45,0.00034340934227256384,"{""boundary"": 0, ""herding"": 56, ""kcenter"": 5, ""kmeans"": 19, ""marc"": 0, ""random"": 0}"
repeat5_0.25,coverage3|herding_first|lcb=0.25|fb=herding|gap=0,80,0.7067011292355598,0.6956798436035458,herding,0.7059333595529326,0.0007677696826272618,-0.01587302990999489,"[-2.50,-0.78]",0.45,0.00034340934227256384,"{""boundary"": 0, ""herding"": 56, ""kcenter"": 5, ""kmeans"": 19, ""marc"": 0, ""random"": 0}"
repeat5_0.25,coverage3|default|lcb=0.5|fb=none|gap=0,80,0.7066989184113647,0.6956796439371942,herding,0.7059333595529326,0.0007655588584321027,-0.01587524073419015,"[-2.50,-0.78]",0.0,0.00032720301861965256,"{""boundary"": 0, ""herding"": 54, ""kcenter"": 7, ""kmeans"": 19, ""marc"": 0, ""random"": 0}"
repeat5_0.25,coverage3|default|lcb=0.25|fb=none|gap=0,80,0.7066989184113647,0.6956796439371942,herding,0.7059333595529326,0.0007655588584321027,-0.01587524073419015,"[-2.50,-0.78]",0.0,0.00034340934227256384,"{""boundary"": 0, ""herding"": 54, ""kcenter"": 7, ""kmeans"": 19, ""marc"": 0, ""random"": 0}"
repeat5_0.25,coverage3|herding_first|lcb=0.25|fb=none|gap=0,80,0.7066989184113647,0.6956796439371942,herding,0.7059333595529326,0.0007655588584321027,-0.01587524073419015,"[-2.50,-0.78]",0.0,0.00034340934227256384,"{""boundary"": 0, ""herding"": 54, ""kcenter"": 5, ""kmeans"": 21, ""marc"": 0, ""random"": 0}"
repeat5_0.25,coverage3|herding_first|lcb=0.5|fb=none|gap=0,80,0.7066989184113647,0.6956796439371942,herding,0.7059333595529326,0.0007655588584321027,-0.01587524073419015,"[-2.50,-0.78]",0.0,0.00032720301861965256,"{""boundary"": 0, ""herding"": 54, ""kcenter"": 5, ""kmeans"": 21, ""marc"": 0, ""random"": 0}"
repeat5_0.25,coverage3|marc_first|lcb=0.25|fb=none|gap=0,80,0.7066944967629741,0.6956792446715943,herding,0.7059333595529326,0.0007611372100415625,-0.01587966238258067,"[-2.51,-0.78]",0.0,0.00034340934227256384,"{""boundary"": 0, ""herding"": 21, ""kcenter"": 5, ""kmeans"": 54, ""marc"": 0, ""random"": 0}"
repeat5_0.25,coverage3|marc_first|lcb=0.5|fb=none|gap=0,80,0.7066944967629741,0.6956792446715943,herding,0.7059333595529326,0.0007611372100415625,-0.01587966238258067,"[-2.51,-0.78]",0.0,0.00032720301861965256,"{""boundary"": 0, ""herding"": 21, ""kcenter"": 5, ""kmeans"": 54, ""marc"": 0, ""random"": 0}"
repeat5_0.25,coverage3|kmeans_first|lcb=0.25|fb=none|gap=0,80,0.7066944967629741,0.6956792446715943,herding,0.7059333595529326,0.0007611372100415625,-0.01587966238258067,"[-2.51,-0.78]",0.0,0.00034340934227256384,"{""boundary"": 0, ""herding"": 21, ""kcenter"": 5, ""kmeans"": 54, ""marc"": 0, ""random"": 0}"
repeat5_0.25,coverage3|kmeans_first|lcb=0.5|fb=none|gap=0,80,0.7066944967629741,0.6956792446715943,herding,0.7059333595529326,0.0007611372100415625,-0.01587966238258067,"[-2.51,-0.78]",0.0,0.00032720301861965256,"{""boundary"": 0, ""herding"": 21, ""kcenter"": 5, ""kmeans"": 54, ""marc"": 0, ""random"": 0}"
repeat5_0.25,coverage3|default|lcb=0.5|fb=kmeans|gap=0.005,80,0.7066331177327235,0.6954608888592522,herding,0.7059333595529326,0.0006997581797909547,-0.015941041412831296,"[-2.53,-0.77]",0.6375,0.00032720301861965256,"{""boundary"": 0, ""herding"": 10, ""kcenter"": 0, ""kmeans"": 70, ""marc"": 0, ""random"": 0}"
repeat5_0.25,coverage3|herding_first|lcb=0.5|fb=kmeans|gap=0.005,80,0.7066331177327235,0.6954608888592522,herding,0.7059333595529326,0.0006997581797909547,-0.015941041412831296,"[-2.53,-0.77]",0.6375,0.00032720301861965256,"{""boundary"": 0, ""herding"": 10, ""kcenter"": 0, ""kmeans"": 70, ""marc"": 0, ""random"": 0}"
repeat5_0.25,coverage3|kmeans_first|lcb=0.5|fb=kmeans|gap=0.005,80,0.7066331177327235,0.6954608888592522,herding,0.7059333595529326,0.0006997581797909547,-0.015941041412831296,"[-2.53,-0.77]",0.6375,0.00032720301861965256,"{""boundary"": 0, ""herding"": 10, ""kcenter"": 0, ""kmeans"": 70, ""marc"": 0, ""random"": 0}"
repeat5_0.25,coverage3|marc_first|lcb=0.5|fb=kmeans|gap=0.005,80,0.7066331177327235,0.6954608888592522,herding,0.7059333595529326,0.0006997581797909547,-0.015941041412831296,"[-2.53,-0.77]",0.6375,0.00032720301861965256,"{""boundary"": 0, ""herding"": 10, ""kcenter"": 0, ""kmeans"": 70, ""marc"": 0, ""random"": 0}"
repeat5_0.25,representative4|default|lcb=0.25|fb=herding|gap=0.01,80,0.7065547045821723,0.6952274625896286,herding,0.7059333595529326,0.0006213450292397171,-0.016019454563382475,"[-2.52,-0.80]",0.8125,0.00022322525624312445,"{""boundary"": 0, ""herding"": 71, ""kcenter"": 0, ""kmeans"": 9, ""marc"": 0, ""random"": 0}"
repeat5_0.25,centroid3|marc_first|lcb=0.25|fb=herding|gap=0.01,80,0.7065547045821723,0.6952274625896286,herding,0.7059333595529326,0.0006213450292397171,-0.016019454563382475,"[-2.52,-0.80]",0.8125,0.00014727513656985491,"{""boundary"": 0, ""herding"": 71, ""kcenter"": 0, ""kmeans"": 9, ""marc"": 0, ""random"": 0}"
repeat5_0.25,representative4|marc_first|lcb=0|fb=herding|gap=0.01,80,0.7065547045821723,0.6952274625896286,herding,0.7059333595529326,0.0006213450292397171,-0.016019454563382475,"[-2.52,-0.80]",0.8125,1.1102230246251565e-16,"{""boundary"": 0, ""herding"": 71, ""kcenter"": 0, ""kmeans"": 9, ""marc"": 0, ""random"": 0}"
repeat5_0.25,centroid3|default|lcb=0|fb=herding|gap=0.01,80,0.7065547045821723,0.6952274625896286,herding,0.7059333595529326,0.0006213450292397171,-0.016019454563382475,"[-2.52,-0.80]",0.8125,0.0,"{""boundary"": 0, ""herding"": 71, ""kcenter"": 0, ""kmeans"": 9, ""marc"": 0, ""random"": 0}"
repeat5_0.25,centroid3|herding_first|lcb=0|fb=herding|gap=0.01,80,0.7065547045821723,0.6952274625896286,herding,0.7059333595529326,0.0006213450292397171,-0.016019454563382475,"[-2.52,-0.80]",0.8125,0.0,"{""boundary"": 0, ""herding"": 71, ""kcenter"": 0, ""kmeans"": 9, ""marc"": 0, ""random"": 0}"
repeat5_0.25,representative4|marc_first|lcb=0.25|fb=herding|gap=0.01,80,0.7065547045821723,0.6952274625896286,herding,0.7059333595529326,0.0006213450292397171,-0.016019454563382475,"[-2.52,-0.80]",0.8125,0.00022322525624312445,"{""boundary"": 0, ""herding"": 71, ""kcenter"": 0, ""kmeans"": 9, ""marc"": 0, ""random"": 0}"
repeat5_0.25,representative4|herding_first|lcb=0.25|fb=herding|gap=0.01,80,0.7065547045821723,0.6952274625896286,herding,0.7059333595529326,0.0006213450292397171,-0.016019454563382475,"[-2.52,-0.80]",0.8125,0.00022322525624312445,"{""boundary"": 0, ""herding"": 71, ""kcenter"": 0, ""kmeans"": 9, ""marc"": 0, ""random"": 0}"
repeat5_0.25,centroid3|kmeans_first|lcb=0|fb=herding|gap=0.01,80,0.7065547045821723,0.6952274625896286,herding,0.7059333595529326,0.0006213450292397171,-0.016019454563382475,"[-2.52,-0.80]",0.8125,0.0,"{""boundary"": 0, ""herding"": 71, ""kcenter"": 0, ""kmeans"": 9, ""marc"": 0, ""random"": 0}"
repeat5_0.25,representative4|kmeans_first|lcb=0|fb=herding|gap=0.01,80,0.7065547045821723,0.6952274625896286,herding,0.7059333595529326,0.0006213450292397171,-0.016019454563382475,"[-2.52,-0.80]",0.8125,1.1102230246251565e-16,"{""boundary"": 0, ""herding"": 71, ""kcenter"": 0, ""kmeans"": 9, ""marc"": 0, ""random"": 0}"
repeat5_0.25,representative4|default|lcb=0|fb=herding|gap=0.01,80,0.7065547045821723,0.6952274625896286,herding,0.7059333595529326,0.0006213450292397171,-0.016019454563382475,"[-2.52,-0.80]",0.8125,1.1102230246251565e-16,"{""boundary"": 0, ""herding"": 71, ""kcenter"": 0, ""kmeans"": 9, ""marc"": 0, ""random"": 0}"
repeat5_0.25,representative4|kmeans_first|lcb=0.25|fb=herding|gap=0.01,80,0.7065547045821723,0.6952274625896286,herding,0.7059333595529326,0.0006213450292397171,-0.016019454563382475,"[-2.52,-0.80]",0.8125,0.00022322525624312445,"{""boundary"": 0, ""herding"": 71, ""kcenter"": 0, ""kmeans"": 9, ""marc"": 0, ""random"": 0}"
repeat5_0.25,centroid3|default|lcb=0.25|fb=herding|gap=0.01,80,0.7065547045821723,0.6952274625896286,herding,0.7059333595529326,0.0006213450292397171,-0.016019454563382475,"[-2.52,-0.80]",0.8125,0.00014727513656985491,"{""boundary"": 0, ""herding"": 71, ""kcenter"": 0, ""kmeans"": 9, ""marc"": 0, ""random"": 0}"
repeat5_0.25,representative4|herding_first|lcb=0|fb=herding|gap=0.01,80,0.7065547045821723,0.6952274625896286,herding,0.7059333595529326,0.0006213450292397171,-0.016019454563382475,"[-2.52,-0.80]",0.8125,1.1102230246251565e-16,"{""boundary"": 0, ""herding"": 71, ""kcenter"": 0, ""kmeans"": 9, ""marc"": 0, ""random"": 0}"
repeat5_0.25,centroid3|herding_first|lcb=0.25|fb=herding|gap=0.01,80,0.7065547045821723,0.6952274625896286,herding,0.7059333595529326,0.0006213450292397171,-0.016019454563382475,"[-2.52,-0.80]",0.8125,0.00014727513656985491,"{""boundary"": 0, ""herding"": 71, ""kcenter"": 0, ""kmeans"": 9, ""marc"": 0, ""random"": 0}"
repeat5_0.25,centroid3|kmeans_first|lcb=0.25|fb=herding|gap=0.01,80,0.7065547045821723,0.6952274625896286,herding,0.7059333595529326,0.0006213450292397171,-0.016019454563382475,"[-2.52,-0.80]",0.8125,0.00014727513656985491,"{""boundary"": 0, ""herding"": 71, ""kcenter"": 0, ""kmeans"": 9, ""marc"": 0, ""random"": 0}"
repeat5_0.25,centroid3|marc_first|lcb=0|fb=herding|gap=0.01,80,0.7065547045821723,0.6952274625896286,herding,0.7059333595529326,0.0006213450292397171,-0.016019454563382475,"[-2.52,-0.80]",0.8125,0.0,"{""boundary"": 0, ""herding"": 71, ""kcenter"": 0, ""kmeans"": 9, ""marc"": 0, ""random"": 0}"
repeat5_0.25,coverage3|herding_first|lcb=1|fb=herding|gap=0.02,80,0.7064279989291509,0.6952064290307385,herding,0.7059333595529326,0.0004946393762182977,-0.016146160216403922,"[-2.53,-0.81]",0.775,0.00021874827813180356,"{""boundary"": 0, ""herding"": 70, ""kcenter"": 0, ""kmeans"": 10, ""marc"": 0, ""random"": 0}"
repeat5_0.25,coverage3|default|lcb=1|fb=herding|gap=0.02,80,0.7064279989291509,0.6952064290307385,herding,0.7059333595529326,0.0004946393762182977,-0.016146160216403922,"[-2.53,-0.81]",0.775,0.00021874827813180356,"{""boundary"": 0, ""herding"": 70, ""kcenter"": 0, ""kmeans"": 10, ""marc"": 0, ""random"": 0}"
repeat5_0.25,coverage3|marc_first|lcb=1|fb=herding|gap=0.02,80,0.7064279989291509,0.6952064290307385,herding,0.7059333595529326,0.0004946393762182977,-0.016146160216403922,"[-2.53,-0.81]",0.775,0.00021874827813180356,"{""boundary"": 0, ""herding"": 70, ""kcenter"": 0, ""kmeans"": 10, ""marc"": 0, ""random"": 0}"
repeat5_0.25,coverage3|kmeans_first|lcb=1|fb=herding|gap=0.02,80,0.7064279989291509,0.6952064290307385,herding,0.7059333595529326,0.0004946393762182977,-0.016146160216403922,"[-2.53,-0.81]",0.775,0.00021874827813180356,"{""boundary"": 0, ""herding"": 70, ""kcenter"": 0, ""kmeans"": 10, ""marc"": 0, ""random"": 0}"
repeat5_0.25,coverage3|kmeans_first|lcb=0.25|fb=herding|gap=0.005,80,0.7064109423989364,0.6951134477503451,herding,0.7059333595529326,0.0004775828460038545,-0.016163216746618348,"[-2.54,-0.81]",0.6375,0.00034340934227256384,"{""boundary"": 0, ""herding"": 62, ""kcenter"": 0, ""kmeans"": 18, ""marc"": 0, ""random"": 0}"
repeat5_0.25,coverage3|marc_first|lcb=0.25|fb=herding|gap=0.005,80,0.7064109423989364,0.6951134477503451,herding,0.7059333595529326,0.0004775828460038545,-0.016163216746618348,"[-2.54,-0.81]",0.6375,0.00034340934227256384,"{""boundary"": 0, ""herding"": 62, ""kcenter"": 0, ""kmeans"": 18, ""marc"": 0, ""random"": 0}"
repeat5_0.25,coverage3|herding_first|lcb=0.25|fb=herding|gap=0.005,80,0.7064109423989364,0.6951134477503451,herding,0.7059333595529326,0.0004775828460038545,-0.016163216746618348,"[-2.54,-0.81]",0.6375,0.00034340934227256384,"{""boundary"": 0, ""herding"": 62, ""kcenter"": 0, ""kmeans"": 18, ""marc"": 0, ""random"": 0}"
repeat5_0.25,coverage3|default|lcb=0.25|fb=herding|gap=0.005,80,0.7064109423989364,0.6951134477503451,herding,0.7059333595529326,0.0004775828460038545,-0.016163216746618348,"[-2.54,-0.81]",0.6375,0.00034340934227256384,"{""boundary"": 0, ""herding"": 62, ""kcenter"": 0, ""kmeans"": 18, ""marc"": 0, ""random"": 0}"
repeat5_0.25,all6|herding_first|lcb=0.25|fb=kmeans|gap=0.05,80,0.7063975421323618,0.6960917507806721,herding,0.7059333595529326,0.000464182579429262,-0.016176617013192892,"[-2.54,-0.79]",0.9375,0.004106554529003492,"{""boundary"": 0, ""herding"": 1, ""kcenter"": 0, ""kmeans"": 75, ""marc"": 0, ""random"": 4}"
repeat5_0.25,all6|default|lcb=0.25|fb=kmeans|gap=0.05,80,0.7063975421323618,0.6960917507806721,herding,0.7059333595529326,0.000464182579429262,-0.016176617013192892,"[-2.54,-0.79]",0.9375,0.004106554529003492,"{""boundary"": 0, ""herding"": 1, ""kcenter"": 0, ""kmeans"": 75, ""marc"": 0, ""random"": 4}"
repeat5_0.25,no_boundary|herding_first|lcb=0.5|fb=kmeans|gap=0.05,80,0.7063975421323618,0.6960917507806721,herding,0.7059333595529326,0.000464182579429262,-0.016176617013192892,"[-2.54,-0.79]",0.925,0.004438194082210467,"{""boundary"": 0, ""herding"": 1, ""kcenter"": 0, ""kmeans"": 75, ""marc"": 0, ""random"": 4}"
repeat5_0.25,all6|marc_first|lcb=0.25|fb=kmeans|gap=0.05,80,0.7063975421323618,0.6960917507806721,herding,0.7059333595529326,0.000464182579429262,-0.016176617013192892,"[-2.54,-0.79]",0.9375,0.004106554529003492,"{""boundary"": 0, ""herding"": 1, ""kcenter"": 0, ""kmeans"": 75, ""marc"": 0, ""random"": 4}"
repeat5_0.25,all6|kmeans_first|lcb=0.25|fb=kmeans|gap=0.05,80,0.7063975421323618,0.6960917507806721,herding,0.7059333595529326,0.000464182579429262,-0.016176617013192892,"[-2.54,-0.79]",0.9375,0.004106554529003492,"{""boundary"": 0, ""herding"": 1, ""kcenter"": 0, ""kmeans"": 75, ""marc"": 0, ""random"": 4}"
repeat5_0.25,no_boundary|kmeans_first|lcb=0.5|fb=kmeans|gap=0.05,80,0.7063975421323618,0.6960917507806721,herding,0.7059333595529326,0.000464182579429262,-0.016176617013192892,"[-2.54,-0.79]",0.925,0.004438194082210467,"{""boundary"": 0, ""herding"": 1, ""kcenter"": 0, ""kmeans"": 75, ""marc"": 0, ""random"": 4}"
repeat5_0.25,no_boundary|marc_first|lcb=0.5|fb=kmeans|gap=0.05,80,0.7063975421323618,0.6960917507806721,herding,0.7059333595529326,0.000464182579429262,-0.016176617013192892,"[-2.54,-0.79]",0.925,0.004438194082210467,"{""boundary"": 0, ""herding"": 1, ""kcenter"": 0, ""kmeans"": 75, ""marc"": 0, ""random"": 4}"
repeat5_0.25,no_boundary|default|lcb=0.5|fb=kmeans|gap=0.05,80,0.7063975421323618,0.6960917507806721,herding,0.7059333595529326,0.000464182579429262,-0.016176617013192892,"[-2.54,-0.79]",0.925,0.004438194082210467,"{""boundary"": 0, ""herding"": 1, ""kcenter"": 0, ""kmeans"": 75, ""marc"": 0, ""random"": 4}"
repeat5_0.25,centroid3|herding_first|lcb=0.25|fb=herding|gap=0.005,80,0.7063695193969871,0.6950497328032194,herding,0.7059333595529326,0.00043615984405454,-0.016204639748567666,"[-2.53,-0.82]",0.7125,0.00014727513656985491,"{""boundary"": 0, ""herding"": 66, ""kcenter"": 0, ""kmeans"": 12, ""marc"": 2, ""random"": 0}"
repeat5_0.25,representative4|marc_first|lcb=0.25|fb=herding|gap=0.005,80,0.7063695193969871,0.6950497328032194,herding,0.7059333595529326,0.00043615984405454,-0.016204639748567666,"[-2.53,-0.82]",0.7125,0.00022322525624312445,"{""boundary"": 0, ""herding"": 66, ""kcenter"": 0, ""kmeans"": 12, ""marc"": 2, ""random"": 0}"
repeat5_0.25,representative4|herding_first|lcb=0.25|fb=herding|gap=0.005,80,0.7063695193969871,0.6950497328032194,herding,0.7059333595529326,0.00043615984405454,-0.016204639748567666,"[-2.53,-0.82]",0.7125,0.00022322525624312445,"{""boundary"": 0, ""herding"": 66, ""kcenter"": 0, ""kmeans"": 12, ""marc"": 2, ""random"": 0}"
repeat5_0.25,centroid3|default|lcb=0.25|fb=herding|gap=0.005,80,0.7063695193969871,0.6950497328032194,herding,0.7059333595529326,0.00043615984405454,-0.016204639748567666,"[-2.53,-0.82]",0.7125,0.00014727513656985491,"{""boundary"": 0, ""herding"": 66, ""kcenter"": 0, ""kmeans"": 12, ""marc"": 2, ""random"": 0}"
repeat5_0.25,centroid3|marc_first|lcb=0.25|fb=herding|gap=0.005,80,0.7063695193969871,0.6950497328032194,herding,0.7059333595529326,0.00043615984405454,-0.016204639748567666,"[-2.53,-0.82]",0.7125,0.00014727513656985491,"{""boundary"": 0, ""herding"": 66, ""kcenter"": 0, ""kmeans"": 12, ""marc"": 2, ""random"": 0}"
repeat5_0.25,representative4|default|lcb=0.25|fb=herding|gap=0.005,80,0.7063695193969871,0.6950497328032194,herding,0.7059333595529326,0.00043615984405454,-0.016204639748567666,"[-2.53,-0.82]",0.7125,0.00022322525624312445,"{""boundary"": 0, ""herding"": 66, ""kcenter"": 0, ""kmeans"": 12, ""marc"": 2, ""random"": 0}"
repeat5_0.25,centroid3|kmeans_first|lcb=0.25|fb=herding|gap=0.005,80,0.7063695193969871,0.6950497328032194,herding,0.7059333595529326,0.00043615984405454,-0.016204639748567666,"[-2.53,-0.82]",0.7125,0.00014727513656985491,"{""boundary"": 0, ""herding"": 66, ""kcenter"": 0, ""kmeans"": 12, ""marc"": 2, ""random"": 0}"
repeat5_0.25,representative4|kmeans_first|lcb=0.25|fb=herding|gap=0.005,80,0.7063695193969871,0.6950497328032194,herding,0.7059333595529326,0.00043615984405454,-0.016204639748567666,"[-2.53,-0.82]",0.7125,0.00022322525624312445,"{""boundary"": 0, ""herding"": 66, ""kcenter"": 0, ""kmeans"": 12, ""marc"": 2, ""random"": 0}"
repeat5_0.25,centroid3|herding_first|lcb=0.5|fb=herding|gap=0.02,80,0.7063280963950378,0.6950487780479487,herding,0.7059333595529326,0.00039473684210522553,-0.01624606275051698,"[-2.54,-0.83]",0.875,0.00011262183166000153,"{""boundary"": 0, ""herding"": 75, ""kcenter"": 0, ""kmeans"": 5, ""marc"": 0, ""random"": 0}"
repeat5_0.25,representative4|marc_first|lcb=0.5|fb=herding|gap=0.02,80,0.7063280963950378,0.6950487780479487,herding,0.7059333595529326,0.00039473684210522553,-0.01624606275051698,"[-2.54,-0.83]",0.875,0.0001735578502666986,"{""boundary"": 0, ""herding"": 75, ""kcenter"": 0, ""kmeans"": 5, ""marc"": 0, ""random"": 0}"
repeat5_0.25,centroid3|marc_first|lcb=0.5|fb=herding|gap=0.02,80,0.7063280963950378,0.6950487780479487,herding,0.7059333595529326,0.00039473684210522553,-0.01624606275051698,"[-2.54,-0.83]",0.875,0.00011262183166000153,"{""boundary"": 0, ""herding"": 75, ""kcenter"": 0, ""kmeans"": 5, ""marc"": 0, ""random"": 0}"
repeat5_0.25,representative4|herding_first|lcb=0.5|fb=herding|gap=0.02,80,0.7063280963950378,0.6950487780479487,herding,0.7059333595529326,0.00039473684210522553,-0.01624606275051698,"[-2.54,-0.83]",0.875,0.0001735578502666986,"{""boundary"": 0, ""herding"": 75, ""kcenter"": 0, ""kmeans"": 5, ""marc"": 0, ""random"": 0}"
repeat5_0.25,centroid3|default|lcb=0.5|fb=herding|gap=0.02,80,0.7063280963950378,0.6950487780479487,herding,0.7059333595529326,0.00039473684210522553,-0.01624606275051698,"[-2.54,-0.83]",0.875,0.00011262183166000153,"{""boundary"": 0, ""herding"": 75, ""kcenter"": 0, ""kmeans"": 5, ""marc"": 0, ""random"": 0}"
repeat5_0.25,centroid3|kmeans_first|lcb=0.5|fb=herding|gap=0.02,80,0.7063280963950378,0.6950487780479487,herding,0.7059333595529326,0.00039473684210522553,-0.01624606275051698,"[-2.54,-0.83]",0.875,0.00011262183166000153,"{""boundary"": 0, ""herding"": 75, ""kcenter"": 0, ""kmeans"": 5, ""marc"": 0, ""random"": 0}"
repeat5_0.25,representative4|default|lcb=0.5|fb=herding|gap=0.02,80,0.7063280963950378,0.6950487780479487,herding,0.7059333595529326,0.00039473684210522553,-0.01624606275051698,"[-2.54,-0.83]",0.875,0.0001735578502666986,"{""boundary"": 0, ""herding"": 75, ""kcenter"": 0, ""kmeans"": 5, ""marc"": 0, ""random"": 0}"
repeat5_0.25,representative4|kmeans_first|lcb=0.5|fb=herding|gap=0.02,80,0.7063280963950378,0.6950487780479487,herding,0.7059333595529326,0.00039473684210522553,-0.01624606275051698,"[-2.54,-0.83]",0.875,0.0001735578502666986,"{""boundary"": 0, ""herding"": 75, ""kcenter"": 0, ""kmeans"": 5, ""marc"": 0, ""random"": 0}"
repeat5_0.25,coverage3|kmeans_first|lcb=0.25|fb=herding|gap=0.02,80,0.7062818000987414,0.6950461037973265,herding,0.7059333595529326,0.000348440545808848,-0.016292359046813275,"[-2.54,-0.83]",0.8,0.00034340934227256384,"{""boundary"": 0, ""herding"": 72, ""kcenter"": 0, ""kmeans"": 8, ""marc"": 0, ""random"": 0}"
repeat5_0.25,coverage3|default|lcb=0.5|fb=herding|gap=0.02,80,0.7062818000987414,0.6950461037973265,herding,0.7059333595529326,0.000348440545808848,-0.016292359046813275,"[-2.54,-0.83]",0.8,0.00032720301861965256,"{""boundary"": 0, ""herding"": 72, ""kcenter"": 0, ""kmeans"": 8, ""marc"": 0, ""random"": 0}"
repeat5_0.25,coverage3|kmeans_first|lcb=0|fb=herding|gap=0.02,80,0.7062818000987414,0.6951205845821963,herding,0.7059333595529326,0.000348440545808848,-0.016292359046813275,"[-2.54,-0.83]",0.8375,0.00018192844147970136,"{""boundary"": 0, ""herding"": 73, ""kcenter"": 0, ""kmeans"": 7, ""marc"": 0, ""random"": 0}"
repeat5_0.25,coverage3|default|lcb=0.25|fb=herding|gap=0.02,80,0.7062818000987414,0.6950461037973265,herding,0.7059333595529326,0.000348440545808848,-0.016292359046813275,"[-2.54,-0.83]",0.8,0.00034340934227256384,"{""boundary"": 0, ""herding"": 72, ""kcenter"": 0, ""kmeans"": 8, ""marc"": 0, ""random"": 0}"
repeat5_0.25,coverage3|kmeans_first|lcb=0.5|fb=herding|gap=0.02,80,0.7062818000987414,0.6950461037973265,herding,0.7059333595529326,0.000348440545808848,-0.016292359046813275,"[-2.54,-0.83]",0.8,0.00032720301861965256,"{""boundary"": 0, ""herding"": 72, ""kcenter"": 0, ""kmeans"": 8, ""marc"": 0, ""random"": 0}"
repeat5_0.25,coverage3|default|lcb=0|fb=herding|gap=0.02,80,0.7062818000987414,0.6951205845821963,herding,0.7059333595529326,0.000348440545808848,-0.016292359046813275,"[-2.54,-0.83]",0.8375,0.00018192844147970136,"{""boundary"": 0, ""herding"": 73, ""kcenter"": 0, ""kmeans"": 7, ""marc"": 0, ""random"": 0}"
repeat5_0.25,coverage3|marc_first|lcb=0.25|fb=herding|gap=0.02,80,0.7062818000987414,0.6950461037973265,herding,0.7059333595529326,0.000348440545808848,-0.016292359046813275,"[-2.54,-0.83]",0.8,0.00034340934227256384,"{""boundary"": 0, ""herding"": 72, ""kcenter"": 0, ""kmeans"": 8, ""marc"": 0, ""random"": 0}"
repeat5_0.25,coverage3|marc_first|lcb=0.5|fb=herding|gap=0.02,80,0.7062818000987414,0.6950461037973265,herding,0.7059333595529326,0.000348440545808848,-0.016292359046813275,"[-2.54,-0.83]",0.8,0.00032720301861965256,"{""boundary"": 0, ""herding"": 72, ""kcenter"": 0, ""kmeans"": 8, ""marc"": 0, ""random"": 0}"
repeat5_0.25,coverage3|marc_first|lcb=0|fb=herding|gap=0.02,80,0.7062818000987414,0.6951205845821963,herding,0.7059333595529326,0.000348440545808848,-0.016292359046813275,"[-2.54,-0.83]",0.8375,0.00018192844147970136,"{""boundary"": 0, ""herding"": 73, ""kcenter"": 0, ""kmeans"": 7, ""marc"": 0, ""random"": 0}"
repeat5_0.25,coverage3|herding_first|lcb=0.25|fb=herding|gap=0.02,80,0.7062818000987414,0.6950461037973265,herding,0.7059333595529326,0.000348440545808848,-0.016292359046813275,"[-2.54,-0.83]",0.8,0.00034340934227256384,"{""boundary"": 0, ""herding"": 72, ""kcenter"": 0, ""kmeans"": 8, ""marc"": 0, ""random"": 0}"
repeat5_0.25,coverage3|herding_first|lcb=0|fb=herding|gap=0.02,80,0.7062818000987414,0.6951205845821963,herding,0.7059333595529326,0.000348440545808848,-0.016292359046813275,"[-2.54,-0.83]",0.8375,0.00018192844147970136,"{""boundary"": 0, ""herding"": 73, ""kcenter"": 0, ""kmeans"": 7, ""marc"": 0, ""random"": 0}"
repeat5_0.25,coverage3|herding_first|lcb=0.5|fb=herding|gap=0.02,80,0.7062818000987414,0.6950461037973265,herding,0.7059333595529326,0.000348440545808848,-0.016292359046813275,"[-2.54,-0.83]",0.8,0.00032720301861965256,"{""boundary"": 0, ""herding"": 72, ""kcenter"": 0, ""kmeans"": 8, ""marc"": 0, ""random"": 0}"
repeat5_0.25,coverage3|default|lcb=0|fb=none|gap=0,80,0.7062359554484017,0.6952073142828792,herding,0.7059333595529326,0.00030259589546910437,-0.016338203697153112,"[-2.56,-0.82]",0.0,0.00018192844147970136,"{""boundary"": 0, ""herding"": 53, ""kcenter"": 7, ""kmeans"": 20, ""marc"": 0, ""random"": 0}"
repeat5_0.25,coverage3|herding_first|lcb=0|fb=none|gap=0,80,0.7062359554484017,0.6952073142828792,herding,0.7059333595529326,0.00030259589546910437,-0.016338203697153112,"[-2.56,-0.82]",0.0,0.00018192844147970136,"{""boundary"": 0, ""herding"": 53, ""kcenter"": 5, ""kmeans"": 22, ""marc"": 0, ""random"": 0}"
repeat5_0.25,coverage3|kmeans_first|lcb=0|fb=none|gap=0,80,0.7062315338000111,0.6952069150172793,herding,0.7059333595529326,0.0002981742470785642,-0.01634262534554363,"[-2.56,-0.82]",0.0,0.00018192844147970136,"{""boundary"": 0, ""herding"": 20, ""kcenter"": 5, ""kmeans"": 55, ""marc"": 0, ""random"": 0}"
repeat5_0.25,coverage3|marc_first|lcb=0|fb=none|gap=0,80,0.7062315338000111,0.6952069150172793,herding,0.7059333595529326,0.0002981742470785642,-0.01634262534554363,"[-2.56,-0.82]",0.0,0.00018192844147970136,"{""boundary"": 0, ""herding"": 20, ""kcenter"": 5, ""kmeans"": 55, ""marc"": 0, ""random"": 0}"
repeat5_0.25,representative4|herding_first|lcb=1|fb=herding|gap=0.05,80,0.7062257572137512,0.6949775317424005,herding,0.7059333595529326,0.00029239766081867735,-0.01634840193180353,"[-2.54,-0.84]",0.9625,0.0001679704602696036,"{""boundary"": 0, ""herding"": 79, ""kcenter"": 0, ""kmeans"": 1, ""marc"": 0, ""random"": 0}"
repeat5_0.25,coverage3|herding_first|lcb=0.25|fb=herding|gap=0.05,80,0.7062257572137512,0.6949775317424005,herding,0.7059333595529326,0.00029239766081867735,-0.01634840193180353,"[-2.54,-0.84]",0.9375,0.00034340934227256384,"{""boundary"": 0, ""herding"": 79, ""kcenter"": 0, ""kmeans"": 1, ""marc"": 0, ""random"": 0}"
repeat5_0.25,coverage3|kmeans_first|lcb=0.5|fb=herding|gap=0.05,80,0.7062257572137512,0.6949775317424005,herding,0.7059333595529326,0.00029239766081867735,-0.01634840193180353,"[-2.54,-0.84]",0.9375,0.00032720301861965256,"{""boundary"": 0, ""herding"": 79, ""kcenter"": 0, ""kmeans"": 1, ""marc"": 0, ""random"": 0}"
repeat5_0.25,coverage3|kmeans_first|lcb=0.25|fb=herding|gap=0.05,80,0.7062257572137512,0.6949775317424005,herding,0.7059333595529326,0.00029239766081867735,-0.01634840193180353,"[-2.54,-0.84]",0.9375,0.00034340934227256384,"{""boundary"": 0, ""herding"": 79, ""kcenter"": 0, ""kmeans"": 1, ""marc"": 0, ""random"": 0}"
repeat5_0.25,centroid3|default|lcb=0.5|fb=herding|gap=0.05,80,0.7062257572137512,0.6949775317424005,herding,0.7059333595529326,0.00029239766081867735,-0.01634840193180353,"[-2.54,-0.84]",0.975,0.00011262183166000153,"{""boundary"": 0, ""herding"": 79, ""kcenter"": 0, ""kmeans"": 1, ""marc"": 0, ""random"": 0}"
repeat5_0.25,no_random|marc_first|lcb=1|fb=herding|gap=0.05,80,0.7062257572137512,0.6949775317424005,herding,0.7059333595529326,0.00029239766081867735,-0.01634840193180353,"[-2.54,-0.84]",0.9625,0.00687146966882074,"{""boundary"": 0, ""herding"": 79, ""kcenter"": 0, ""kmeans"": 1, ""marc"": 0, ""random"": 0}"
repeat5_0.25,coverage3|default|lcb=0.25|fb=herding|gap=0.05,80,0.7062257572137512,0.6949775317424005,herding,0.7059333595529326,0.00029239766081867735,-0.01634840193180353,"[-2.54,-0.84]",0.9375,0.00034340934227256384,"{""boundary"": 0, ""herding"": 79, ""kcenter"": 0, ""kmeans"": 1, ""marc"": 0, ""random"": 0}"
repeat5_0.25,representative4|herding_first|lcb=0.5|fb=herding|gap=0.05,80,0.7062257572137512,0.6949775317424005,herding,0.7059333595529326,0.00029239766081867735,-0.01634840193180353,"[-2.54,-0.84]",0.975,0.0001735578502666986,"{""boundary"": 0, ""herding"": 79, ""kcenter"": 0, ""kmeans"": 1, ""marc"": 0, ""random"": 0}"
repeat5_0.25,all6|marc_first|lcb=1|fb=herding|gap=0.05,80,0.7062257572137512,0.6949775317424005,herding,0.7059333595529326,0.00029239766081867735,-0.01634840193180353,"[-2.54,-0.84]",0.9625,0.0036774117582820676,"{""boundary"": 0, ""herding"": 79, ""kcenter"": 0, ""kmeans"": 1, ""marc"": 0, ""random"": 0}"
repeat5_0.25,coverage3|herding_first|lcb=0.5|fb=herding|gap=0.05,80,0.7062257572137512,0.6949775317424005,herding,0.7059333595529326,0.00029239766081867735,-0.01634840193180353,"[-2.54,-0.84]",0.9375,0.00032720301861965256,"{""boundary"": 0, ""herding"": 79, ""kcenter"": 0, ""kmeans"": 1, ""marc"": 0, ""random"": 0}"
repeat5_0.25,coverage3|default|lcb=0|fb=herding|gap=0.05,80,0.7062257572137512,0.6949775317424005,herding,0.7059333595529326,0.00029239766081867735,-0.01634840193180353,"[-2.54,-0.84]",0.95,0.00018192844147970136,"{""boundary"": 0, ""herding"": 79, ""kcenter"": 0, ""kmeans"": 1, ""marc"": 0, ""random"": 0}"
repeat5_0.25,representative4|default|lcb=0.5|fb=herding|gap=0.05,80,0.7062257572137512,0.6949775317424005,herding,0.7059333595529326,0.00029239766081867735,-0.01634840193180353,"[-2.54,-0.84]",0.975,0.0001735578502666986,"{""boundary"": 0, ""herding"": 79, ""kcenter"": 0, ""kmeans"": 1, ""marc"": 0, ""random"": 0}"
repeat5_0.25,no_random|marc_first|lcb=0.5|fb=herding|gap=0.05,80,0.7062257572137512,0.6949775317424005,herding,0.7059333595529326,0.00029239766081867735,-0.01634840193180353,"[-2.54,-0.84]",0.975,0.005347755101500373,"{""boundary"": 0, ""herding"": 79, ""kcenter"": 0, ""kmeans"": 1, ""marc"": 0, ""random"": 0}"
repeat5_0.25,centroid3|herding_first|lcb=0.5|fb=herding|gap=0.05,80,0.7062257572137512,0.6949775317424005,herding,0.7059333595529326,0.00029239766081867735,-0.01634840193180353,"[-2.54,-0.84]",0.975,0.00011262183166000153,"{""boundary"": 0, ""herding"": 79, ""kcenter"": 0, ""kmeans"": 1, ""marc"": 0, ""random"": 0}"
repeat5_0.25,centroid3|default|lcb=1|fb=herding|gap=0.05,80,0.7062257572137512,0.6949775317424005,herding,0.7059333595529326,0.00029239766081867735,-0.01634840193180353,"[-2.54,-0.84]",0.9625,5.199400772134752e-05,"{""boundary"": 0, ""herding"": 79, ""kcenter"": 0, ""kmeans"": 1, ""marc"": 0, ""random"": 0}"
repeat5_0.25,coverage3|herding_first|lcb=0|fb=herding|gap=0.05,80,0.7062257572137512,0.6949775317424005,herding,0.7059333595529326,0.00029239766081867735,-0.01634840193180353,"[-2.54,-0.84]",0.95,0.00018192844147970136,"{""boundary"": 0, ""herding"": 79, ""kcenter"": 0, ""kmeans"": 1, ""marc"": 0, ""random"": 0}"
repeat5_0.25,no_random|kmeans_first|lcb=1|fb=herding|gap=0.05,80,0.7062257572137512,0.6949775317424005,herding,0.7059333595529326,0.00029239766081867735,-0.01634840193180353,"[-2.54,-0.84]",0.9625,0.00687146966882074,"{""boundary"": 0, ""herding"": 79, ""kcenter"": 0, ""kmeans"": 1, ""marc"": 0, ""random"": 0}"
repeat5_0.25,coverage3|default|lcb=0.5|fb=herding|gap=0.05,80,0.7062257572137512,0.6949775317424005,herding,0.7059333595529326,0.00029239766081867735,-0.01634840193180353,"[-2.54,-0.84]",0.9375,0.00032720301861965256,"{""boundary"": 0, ""herding"": 79, ""kcenter"": 0, ""kmeans"": 1, ""marc"": 0, ""random"": 0}"
repeat5_0.25,representative4|default|lcb=1|fb=herding|gap=0.05,80,0.7062257572137512,0.6949775317424005,herding,0.7059333595529326,0.00029239766081867735,-0.01634840193180353,"[-2.54,-0.84]",0.9625,0.0001679704602696036,"{""boundary"": 0, ""herding"": 79, ""kcenter"": 0, ""kmeans"": 1, ""marc"": 0, ""random"": 0}"
repeat5_0.25,all6|default|lcb=1|fb=herding|gap=0.05,80,0.7062257572137512,0.6949775317424005,herding,0.7059333595529326,0.00029239766081867735,-0.01634840193180353,"[-2.54,-0.84]",0.9625,0.0036774117582820676,"{""boundary"": 0, ""herding"": 79, ""kcenter"": 0, ""kmeans"": 1, ""marc"": 0, ""random"": 0}"
repeat5_0.25,no_random|kmeans_first|lcb=0.5|fb=herding|gap=0.05,80,0.7062257572137512,0.6949775317424005,herding,0.7059333595529326,0.00029239766081867735,-0.01634840193180353,"[-2.54,-0.84]",0.975,0.005347755101500373,"{""boundary"": 0, ""herding"": 79, ""kcenter"": 0, ""kmeans"": 1, ""marc"": 0, ""random"": 0}"
repeat5_0.25,no_random|herding_first|lcb=1|fb=herding|gap=0.05,80,0.7062257572137512,0.6949775317424005,herding,0.7059333595529326,0.00029239766081867735,-0.01634840193180353,"[-2.54,-0.84]",0.9625,0.00687146966882074,"{""boundary"": 0, ""herding"": 79, ""kcenter"": 0, ""kmeans"": 1, ""marc"": 0, ""random"": 0}"
repeat5_0.25,centroid3|marc_first|lcb=0.5|fb=herding|gap=0.05,80,0.7062257572137512,0.6949775317424005,herding,0.7059333595529326,0.00029239766081867735,-0.01634840193180353,"[-2.54,-0.84]",0.975,0.00011262183166000153,"{""boundary"": 0, ""herding"": 79, ""kcenter"": 0, ""kmeans"": 1, ""marc"": 0, ""random"": 0}"
repeat5_0.25,coverage3|marc_first|lcb=0|fb=herding|gap=0.05,80,0.7062257572137512,0.6949775317424005,herding,0.7059333595529326,0.00029239766081867735,-0.01634840193180353,"[-2.54,-0.84]",0.95,0.00018192844147970136,"{""boundary"": 0, ""herding"": 79, ""kcenter"": 0, ""kmeans"": 1, ""marc"": 0, ""random"": 0}"
repeat5_0.25,representative4|kmeans_first|lcb=1|fb=herding|gap=0.05,80,0.7062257572137512,0.6949775317424005,herding,0.7059333595529326,0.00029239766081867735,-0.01634840193180353,"[-2.54,-0.84]",0.9625,0.0001679704602696036,"{""boundary"": 0, ""herding"": 79, ""kcenter"": 0, ""kmeans"": 1, ""marc"": 0, ""random"": 0}"
repeat5_0.25,no_random|default|lcb=0.5|fb=herding|gap=0.05,80,0.7062257572137512,0.6949775317424005,herding,0.7059333595529326,0.00029239766081867735,-0.01634840193180353,"[-2.54,-0.84]",0.975,0.005347755101500373,"{""boundary"": 0, ""herding"": 79, ""kcenter"": 0, ""kmeans"": 1, ""marc"": 0, ""random"": 0}"
repeat5_0.25,representative4|kmeans_first|lcb=0.5|fb=herding|gap=0.05,80,0.7062257572137512,0.6949775317424005,herding,0.7059333595529326,0.00029239766081867735,-0.01634840193180353,"[-2.54,-0.84]",0.975,0.0001735578502666986,"{""boundary"": 0, ""herding"": 79, ""kcenter"": 0, ""kmeans"": 1, ""marc"": 0, ""random"": 0}"
repeat5_0.25,all6|kmeans_first|lcb=1|fb=herding|gap=0.05,80,0.7062257572137512,0.6949775317424005,herding,0.7059333595529326,0.00029239766081867735,-0.01634840193180353,"[-2.54,-0.84]",0.9625,0.0036774117582820676,"{""boundary"": 0, ""herding"": 79, ""kcenter"": 0, ""kmeans"": 1, ""marc"": 0, ""random"": 0}"
repeat5_0.25,coverage3|marc_first|lcb=0.25|fb=herding|gap=0.05,80,0.7062257572137512,0.6949775317424005,herding,0.7059333595529326,0.00029239766081867735,-0.01634840193180353,"[-2.54,-0.84]",0.9375,0.00034340934227256384,"{""boundary"": 0, ""herding"": 79, ""kcenter"": 0, ""kmeans"": 1, ""marc"": 0, ""random"": 0}"
repeat5_0.25,coverage3|marc_first|lcb=0.5|fb=herding|gap=0.05,80,0.7062257572137512,0.6949775317424005,herding,0.7059333595529326,0.00029239766081867735,-0.01634840193180353,"[-2.54,-0.84]",0.9375,0.00032720301861965256,"{""boundary"": 0, ""herding"": 79, ""kcenter"": 0, ""kmeans"": 1, ""marc"": 0, ""random"": 0}"
repeat5_0.25,centroid3|kmeans_first|lcb=0.5|fb=herding|gap=0.05,80,0.7062257572137512,0.6949775317424005,herding,0.7059333595529326,0.00029239766081867735,-0.01634840193180353,"[-2.54,-0.84]",0.975,0.00011262183166000153,"{""boundary"": 0, ""herding"": 79, ""kcenter"": 0, ""kmeans"": 1, ""marc"": 0, ""random"": 0}"
repeat5_0.25,centroid3|kmeans_first|lcb=1|fb=herding|gap=0.05,80,0.7062257572137512,0.6949775317424005,herding,0.7059333595529326,0.00029239766081867735,-0.01634840193180353,"[-2.54,-0.84]",0.9625,5.199400772134752e-05,"{""boundary"": 0, ""herding"": 79, ""kcenter"": 0, ""kmeans"": 1, ""marc"": 0, ""random"": 0}"
repeat5_0.25,representative4|marc_first|lcb=0.5|fb=herding|gap=0.05,80,0.7062257572137512,0.6949775317424005,herding,0.7059333595529326,0.00029239766081867735,-0.01634840193180353,"[-2.54,-0.84]",0.975,0.0001735578502666986,"{""boundary"": 0, ""herding"": 79, ""kcenter"": 0, ""kmeans"": 1, ""marc"": 0, ""random"": 0}"
repeat5_0.25,centroid3|marc_first|lcb=1|fb=herding|gap=0.05,80,0.7062257572137512,0.6949775317424005,herding,0.7059333595529326,0.00029239766081867735,-0.01634840193180353,"[-2.54,-0.84]",0.9625,5.199400772134752e-05,"{""boundary"": 0, ""herding"": 79, ""kcenter"": 0, ""kmeans"": 1, ""marc"": 0, ""random"": 0}"
repeat5_0.25,representative4|marc_first|lcb=1|fb=herding|gap=0.05,80,0.7062257572137512,0.6949775317424005,herding,0.7059333595529326,0.00029239766081867735,-0.01634840193180353,"[-2.54,-0.84]",0.9625,0.0001679704602696036,"{""boundary"": 0, ""herding"": 79, ""kcenter"": 0, ""kmeans"": 1, ""marc"": 0, ""random"": 0}"
repeat5_0.25,all6|herding_first|lcb=1|fb=herding|gap=0.05,80,0.7062257572137512,0.6949775317424005,herding,0.7059333595529326,0.00029239766081867735,-0.01634840193180353,"[-2.54,-0.84]",0.9625,0.0036774117582820676,"{""boundary"": 0, ""herding"": 79, ""kcenter"": 0, ""kmeans"": 1, ""marc"": 0, ""random"": 0}"
repeat5_0.25,coverage3|kmeans_first|lcb=0|fb=herding|gap=0.05,80,0.7062257572137512,0.6949775317424005,herding,0.7059333595529326,0.00029239766081867735,-0.01634840193180353,"[-2.54,-0.84]",0.95,0.00018192844147970136,"{""boundary"": 0, ""herding"": 79, ""kcenter"": 0, ""kmeans"": 1, ""marc"": 0, ""random"": 0}"
repeat5_0.25,no_random|default|lcb=1|fb=herding|gap=0.05,80,0.7062257572137512,0.6949775317424005,herding,0.7059333595529326,0.00029239766081867735,-0.01634840193180353,"[-2.54,-0.84]",0.9625,0.00687146966882074,"{""boundary"": 0, ""herding"": 79, ""kcenter"": 0, ""kmeans"": 1, ""marc"": 0, ""random"": 0}"
repeat5_0.25,centroid3|herding_first|lcb=1|fb=herding|gap=0.05,80,0.7062257572137512,0.6949775317424005,herding,0.7059333595529326,0.00029239766081867735,-0.01634840193180353,"[-2.54,-0.84]",0.9625,5.199400772134752e-05,"{""boundary"": 0, ""herding"": 79, ""kcenter"": 0, ""kmeans"": 1, ""marc"": 0, ""random"": 0}"
repeat5_0.25,no_random|herding_first|lcb=0.5|fb=herding|gap=0.05,80,0.7062257572137512,0.6949775317424005,herding,0.7059333595529326,0.00029239766081867735,-0.01634840193180353,"[-2.54,-0.84]",0.975,0.005347755101500373,"{""boundary"": 0, ""herding"": 79, ""kcenter"": 0, ""kmeans"": 1, ""marc"": 0, ""random"": 0}"
repeat5_0.25,centroid3|herding_first|lcb=1|fb=herding|gap=0.02,80,0.7061818975646283,0.6948895816085242,herding,0.7059333595529326,0.00024853801169577583,-0.01639226158092634,"[-2.56,-0.84]",0.8625,5.199400772134752e-05,"{""boundary"": 0, ""herding"": 75, ""kcenter"": 0, ""kmeans"": 5, ""marc"": 0, ""random"": 0}"
repeat5_0.25,centroid3|kmeans_first|lcb=1|fb=herding|gap=0.02,80,0.7061818975646283,0.6948895816085242,herding,0.7059333595529326,0.00024853801169577583,-0.01639226158092634,"[-2.56,-0.84]",0.8625,5.199400772134752e-05,"{""boundary"": 0, ""herding"": 75, ""kcenter"": 0, ""kmeans"": 5, ""marc"": 0, ""random"": 0}"
repeat5_0.25,representative4|default|lcb=1|fb=herding|gap=0.02,80,0.7061818975646283,0.6948895816085242,herding,0.7059333595529326,0.00024853801169577583,-0.01639226158092634,"[-2.56,-0.84]",0.8625,0.0001679704602696036,"{""boundary"": 0, ""herding"": 75, ""kcenter"": 0, ""kmeans"": 5, ""marc"": 0, ""random"": 0}"
repeat5_0.25,centroid3|default|lcb=1|fb=herding|gap=0.02,80,0.7061818975646283,0.6948895816085242,herding,0.7059333595529326,0.00024853801169577583,-0.01639226158092634,"[-2.56,-0.84]",0.8625,5.199400772134752e-05,"{""boundary"": 0, ""herding"": 75, ""kcenter"": 0, ""kmeans"": 5, ""marc"": 0, ""random"": 0}"
repeat5_0.25,representative4|herding_first|lcb=1|fb=herding|gap=0.02,80,0.7061818975646283,0.6948895816085242,herding,0.7059333595529326,0.00024853801169577583,-0.01639226158092634,"[-2.56,-0.84]",0.8625,0.0001679704602696036,"{""boundary"": 0, ""herding"": 75, ""kcenter"": 0, ""kmeans"": 5, ""marc"": 0, ""random"": 0}"
repeat5_0.25,representative4|marc_first|lcb=1|fb=herding|gap=0.02,80,0.7061818975646283,0.6948895816085242,herding,0.7059333595529326,0.00024853801169577583,-0.01639226158092634,"[-2.56,-0.84]",0.8625,0.0001679704602696036,"{""boundary"": 0, ""herding"": 75, ""kcenter"": 0, ""kmeans"": 5, ""marc"": 0, ""random"": 0}"
repeat5_0.25,representative4|kmeans_first|lcb=1|fb=herding|gap=0.02,80,0.7061818975646283,0.6948895816085242,herding,0.7059333595529326,0.00024853801169577583,-0.01639226158092634,"[-2.56,-0.84]",0.8625,0.0001679704602696036,"{""boundary"": 0, ""herding"": 75, ""kcenter"": 0, ""kmeans"": 5, ""marc"": 0, ""random"": 0}"
repeat5_0.25,centroid3|marc_first|lcb=1|fb=herding|gap=0.02,80,0.7061818975646283,0.6948895816085242,herding,0.7059333595529326,0.00024853801169577583,-0.01639226158092634,"[-2.56,-0.84]",0.8625,5.199400772134752e-05,"{""boundary"": 0, ""herding"": 75, ""kcenter"": 0, ""kmeans"": 5, ""marc"": 0, ""random"": 0}"
repeat5_0.25,coverage3|default|lcb=1|fb=herding|gap=0.01,80,0.7061794609174549,0.6948567472520425,herding,0.7059333595529326,0.0002461013645222998,-0.016394698228099823,"[-2.56,-0.83]",0.7,0.00021874827813180356,"{""boundary"": 0, ""herding"": 65, ""kcenter"": 0, ""kmeans"": 15, ""marc"": 0, ""random"": 0}"
repeat5_0.25,coverage3|herding_first|lcb=1|fb=herding|gap=0.01,80,0.7061794609174549,0.6948567472520425,herding,0.7059333595529326,0.0002461013645222998,-0.016394698228099823,"[-2.56,-0.83]",0.7,0.00021874827813180356,"{""boundary"": 0, ""herding"": 65, ""kcenter"": 0, ""kmeans"": 15, ""marc"": 0, ""random"": 0}"
repeat5_0.25,coverage3|kmeans_first|lcb=1|fb=herding|gap=0.01,80,0.7061794609174549,0.6948567472520425,herding,0.7059333595529326,0.0002461013645222998,-0.016394698228099823,"[-2.56,-0.83]",0.7,0.00021874827813180356,"{""boundary"": 0, ""herding"": 65, ""kcenter"": 0, ""kmeans"": 15, ""marc"": 0, ""random"": 0}"
repeat5_0.25,coverage3|marc_first|lcb=1|fb=herding|gap=0.01,80,0.7061794609174549,0.6948567472520425,herding,0.7059333595529326,0.0002461013645222998,-0.016394698228099823,"[-2.56,-0.83]",0.7,0.00021874827813180356,"{""boundary"": 0, ""herding"": 65, ""kcenter"": 0, ""kmeans"": 15, ""marc"": 0, ""random"": 0}"
repeat5_0.25,coverage3|kmeans_first|lcb=1|fb=herding|gap=0.005,80,0.7061477845041996,0.6949029609261282,herding,0.7059333595529326,0.00021442495126700045,-0.016426374641355188,"[-2.57,-0.83]",0.625,0.00021874827813180356,"{""boundary"": 0, ""herding"": 61, ""kcenter"": 0, ""kmeans"": 19, ""marc"": 0, ""random"": 0}"
repeat5_0.25,coverage3|marc_first|lcb=1|fb=herding|gap=0.005,80,0.7061477845041996,0.6949029609261282,herding,0.7059333595529326,0.00021442495126700045,-0.016426374641355188,"[-2.57,-0.83]",0.625,0.00021874827813180356,"{""boundary"": 0, ""herding"": 61, ""kcenter"": 0, ""kmeans"": 19, ""marc"": 0, ""random"": 0}"
repeat5_0.25,coverage3|herding_first|lcb=1|fb=herding|gap=0.005,80,0.7061477845041996,0.6949029609261282,herding,0.7059333595529326,0.00021442495126700045,-0.016426374641355188,"[-2.57,-0.83]",0.625,0.00021874827813180356,"{""boundary"": 0, ""herding"": 61, ""kcenter"": 0, ""kmeans"": 19, ""marc"": 0, ""random"": 0}"
repeat5_0.25,coverage3|default|lcb=1|fb=herding|gap=0.005,80,0.7061477845041996,0.6949029609261282,herding,0.7059333595529326,0.00021442495126700045,-0.016426374641355188,"[-2.57,-0.83]",0.625,0.00021874827813180356,"{""boundary"": 0, ""herding"": 61, ""kcenter"": 0, ""kmeans"": 19, ""marc"": 0, ""random"": 0}"
repeat5_0.25,coverage3|default|lcb=1|fb=herding|gap=0,80,0.7061455736800044,0.6951461417350275,herding,0.7059333595529326,0.0002122141270718414,-0.016428585465550448,"[-2.57,-0.84]",0.4375,0.00021874827813180356,"{""boundary"": 0, ""herding"": 56, ""kcenter"": 5, ""kmeans"": 19, ""marc"": 0, ""random"": 0}"
repeat5_0.25,coverage3|herding_first|lcb=1|fb=none|gap=0,80,0.7061455736800044,0.6951461417350275,herding,0.7059333595529326,0.0002122141270718414,-0.016428585465550448,"[-2.57,-0.84]",0.0,0.00021874827813180356,"{""boundary"": 0, ""herding"": 55, ""kcenter"": 5, ""kmeans"": 20, ""marc"": 0, ""random"": 0}"
repeat5_0.25,coverage3|kmeans_first|lcb=1|fb=herding|gap=0,80,0.7061455736800044,0.6951461417350275,herding,0.7059333595529326,0.0002122141270718414,-0.016428585465550448,"[-2.57,-0.84]",0.4375,0.00021874827813180356,"{""boundary"": 0, ""herding"": 56, ""kcenter"": 5, ""kmeans"": 19, ""marc"": 0, ""random"": 0}"
repeat5_0.25,coverage3|herding_first|lcb=1|fb=herding|gap=0,80,0.7061455736800044,0.6951461417350275,herding,0.7059333595529326,0.0002122141270718414,-0.016428585465550448,"[-2.57,-0.84]",0.4375,0.00021874827813180356,"{""boundary"": 0, ""herding"": 56, ""kcenter"": 5, ""kmeans"": 19, ""marc"": 0, ""random"": 0}"
repeat5_0.25,coverage3|marc_first|lcb=1|fb=herding|gap=0,80,0.7061455736800044,0.6951461417350275,herding,0.7059333595529326,0.0002122141270718414,-0.016428585465550448,"[-2.57,-0.84]",0.4375,0.00021874827813180356,"{""boundary"": 0, ""herding"": 56, ""kcenter"": 5, ""kmeans"": 19, ""marc"": 0, ""random"": 0}"
repeat5_0.25,coverage3|default|lcb=1|fb=none|gap=0,80,0.7061455736800044,0.6951461417350275,herding,0.7059333595529326,0.0002122141270718414,-0.016428585465550448,"[-2.57,-0.84]",0.0,0.00021874827813180356,"{""boundary"": 0, ""herding"": 55, ""kcenter"": 6, ""kmeans"": 19, ""marc"": 0, ""random"": 0}"
repeat5_0.25,coverage3|marc_first|lcb=1|fb=none|gap=0,80,0.7061411520316139,0.6951457424694276,herding,0.7059333595529326,0.00020779247868130124,-0.016433007113940967,"[-2.57,-0.84]",0.0,0.00021874827813180356,"{""boundary"": 0, ""herding"": 22, ""kcenter"": 5, ""kmeans"": 53, ""marc"": 0, ""random"": 0}"
repeat5_0.25,coverage3|kmeans_first|lcb=1|fb=none|gap=0,80,0.7061411520316139,0.6951457424694276,herding,0.7059333595529326,0.00020779247868130124,-0.016433007113940967,"[-2.57,-0.84]",0.0,0.00021874827813180356,"{""boundary"": 0, ""herding"": 22, ""kcenter"": 5, ""kmeans"": 53, ""marc"": 0, ""random"": 0}"
repeat5_0.25,representative4|default|lcb=0|fb=herding|gap=0,80,0.7060092580525715,0.6949687794268005,herding,0.7059333595529326,7.589849963896e-05,-0.016564901092983215,"[-2.57,-0.86]",0.5,1.1102230246251565e-16,"{""boundary"": 0, ""herding"": 57, ""kcenter"": 4, ""kmeans"": 14, ""marc"": 5, ""random"": 0}"
repeat5_0.25,representative4|herding_first|lcb=0|fb=herding|gap=0,80,0.7060092580525715,0.6949687794268005,herding,0.7059333595529326,7.589849963896e-05,-0.016564901092983215,"[-2.57,-0.86]",0.5,1.1102230246251565e-16,"{""boundary"": 0, ""herding"": 57, ""kcenter"": 4, ""kmeans"": 14, ""marc"": 5, ""random"": 0}"
repeat5_0.25,representative4|kmeans_first|lcb=0|fb=herding|gap=0,80,0.7060092580525715,0.6949687794268005,herding,0.7059333595529326,7.589849963896e-05,-0.016564901092983215,"[-2.57,-0.86]",0.5,1.1102230246251565e-16,"{""boundary"": 0, ""herding"": 57, ""kcenter"": 4, ""kmeans"": 14, ""marc"": 5, ""random"": 0}"
repeat5_0.25,representative4|marc_first|lcb=0|fb=herding|gap=0,80,0.7060092580525715,0.6949687794268005,herding,0.7059333595529326,7.589849963896e-05,-0.016564901092983215,"[-2.57,-0.86]",0.5,1.1102230246251565e-16,"{""boundary"": 0, ""herding"": 57, ""kcenter"": 4, ""kmeans"": 14, ""marc"": 5, ""random"": 0}"
repeat5_0.25,centroid3|default|lcb=0|fb=herding|gap=0,80,0.7059827281622285,0.6949008629517974,herding,0.7059333595529326,4.936860929594111e-05,-0.016591430983326334,"[-2.57,-0.86]",0.525,0.0,"{""boundary"": 0, ""herding"": 59, ""kcenter"": 0, ""kmeans"": 14, ""marc"": 7, ""random"": 0}"
repeat5_0.25,centroid3|marc_first|lcb=0|fb=herding|gap=0,80,0.7059827281622285,0.6949008629517974,herding,0.7059333595529326,4.936860929594111e-05,-0.016591430983326334,"[-2.57,-0.86]",0.525,0.0,"{""boundary"": 0, ""herding"": 59, ""kcenter"": 0, ""kmeans"": 14, ""marc"": 7, ""random"": 0}"
repeat5_0.25,centroid3|herding_first|lcb=0|fb=herding|gap=0,80,0.7059827281622285,0.6949008629517974,herding,0.7059333595529326,4.936860929594111e-05,-0.016591430983326334,"[-2.57,-0.86]",0.525,0.0,"{""boundary"": 0, ""herding"": 59, ""kcenter"": 0, ""kmeans"": 14, ""marc"": 7, ""random"": 0}"
repeat5_0.25,centroid3|kmeans_first|lcb=0|fb=herding|gap=0,80,0.7059827281622285,0.6949008629517974,herding,0.7059333595529326,4.936860929594111e-05,-0.016591430983326334,"[-2.57,-0.86]",0.525,0.0,"{""boundary"": 0, ""herding"": 59, ""kcenter"": 0, ""kmeans"": 14, ""marc"": 7, ""random"": 0}"
repeat5_0.25,representative4|kmeans_first|lcb=0|fb=herding|gap=0.005,80,0.7059528527303205,0.6945043019732375,herding,0.7059333595529326,1.9493177387919225e-05,-0.01662130641523433,"[-2.57,-0.86]",0.7625,1.1102230246251565e-16,"{""boundary"": 0, ""herding"": 69, ""kcenter"": 0, ""kmeans"": 10, ""marc"": 1, ""random"": 0}"
repeat5_0.25,centroid3|default|lcb=0|fb=herding|gap=0.005,80,0.7059528527303205,0.6945043019732375,herding,0.7059333595529326,1.9493177387919225e-05,-0.01662130641523433,"[-2.57,-0.86]",0.7625,0.0,"{""boundary"": 0, ""herding"": 69, ""kcenter"": 0, ""kmeans"": 10, ""marc"": 1, ""random"": 0}"
repeat5_0.25,representative4|default|lcb=0|fb=herding|gap=0.005,80,0.7059528527303205,0.6945043019732375,herding,0.7059333595529326,1.9493177387919225e-05,-0.01662130641523433,"[-2.57,-0.86]",0.7625,1.1102230246251565e-16,"{""boundary"": 0, ""herding"": 69, ""kcenter"": 0, ""kmeans"": 10, ""marc"": 1, ""random"": 0}"
repeat5_0.25,centroid3|marc_first|lcb=0|fb=herding|gap=0.005,80,0.7059528527303205,0.6945043019732375,herding,0.7059333595529326,1.9493177387919225e-05,-0.01662130641523433,"[-2.57,-0.86]",0.7625,0.0,"{""boundary"": 0, ""herding"": 69, ""kcenter"": 0, ""kmeans"": 10, ""marc"": 1, ""random"": 0}"
repeat5_0.25,centroid3|herding_first|lcb=0|fb=herding|gap=0.005,80,0.7059528527303205,0.6945043019732375,herding,0.7059333595529326,1.9493177387919225e-05,-0.01662130641523433,"[-2.57,-0.86]",0.7625,0.0,"{""boundary"": 0, ""herding"": 69, ""kcenter"": 0, ""kmeans"": 10, ""marc"": 1, ""random"": 0}"
repeat5_0.25,centroid3|kmeans_first|lcb=0|fb=herding|gap=0.005,80,0.7059528527303205,0.6945043019732375,herding,0.7059333595529326,1.9493177387919225e-05,-0.01662130641523433,"[-2.57,-0.86]",0.7625,0.0,"{""boundary"": 0, ""herding"": 69, ""kcenter"": 0, ""kmeans"": 10, ""marc"": 1, ""random"": 0}"
repeat5_0.25,representative4|herding_first|lcb=0|fb=herding|gap=0.005,80,0.7059528527303205,0.6945043019732375,herding,0.7059333595529326,1.9493177387919225e-05,-0.01662130641523433,"[-2.57,-0.86]",0.7625,1.1102230246251565e-16,"{""boundary"": 0, ""herding"": 69, ""kcenter"": 0, ""kmeans"": 10, ""marc"": 1, ""random"": 0}"
repeat5_0.25,representative4|marc_first|lcb=0|fb=herding|gap=0.005,80,0.7059528527303205,0.6945043019732375,herding,0.7059333595529326,1.9493177387919225e-05,-0.01662130641523433,"[-2.57,-0.86]",0.7625,1.1102230246251565e-16,"{""boundary"": 0, ""herding"": 69, ""kcenter"": 0, ""kmeans"": 10, ""marc"": 1, ""random"": 0}"
repeat5_0.25,representative4|kmeans_first|lcb=0|fb=herding|gap=0.05,80,0.7059333595529326,0.6946654647941779,herding,0.7059333595529326,0.0,-0.01664079959262224,"[-2.57,-0.87]",1.0,1.1102230246251565e-16,"{""boundary"": 0, ""herding"": 80, ""kcenter"": 0, ""kmeans"": 0, ""marc"": 0, ""random"": 0}"
repeat5_0.25,representative4|herding_first|lcb=0.25|fb=herding|gap=0.05,80,0.7059333595529326,0.6946654647941779,herding,0.7059333595529326,0.0,-0.01664079959262224,"[-2.57,-0.87]",0.9875,0.00022322525624312445,"{""boundary"": 0, ""herding"": 80, ""kcenter"": 0, ""kmeans"": 0, ""marc"": 0, ""random"": 0}"
repeat5_0.25,representative4|marc_first|lcb=0|fb=herding|gap=0.05,80,0.7059333595529326,0.6946654647941779,herding,0.7059333595529326,0.0,-0.01664079959262224,"[-2.57,-0.87]",1.0,1.1102230246251565e-16,"{""boundary"": 0, ""herding"": 80, ""kcenter"": 0, ""kmeans"": 0, ""marc"": 0, ""random"": 0}"
repeat5_0.25,representative4|marc_first|lcb=0.25|fb=herding|gap=0.05,80,0.7059333595529326,0.6946654647941779,herding,0.7059333595529326,0.0,-0.01664079959262224,"[-2.57,-0.87]",0.9875,0.00022322525624312445,"{""boundary"": 0, ""herding"": 80, ""kcenter"": 0, ""kmeans"": 0, ""marc"": 0, ""random"": 0}"
repeat5_0.25,representative4|default|lcb=0.25|fb=herding|gap=0.05,80,0.7059333595529326,0.6946654647941779,herding,0.7059333595529326,0.0,-0.01664079959262224,"[-2.57,-0.87]",0.9875,0.00022322525624312445,"{""boundary"": 0, ""herding"": 80, ""kcenter"": 0, ""kmeans"": 0, ""marc"": 0, ""random"": 0}"
repeat5_0.25,representative4|default|lcb=0|fb=herding|gap=0.05,80,0.7059333595529326,0.6946654647941779,herding,0.7059333595529326,0.0,-0.01664079959262224,"[-2.57,-0.87]",1.0,1.1102230246251565e-16,"{""boundary"": 0, ""herding"": 80, ""kcenter"": 0, ""kmeans"": 0, ""marc"": 0, ""random"": 0}"
repeat5_0.25,representative4|kmeans_first|lcb=0.25|fb=herding|gap=0.05,80,0.7059333595529326,0.6946654647941779,herding,0.7059333595529326,0.0,-0.01664079959262224,"[-2.57,-0.87]",0.9875,0.00022322525624312445,"{""boundary"": 0, ""herding"": 80, ""kcenter"": 0, ""kmeans"": 0, ""marc"": 0, ""random"": 0}"
repeat5_0.25,representative4|herding_first|lcb=0|fb=herding|gap=0.05,80,0.7059333595529326,0.6946654647941779,herding,0.7059333595529326,0.0,-0.01664079959262224,"[-2.57,-0.87]",1.0,1.1102230246251565e-16,"{""boundary"": 0, ""herding"": 80, ""kcenter"": 0, ""kmeans"": 0, ""marc"": 0, ""random"": 0}"
repeat5_0.25,centroid3|default|lcb=0.25|fb=herding|gap=0.05,80,0.7059333595529326,0.6946654647941779,herding,0.7059333595529326,0.0,-0.01664079959262224,"[-2.57,-0.87]",0.9875,0.00014727513656985491,"{""boundary"": 0, ""herding"": 80, ""kcenter"": 0, ""kmeans"": 0, ""marc"": 0, ""random"": 0}"
repeat5_0.25,centroid3|marc_first|lcb=0.25|fb=herding|gap=0.05,80,0.7059333595529326,0.6946654647941779,herding,0.7059333595529326,0.0,-0.01664079959262224,"[-2.57,-0.87]",0.9875,0.00014727513656985491,"{""boundary"": 0, ""herding"": 80, ""kcenter"": 0, ""kmeans"": 0, ""marc"": 0, ""random"": 0}"
repeat5_0.25,no_random|default|lcb=0.25|fb=herding|gap=0.05,80,0.7059333595529326,0.6946654647941779,herding,0.7059333595529326,0.0,-0.01664079959262224,"[-2.57,-0.87]",0.9875,0.004612211204875871,"{""boundary"": 0, ""herding"": 80, ""kcenter"": 0, ""kmeans"": 0, ""marc"": 0, ""random"": 0}"
repeat5_0.25,centroid3|herding_first|lcb=0.25|fb=herding|gap=0.05,80,0.7059333595529326,0.6946654647941779,herding,0.7059333595529326,0.0,-0.01664079959262224,"[-2.57,-0.87]",0.9875,0.00014727513656985491,"{""boundary"": 0, ""herding"": 80, ""kcenter"": 0, ""kmeans"": 0, ""marc"": 0, ""random"": 0}"
repeat5_0.25,no_random|herding_first|lcb=0.25|fb=herding|gap=0.05,80,0.7059333595529326,0.6946654647941779,herding,0.7059333595529326,0.0,-0.01664079959262224,"[-2.57,-0.87]",0.9875,0.004612211204875871,"{""boundary"": 0, ""herding"": 80, ""kcenter"": 0, ""kmeans"": 0, ""marc"": 0, ""random"": 0}"
repeat5_0.25,no_random|kmeans_first|lcb=0|fb=herding|gap=0.05,80,0.7059333595529326,0.6946654647941779,herding,0.7059333595529326,0.0,-0.01664079959262224,"[-2.57,-0.87]",1.0,0.0019523809523809832,"{""boundary"": 0, ""herding"": 80, ""kcenter"": 0, ""kmeans"": 0, ""marc"": 0, ""random"": 0}"
repeat5_0.25,no_random|default|lcb=0|fb=herding|gap=0.05,80,0.7059333595529326,0.6946654647941779,herding,0.7059333595529326,0.0,-0.01664079959262224,"[-2.57,-0.87]",1.0,0.0019523809523809832,"{""boundary"": 0, ""herding"": 80, ""kcenter"": 0, ""kmeans"": 0, ""marc"": 0, ""random"": 0}"
repeat5_0.25,centroid3|herding_first|lcb=0|fb=herding|gap=0.05,80,0.7059333595529326,0.6946654647941779,herding,0.7059333595529326,0.0,-0.01664079959262224,"[-2.57,-0.87]",1.0,0.0,"{""boundary"": 0, ""herding"": 80, ""kcenter"": 0, ""kmeans"": 0, ""marc"": 0, ""random"": 0}"
repeat5_0.25,centroid3|kmeans_first|lcb=0|fb=herding|gap=0.05,80,0.7059333595529326,0.6946654647941779,herding,0.7059333595529326,0.0,-0.01664079959262224,"[-2.57,-0.87]",1.0,0.0,"{""boundary"": 0, ""herding"": 80, ""kcenter"": 0, ""kmeans"": 0, ""marc"": 0, ""random"": 0}"
repeat5_0.25,centroid3|default|lcb=0|fb=herding|gap=0.05,80,0.7059333595529326,0.6946654647941779,herding,0.7059333595529326,0.0,-0.01664079959262224,"[-2.57,-0.87]",1.0,0.0,"{""boundary"": 0, ""herding"": 80, ""kcenter"": 0, ""kmeans"": 0, ""marc"": 0, ""random"": 0}"
repeat5_0.25,no_random|marc_first|lcb=0|fb=herding|gap=0.05,80,0.7059333595529326,0.6946654647941779,herding,0.7059333595529326,0.0,-0.01664079959262224,"[-2.57,-0.87]",1.0,0.0019523809523809832,"{""boundary"": 0, ""herding"": 80, ""kcenter"": 0, ""kmeans"": 0, ""marc"": 0, ""random"": 0}"
repeat5_0.25,centroid3|marc_first|lcb=0|fb=herding|gap=0.05,80,0.7059333595529326,0.6946654647941779,herding,0.7059333595529326,0.0,-0.01664079959262224,"[-2.57,-0.87]",1.0,0.0,"{""boundary"": 0, ""herding"": 80, ""kcenter"": 0, ""kmeans"": 0, ""marc"": 0, ""random"": 0}"
repeat5_0.25,no_random|marc_first|lcb=0.25|fb=herding|gap=0.05,80,0.7059333595529326,0.6946654647941779,herding,0.7059333595529326,0.0,-0.01664079959262224,"[-2.57,-0.87]",0.9875,0.004612211204875871,"{""boundary"": 0, ""herding"": 80, ""kcenter"": 0, ""kmeans"": 0, ""marc"": 0, ""random"": 0}"
repeat5_0.25,no_random|kmeans_first|lcb=0.25|fb=herding|gap=0.05,80,0.7059333595529326,0.6946654647941779,herding,0.7059333595529326,0.0,-0.01664079959262224,"[-2.57,-0.87]",0.9875,0.004612211204875871,"{""boundary"": 0, ""herding"": 80, ""kcenter"": 0, ""kmeans"": 0, ""marc"": 0, ""random"": 0}"
repeat5_0.25,centroid3|kmeans_first|lcb=0.25|fb=herding|gap=0.05,80,0.7059333595529326,0.6946654647941779,herding,0.7059333595529326,0.0,-0.01664079959262224,"[-2.57,-0.87]",0.9875,0.00014727513656985491,"{""boundary"": 0, ""herding"": 80, ""kcenter"": 0, ""kmeans"": 0, ""marc"": 0, ""random"": 0}"
repeat5_0.25,no_random|herding_first|lcb=0|fb=herding|gap=0.05,80,0.7059333595529326,0.6946654647941779,herding,0.7059333595529326,0.0,-0.01664079959262224,"[-2.57,-0.87]",1.0,0.0019523809523809832,"{""boundary"": 0, ""herding"": 80, ""kcenter"": 0, ""kmeans"": 0, ""marc"": 0, ""random"": 0}"
repeat5_0.25,centroid3|herding_first|lcb=0|fb=kmeans|gap=0.005,80,0.7058692288438346,0.6946712850119985,herding,0.7059333595529326,-6.41307090979426e-05,-0.016704930301720183,"[-2.61,-0.84]",0.7625,0.0,"{""boundary"": 0, ""herding"": 8, ""kcenter"": 0, ""kmeans"": 71, ""marc"": 1, ""random"": 0}"
repeat5_0.25,representative4|marc_first|lcb=0|fb=kmeans|gap=0.005,80,0.7058692288438346,0.6946712850119985,herding,0.7059333595529326,-6.41307090979426e-05,-0.016704930301720183,"[-2.61,-0.84]",0.7625,1.1102230246251565e-16,"{""boundary"": 0, ""herding"": 8, ""kcenter"": 0, ""kmeans"": 71, ""marc"": 1, ""random"": 0}"
repeat5_0.25,representative4|herding_first|lcb=0|fb=kmeans|gap=0.005,80,0.7058692288438346,0.6946712850119985,herding,0.7059333595529326,-6.41307090979426e-05,-0.016704930301720183,"[-2.61,-0.84]",0.7625,1.1102230246251565e-16,"{""boundary"": 0, ""herding"": 8, ""kcenter"": 0, ""kmeans"": 71, ""marc"": 1, ""random"": 0}"
repeat5_0.25,centroid3|kmeans_first|lcb=0|fb=kmeans|gap=0.005,80,0.7058692288438346,0.6946712850119985,herding,0.7059333595529326,-6.41307090979426e-05,-0.016704930301720183,"[-2.61,-0.84]",0.7625,0.0,"{""boundary"": 0, ""herding"": 8, ""kcenter"": 0, ""kmeans"": 71, ""marc"": 1, ""random"": 0}"
repeat5_0.25,representative4|default|lcb=0|fb=kmeans|gap=0.005,80,0.7058692288438346,0.6946712850119985,herding,0.7059333595529326,-6.41307090979426e-05,-0.016704930301720183,"[-2.61,-0.84]",0.7625,1.1102230246251565e-16,"{""boundary"": 0, ""herding"": 8, ""kcenter"": 0, ""kmeans"": 71, ""marc"": 1, ""random"": 0}"
repeat5_0.25,representative4|kmeans_first|lcb=0|fb=kmeans|gap=0.005,80,0.7058692288438346,0.6946712850119985,herding,0.7059333595529326,-6.41307090979426e-05,-0.016704930301720183,"[-2.61,-0.84]",0.7625,1.1102230246251565e-16,"{""boundary"": 0, ""herding"": 8, ""kcenter"": 0, ""kmeans"": 71, ""marc"": 1, ""random"": 0}"
repeat5_0.25,centroid3|default|lcb=0|fb=kmeans|gap=0.005,80,0.7058692288438346,0.6946712850119985,herding,0.7059333595529326,-6.41307090979426e-05,-0.016704930301720183,"[-2.61,-0.84]",0.7625,0.0,"{""boundary"": 0, ""herding"": 8, ""kcenter"": 0, ""kmeans"": 71, ""marc"": 1, ""random"": 0}"
repeat5_0.25,centroid3|marc_first|lcb=0|fb=kmeans|gap=0.005,80,0.7058692288438346,0.6946712850119985,herding,0.7059333595529326,-6.41307090979426e-05,-0.016704930301720183,"[-2.61,-0.84]",0.7625,0.0,"{""boundary"": 0, ""herding"": 8, ""kcenter"": 0, ""kmeans"": 71, ""marc"": 1, ""random"": 0}"
repeat5_0.25,representative4|herding_first|lcb=0|fb=none|gap=0,80,0.7058218620431911,0.6947893597742436,herding,0.7059333595529326,-0.0001114975097414872,-0.016752297102363662,"[-2.59,-0.87]",0.0,1.1102230246251565e-16,"{""boundary"": 0, ""herding"": 51, ""kcenter"": 4, ""kmeans"": 17, ""marc"": 8, ""random"": 0}"
repeat5_0.25,representative4|default|lcb=0|fb=none|gap=0,80,0.7058218620431911,0.6947893597742436,herding,0.7059333595529326,-0.0001114975097414872,-0.016752297102363662,"[-2.59,-0.87]",0.0,1.1102230246251565e-16,"{""boundary"": 0, ""herding"": 51, ""kcenter"": 6, ""kmeans"": 15, ""marc"": 8, ""random"": 0}"
repeat5_0.25,centroid3|herding_first|lcb=0|fb=none|gap=0,80,0.7058196512189958,0.6947763574966148,herding,0.7059333595529326,-0.00011370833393675728,-0.01675450792655892,"[-2.59,-0.87]",0.0,0.0,"{""boundary"": 0, ""herding"": 51, ""kcenter"": 0, ""kmeans"": 19, ""marc"": 10, ""random"": 0}"
repeat5_0.25,centroid3|default|lcb=0|fb=none|gap=0,80,0.7058196512189958,0.6947763574966148,herding,0.7059333595529326,-0.00011370833393675728,-0.01675450792655892,"[-2.59,-0.87]",0.0,0.0,"{""boundary"": 0, ""herding"": 51, ""kcenter"": 0, ""kmeans"": 19, ""marc"": 10, ""random"": 0}"
repeat5_0.25,representative4|marc_first|lcb=0|fb=kmeans|gap=0,80,0.7058174403948005,0.6947062885509717,herding,0.7059333595529326,-0.00011591915813202736,-0.016756718750754178,"[-2.62,-0.85]",0.5,1.1102230246251565e-16,"{""boundary"": 0, ""herding"": 17, ""kcenter"": 4, ""kmeans"": 54, ""marc"": 5, ""random"": 0}"
repeat5_0.25,representative4|marc_first|lcb=0|fb=none|gap=0,80,0.7058174403948005,0.6947889605086436,herding,0.7059333595529326,-0.00011591915813202736,-0.016756718750754178,"[-2.59,-0.87]",0.0,1.1102230246251565e-16,"{""boundary"": 0, ""herding"": 18, ""kcenter"": 4, ""kmeans"": 15, ""marc"": 43, ""random"": 0}"
repeat5_0.25,representative4|kmeans_first|lcb=0|fb=kmeans|gap=0,80,0.7058174403948005,0.6947062885509717,herding,0.7059333595529326,-0.00011591915813202736,-0.016756718750754178,"[-2.62,-0.85]",0.5,1.1102230246251565e-16,"{""boundary"": 0, ""herding"": 17, ""kcenter"": 4, ""kmeans"": 54, ""marc"": 5, ""random"": 0}"
repeat5_0.25,representative4|kmeans_first|lcb=0|fb=none|gap=0,80,0.7058174403948005,0.6947889605086436,herding,0.7059333595529326,-0.00011591915813202736,-0.016756718750754178,"[-2.59,-0.87]",0.0,1.1102230246251565e-16,"{""boundary"": 0, ""herding"": 18, ""kcenter"": 4, ""kmeans"": 50, ""marc"": 8, ""random"": 0}"
repeat5_0.25,representative4|default|lcb=0|fb=kmeans|gap=0,80,0.7058174403948005,0.6947062885509717,herding,0.7059333595529326,-0.00011591915813202736,-0.016756718750754178,"[-2.62,-0.85]",0.5,1.1102230246251565e-16,"{""boundary"": 0, ""herding"": 17, ""kcenter"": 4, ""kmeans"": 54, ""marc"": 5, ""random"": 0}"
repeat5_0.25,representative4|herding_first|lcb=0|fb=kmeans|gap=0,80,0.7058174403948005,0.6947062885509717,herding,0.7059333595529326,-0.00011591915813202736,-0.016756718750754178,"[-2.62,-0.85]",0.5,1.1102230246251565e-16,"{""boundary"": 0, ""herding"": 17, ""kcenter"": 4, ""kmeans"": 54, ""marc"": 5, ""random"": 0}"
repeat5_0.25,coverage3|kmeans_first|lcb=1|fb=herding|gap=0.05,80,0.7058164004886051,0.694492788894739,herding,0.7059333595529326,-0.00011695906432751535,-0.01675775865694973,"[-2.59,-0.87]",0.8875,0.00021874827813180356,"{""boundary"": 0, ""herding"": 77, ""kcenter"": 0, ""kmeans"": 3, ""marc"": 0, ""random"": 0}"
repeat5_0.25,coverage3|herding_first|lcb=1|fb=herding|gap=0.05,80,0.7058164004886051,0.694492788894739,herding,0.7059333595529326,-0.00011695906432751535,-0.01675775865694973,"[-2.59,-0.87]",0.8875,0.00021874827813180356,"{""boundary"": 0, ""herding"": 77, ""kcenter"": 0, ""kmeans"": 3, ""marc"": 0, ""random"": 0}"
repeat5_0.25,coverage3|default|lcb=1|fb=herding|gap=0.05,80,0.7058164004886051,0.694492788894739,herding,0.7059333595529326,-0.00011695906432751535,-0.01675775865694973,"[-2.59,-0.87]",0.8875,0.00021874827813180356,"{""boundary"": 0, ""herding"": 77, ""kcenter"": 0, ""kmeans"": 3, ""marc"": 0, ""random"": 0}"
repeat5_0.25,coverage3|marc_first|lcb=1|fb=herding|gap=0.05,80,0.7058164004886051,0.694492788894739,herding,0.7059333595529326,-0.00011695906432751535,-0.01675775865694973,"[-2.59,-0.87]",0.8875,0.00021874827813180356,"{""boundary"": 0, ""herding"": 77, ""kcenter"": 0, ""kmeans"": 3, ""marc"": 0, ""random"": 0}"
repeat5_0.25,centroid3|marc_first|lcb=0|fb=none|gap=0,80,0.7058152295706053,0.6947759582310149,herding,0.7059333595529326,-0.00011812998232729743,-0.01675892957494944,"[-2.59,-0.87]",0.0,0.0,"{""boundary"": 0, ""herding"": 18, ""kcenter"": 0, ""kmeans"": 17, ""marc"": 45, ""random"": 0}"
repeat5_0.25,centroid3|herding_first|lcb=0|fb=kmeans|gap=0,80,0.7058152295706053,0.694693286273343,herding,0.7059333595529326,-0.00011812998232729743,-0.01675892957494944,"[-2.62,-0.85]",0.525,0.0,"{""boundary"": 0, ""herding"": 17, ""kcenter"": 0, ""kmeans"": 56, ""marc"": 7, ""random"": 0}"
repeat5_0.25,centroid3|kmeans_first|lcb=0|fb=kmeans|gap=0,80,0.7058152295706053,0.694693286273343,herding,0.7059333595529326,-0.00011812998232729743,-0.01675892957494944,"[-2.62,-0.85]",0.525,0.0,"{""boundary"": 0, ""herding"": 17, ""kcenter"": 0, ""kmeans"": 56, ""marc"": 7, ""random"": 0}"
repeat5_0.25,centroid3|marc_first|lcb=0|fb=kmeans|gap=0,80,0.7058152295706053,0.694693286273343,herding,0.7059333595529326,-0.00011812998232729743,-0.01675892957494944,"[-2.62,-0.85]",0.525,0.0,"{""boundary"": 0, ""herding"": 17, ""kcenter"": 0, ""kmeans"": 56, ""marc"": 7, ""random"": 0}"
repeat5_0.25,centroid3|kmeans_first|lcb=0|fb=none|gap=0,80,0.7058152295706053,0.6947759582310149,herding,0.7059333595529326,-0.00011812998232729743,-0.01675892957494944,"[-2.59,-0.87]",0.0,0.0,"{""boundary"": 0, ""herding"": 18, ""kcenter"": 0, ""kmeans"": 52, ""marc"": 10, ""random"": 0}"
repeat5_0.25,centroid3|default|lcb=0|fb=kmeans|gap=0,80,0.7058152295706053,0.694693286273343,herding,0.7059333595529326,-0.00011812998232729743,-0.01675892957494944,"[-2.62,-0.85]",0.525,0.0,"{""boundary"": 0, ""herding"": 17, ""kcenter"": 0, ""kmeans"": 56, ""marc"": 7, ""random"": 0}"
repeat5_0.25,coverage3|kmeans_first|lcb=0.25|fb=herding|gap=0.01,80,0.7056750749525426,0.69431647306843,herding,0.7059333595529326,-0.000258284600390013,-0.016899084193012108,"[-2.61,-0.88]",0.725,0.00034340934227256384,"{""boundary"": 0, ""herding"": 66, ""kcenter"": 0, ""kmeans"": 14, ""marc"": 0, ""random"": 0}"
repeat5_0.25,coverage3|marc_first|lcb=0.5|fb=herding|gap=0.01,80,0.7056750749525426,0.69431647306843,herding,0.7059333595529326,-0.000258284600390013,-0.016899084193012108,"[-2.61,-0.88]",0.725,0.00032720301861965256,"{""boundary"": 0, ""herding"": 67, ""kcenter"": 0, ""kmeans"": 13, ""marc"": 0, ""random"": 0}"
repeat5_0.25,coverage3|kmeans_first|lcb=0|fb=herding|gap=0.01,80,0.7056750749525426,0.69431647306843,herding,0.7059333595529326,-0.000258284600390013,-0.016899084193012108,"[-2.61,-0.88]",0.7125,0.00018192844147970136,"{""boundary"": 0, ""herding"": 66, ""kcenter"": 0, ""kmeans"": 14, ""marc"": 0, ""random"": 0}"
repeat5_0.25,coverage3|default|lcb=0.25|fb=herding|gap=0.01,80,0.7056750749525426,0.69431647306843,herding,0.7059333595529326,-0.000258284600390013,-0.016899084193012108,"[-2.61,-0.88]",0.725,0.00034340934227256384,"{""boundary"": 0, ""herding"": 66, ""kcenter"": 0, ""kmeans"": 14, ""marc"": 0, ""random"": 0}"
repeat5_0.25,coverage3|kmeans_first|lcb=0.5|fb=herding|gap=0.01,80,0.7056750749525426,0.69431647306843,herding,0.7059333595529326,-0.000258284600390013,-0.016899084193012108,"[-2.61,-0.88]",0.725,0.00032720301861965256,"{""boundary"": 0, ""herding"": 67, ""kcenter"": 0, ""kmeans"": 13, ""marc"": 0, ""random"": 0}"
repeat5_0.25,coverage3|herding_first|lcb=0|fb=herding|gap=0.01,80,0.7056750749525426,0.69431647306843,herding,0.7059333595529326,-0.000258284600390013,-0.016899084193012108,"[-2.61,-0.88]",0.7125,0.00018192844147970136,"{""boundary"": 0, ""herding"": 66, ""kcenter"": 0, ""kmeans"": 14, ""marc"": 0, ""random"": 0}"
repeat5_0.25,coverage3|herding_first|lcb=0.5|fb=herding|gap=0.01,80,0.7056750749525426,0.69431647306843,herding,0.7059333595529326,-0.000258284600390013,-0.016899084193012108,"[-2.61,-0.88]",0.725,0.00032720301861965256,"{""boundary"": 0, ""herding"": 67, ""kcenter"": 0, ""kmeans"": 13, ""marc"": 0, ""random"": 0}"
repeat5_0.25,coverage3|default|lcb=0.5|fb=herding|gap=0.01,80,0.7056750749525426,0.69431647306843,herding,0.7059333595529326,-0.000258284600390013,-0.016899084193012108,"[-2.61,-0.88]",0.725,0.00032720301861965256,"{""boundary"": 0, ""herding"": 67, ""kcenter"": 0, ""kmeans"": 13, ""marc"": 0, ""random"": 0}"
repeat5_0.25,coverage3|marc_first|lcb=0|fb=herding|gap=0.01,80,0.7056750749525426,0.69431647306843,herding,0.7059333595529326,-0.000258284600390013,-0.016899084193012108,"[-2.61,-0.88]",0.7125,0.00018192844147970136,"{""boundary"": 0, ""herding"": 66, ""kcenter"": 0, ""kmeans"": 14, ""marc"": 0, ""random"": 0}"
repeat5_0.25,coverage3|default|lcb=0|fb=herding|gap=0.01,80,0.7056750749525426,0.69431647306843,herding,0.7059333595529326,-0.000258284600390013,-0.016899084193012108,"[-2.61,-0.88]",0.7125,0.00018192844147970136,"{""boundary"": 0, ""herding"": 66, ""kcenter"": 0, ""kmeans"": 14, ""marc"": 0, ""random"": 0}"
repeat5_0.25,coverage3|herding_first|lcb=0.25|fb=herding|gap=0.01,80,0.7056750749525426,0.69431647306843,herding,0.7059333595529326,-0.000258284600390013,-0.016899084193012108,"[-2.61,-0.88]",0.725,0.00034340934227256384,"{""boundary"": 0, ""herding"": 66, ""kcenter"": 0, ""kmeans"": 14, ""marc"": 0, ""random"": 0}"
repeat5_0.25,coverage3|marc_first|lcb=0.25|fb=herding|gap=0.01,80,0.7056750749525426,0.69431647306843,herding,0.7059333595529326,-0.000258284600390013,-0.016899084193012108,"[-2.61,-0.88]",0.725,0.00034340934227256384,"{""boundary"": 0, ""herding"": 66, ""kcenter"": 0, ""kmeans"": 14, ""marc"": 0, ""random"": 0}"
repeat5_0.25,centroid3|kmeans_first|lcb=0.25|fb=kmeans|gap=0.02,80,0.7056608955105013,0.6943870641799222,herding,0.7059333595529326,-0.0002724640424313085,-0.016913263635053518,"[-2.64,-0.85]",0.8875,0.00014727513656985491,"{""boundary"": 0, ""herding"": 5, ""kcenter"": 0, ""kmeans"": 75, ""marc"": 0, ""random"": 0}"
repeat5_0.25,representative4|kmeans_first|lcb=0.25|fb=kmeans|gap=0.02,80,0.7056608955105013,0.6943870641799222,herding,0.7059333595529326,-0.0002724640424313085,-0.016913263635053518,"[-2.64,-0.85]",0.8875,0.00022322525624312445,"{""boundary"": 0, ""herding"": 5, ""kcenter"": 0, ""kmeans"": 75, ""marc"": 0, ""random"": 0}"
repeat5_0.25,centroid3|default|lcb=0.25|fb=kmeans|gap=0.01,80,0.7056608955105013,0.6943945046561127,herding,0.7059333595529326,-0.0002724640424313085,-0.016913263635053518,"[-2.64,-0.85]",0.8125,0.00014727513656985491,"{""boundary"": 0, ""herding"": 6, ""kcenter"": 0, ""kmeans"": 74, ""marc"": 0, ""random"": 0}"
repeat5_0.25,representative4|marc_first|lcb=0.25|fb=kmeans|gap=0.02,80,0.7056608955105013,0.6943870641799222,herding,0.7059333595529326,-0.0002724640424313085,-0.016913263635053518,"[-2.64,-0.85]",0.8875,0.00022322525624312445,"{""boundary"": 0, ""herding"": 5, ""kcenter"": 0, ""kmeans"": 75, ""marc"": 0, ""random"": 0}"
repeat5_0.25,representative4|kmeans_first|lcb=0|fb=kmeans|gap=0.01,80,0.7056608955105013,0.6943945046561127,herding,0.7059333595529326,-0.0002724640424313085,-0.016913263635053518,"[-2.64,-0.85]",0.8125,1.1102230246251565e-16,"{""boundary"": 0, ""herding"": 6, ""kcenter"": 0, ""kmeans"": 74, ""marc"": 0, ""random"": 0}"
repeat5_0.25,coverage3|default|lcb=1|fb=kmeans|gap=0.05,80,0.7056608955105013,0.6943945046561127,herding,0.7059333595529326,-0.0002724640424313085,-0.016913263635053518,"[-2.64,-0.85]",0.8875,0.00021874827813180356,"{""boundary"": 0, ""herding"": 6, ""kcenter"": 0, ""kmeans"": 74, ""marc"": 0, ""random"": 0}"
repeat5_0.25,representative4|marc_first|lcb=0.25|fb=kmeans|gap=0.01,80,0.7056608955105013,0.6943945046561127,herding,0.7059333595529326,-0.0002724640424313085,-0.016913263635053518,"[-2.64,-0.85]",0.8125,0.00022322525624312445,"{""boundary"": 0, ""herding"": 6, ""kcenter"": 0, ""kmeans"": 74, ""marc"": 0, ""random"": 0}"
repeat5_0.25,centroid3|default|lcb=0.5|fb=kmeans|gap=0.02,80,0.7056608955105013,0.6943870641799222,herding,0.7059333595529326,-0.0002724640424313085,-0.016913263635053518,"[-2.64,-0.85]",0.875,0.00011262183166000153,"{""boundary"": 0, ""herding"": 5, ""kcenter"": 0, ""kmeans"": 75, ""marc"": 0, ""random"": 0}"
repeat5_0.25,representative4|kmeans_first|lcb=0.25|fb=kmeans|gap=0.01,80,0.7056608955105013,0.6943945046561127,herding,0.7059333595529326,-0.0002724640424313085,-0.016913263635053518,"[-2.64,-0.85]",0.8125,0.00022322525624312445,"{""boundary"": 0, ""herding"": 6, ""kcenter"": 0, ""kmeans"": 74, ""marc"": 0, ""random"": 0}"
repeat5_0.25,centroid3|marc_first|lcb=0.25|fb=kmeans|gap=0.01,80,0.7056608955105013,0.6943945046561127,herding,0.7059333595529326,-0.0002724640424313085,-0.016913263635053518,"[-2.64,-0.85]",0.8125,0.00014727513656985491,"{""boundary"": 0, ""herding"": 6, ""kcenter"": 0, ""kmeans"": 74, ""marc"": 0, ""random"": 0}"
repeat5_0.25,centroid3|kmeans_first|lcb=0.5|fb=kmeans|gap=0.02,80,0.7056608955105013,0.6943870641799222,herding,0.7059333595529326,-0.0002724640424313085,-0.016913263635053518,"[-2.64,-0.85]",0.875,0.00011262183166000153,"{""boundary"": 0, ""herding"": 5, ""kcenter"": 0, ""kmeans"": 75, ""marc"": 0, ""random"": 0}"
repeat5_0.25,representative4|default|lcb=0.25|fb=kmeans|gap=0.02,80,0.7056608955105013,0.6943870641799222,herding,0.7059333595529326,-0.0002724640424313085,-0.016913263635053518,"[-2.64,-0.85]",0.8875,0.00022322525624312445,"{""boundary"": 0, ""herding"": 5, ""kcenter"": 0, ""kmeans"": 75, ""marc"": 0, ""random"": 0}"
repeat5_0.25,representative4|default|lcb=0.25|fb=kmeans|gap=0.01,80,0.7056608955105013,0.6943945046561127,herding,0.7059333595529326,-0.0002724640424313085,-0.016913263635053518,"[-2.64,-0.85]",0.8125,0.00022322525624312445,"{""boundary"": 0, ""herding"": 6, ""kcenter"": 0, ""kmeans"": 74, ""marc"": 0, ""random"": 0}"
repeat5_0.25,coverage3|marc_first|lcb=1|fb=kmeans|gap=0.05,80,0.7056608955105013,0.6943945046561127,herding,0.7059333595529326,-0.0002724640424313085,-0.016913263635053518,"[-2.64,-0.85]",0.8875,0.00021874827813180356,"{""boundary"": 0, ""herding"": 6, ""kcenter"": 0, ""kmeans"": 74, ""marc"": 0, ""random"": 0}"
repeat5_0.25,coverage3|kmeans_first|lcb=1|fb=kmeans|gap=0.05,80,0.7056608955105013,0.6943945046561127,herding,0.7059333595529326,-0.0002724640424313085,-0.016913263635053518,"[-2.64,-0.85]",0.8875,0.00021874827813180356,"{""boundary"": 0, ""herding"": 6, ""kcenter"": 0, ""kmeans"": 74, ""marc"": 0, ""random"": 0}"
repeat5_0.25,representative4|default|lcb=0.5|fb=kmeans|gap=0.02,80,0.7056608955105013,0.6943870641799222,herding,0.7059333595529326,-0.0002724640424313085,-0.016913263635053518,"[-2.64,-0.85]",0.875,0.0001735578502666986,"{""boundary"": 0, ""herding"": 5, ""kcenter"": 0, ""kmeans"": 75, ""marc"": 0, ""random"": 0}"
repeat5_0.25,centroid3|marc_first|lcb=0|fb=kmeans|gap=0.01,80,0.7056608955105013,0.6943945046561127,herding,0.7059333595529326,-0.0002724640424313085,-0.016913263635053518,"[-2.64,-0.85]",0.8125,0.0,"{""boundary"": 0, ""herding"": 6, ""kcenter"": 0, ""kmeans"": 74, ""marc"": 0, ""random"": 0}"
repeat5_0.25,centroid3|default|lcb=0.25|fb=kmeans|gap=0.02,80,0.7056608955105013,0.6943870641799222,herding,0.7059333595529326,-0.0002724640424313085,-0.016913263635053518,"[-2.64,-0.85]",0.8875,0.00014727513656985491,"{""boundary"": 0, ""herding"": 5, ""kcenter"": 0, ""kmeans"": 75, ""marc"": 0, ""random"": 0}"
repeat5_0.25,centroid3|marc_first|lcb=0.25|fb=kmeans|gap=0.02,80,0.7056608955105013,0.6943870641799222,herding,0.7059333595529326,-0.0002724640424313085,-0.016913263635053518,"[-2.64,-0.85]",0.8875,0.00014727513656985491,"{""boundary"": 0, ""herding"": 5, ""kcenter"": 0, ""kmeans"": 75, ""marc"": 0, ""random"": 0}"
repeat5_0.25,centroid3|kmeans_first|lcb=0.25|fb=kmeans|gap=0.01,80,0.7056608955105013,0.6943945046561127,herding,0.7059333595529326,-0.0002724640424313085,-0.016913263635053518,"[-2.64,-0.85]",0.8125,0.00014727513656985491,"{""boundary"": 0, ""herding"": 6, ""kcenter"": 0, ""kmeans"": 74, ""marc"": 0, ""random"": 0}"
repeat5_0.25,representative4|kmeans_first|lcb=0.5|fb=kmeans|gap=0.02,80,0.7056608955105013,0.6943870641799222,herding,0.7059333595529326,-0.0002724640424313085,-0.016913263635053518,"[-2.64,-0.85]",0.875,0.0001735578502666986,"{""boundary"": 0, ""herding"": 5, ""kcenter"": 0, ""kmeans"": 75, ""marc"": 0, ""random"": 0}"
repeat5_0.25,representative4|marc_first|lcb=0|fb=kmeans|gap=0.01,80,0.7056608955105013,0.6943945046561127,herding,0.7059333595529326,-0.0002724640424313085,-0.016913263635053518,"[-2.64,-0.85]",0.8125,1.1102230246251565e-16,"{""boundary"": 0, ""herding"": 6, ""kcenter"": 0, ""kmeans"": 74, ""marc"": 0, ""random"": 0}"
repeat5_0.25,centroid3|herding_first|lcb=0|fb=kmeans|gap=0.01,80,0.7056608955105013,0.6943945046561127,herding,0.7059333595529326,-0.0002724640424313085,-0.016913263635053518,"[-2.64,-0.85]",0.8125,0.0,"{""boundary"": 0, ""herding"": 6, ""kcenter"": 0, ""kmeans"": 74, ""marc"": 0, ""random"": 0}"
repeat5_0.25,representative4|herding_first|lcb=0.5|fb=kmeans|gap=0.02,80,0.7056608955105013,0.6943870641799222,herding,0.7059333595529326,-0.0002724640424313085,-0.016913263635053518,"[-2.64,-0.85]",0.875,0.0001735578502666986,"{""boundary"": 0, ""herding"": 5, ""kcenter"": 0, ""kmeans"": 75, ""marc"": 0, ""random"": 0}"
repeat5_0.25,centroid3|marc_first|lcb=0.5|fb=kmeans|gap=0.02,80,0.7056608955105013,0.6943870641799222,herding,0.7059333595529326,-0.0002724640424313085,-0.016913263635053518,"[-2.64,-0.85]",0.875,0.00011262183166000153,"{""boundary"": 0, ""herding"": 5, ""kcenter"": 0, ""kmeans"": 75, ""marc"": 0, ""random"": 0}"
repeat5_0.25,centroid3|herding_first|lcb=0.25|fb=kmeans|gap=0.02,80,0.7056608955105013,0.6943870641799222,herding,0.7059333595529326,-0.0002724640424313085,-0.016913263635053518,"[-2.64,-0.85]",0.8875,0.00014727513656985491,"{""boundary"": 0, ""herding"": 5, ""kcenter"": 0, ""kmeans"": 75, ""marc"": 0, ""random"": 0}"
repeat5_0.25,coverage3|herding_first|lcb=1|fb=kmeans|gap=0.05,80,0.7056608955105013,0.6943945046561127,herding,0.7059333595529326,-0.0002724640424313085,-0.016913263635053518,"[-2.64,-0.85]",0.8875,0.00021874827813180356,"{""boundary"": 0, ""herding"": 6, ""kcenter"": 0, ""kmeans"": 74, ""marc"": 0, ""random"": 0}"
repeat5_0.25,representative4|herding_first|lcb=0.25|fb=kmeans|gap=0.01,80,0.7056608955105013,0.6943945046561127,herding,0.7059333595529326,-0.0002724640424313085,-0.016913263635053518,"[-2.64,-0.85]",0.8125,0.00022322525624312445,"{""boundary"": 0, ""herding"": 6, ""kcenter"": 0, ""kmeans"": 74, ""marc"": 0, ""random"": 0}"
repeat5_0.25,representative4|herding_first|lcb=0.25|fb=kmeans|gap=0.02,80,0.7056608955105013,0.6943870641799222,herding,0.7059333595529326,-0.0002724640424313085,-0.016913263635053518,"[-2.64,-0.85]",0.8875,0.00022322525624312445,"{""boundary"": 0, ""herding"": 5, ""kcenter"": 0, ""kmeans"": 75, ""marc"": 0, ""random"": 0}"
repeat5_0.25,representative4|marc_first|lcb=0.5|fb=kmeans|gap=0.02,80,0.7056608955105013,0.6943870641799222,herding,0.7059333595529326,-0.0002724640424313085,-0.016913263635053518,"[-2.64,-0.85]",0.875,0.0001735578502666986,"{""boundary"": 0, ""herding"": 5, ""kcenter"": 0, ""kmeans"": 75, ""marc"": 0, ""random"": 0}"
repeat5_0.25,centroid3|herding_first|lcb=0.5|fb=kmeans|gap=0.02,80,0.7056608955105013,0.6943870641799222,herding,0.7059333595529326,-0.0002724640424313085,-0.016913263635053518,"[-2.64,-0.85]",0.875,0.00011262183166000153,"{""boundary"": 0, ""herding"": 5, ""kcenter"": 0, ""kmeans"": 75, ""marc"": 0, ""random"": 0}"
repeat5_0.25,centroid3|kmeans_first|lcb=0|fb=kmeans|gap=0.01,80,0.7056608955105013,0.6943945046561127,herding,0.7059333595529326,-0.0002724640424313085,-0.016913263635053518,"[-2.64,-0.85]",0.8125,0.0,"{""boundary"": 0, ""herding"": 6, ""kcenter"": 0, ""kmeans"": 74, ""marc"": 0, ""random"": 0}"
repeat5_0.25,representative4|default|lcb=0|fb=kmeans|gap=0.01,80,0.7056608955105013,0.6943945046561127,herding,0.7059333595529326,-0.0002724640424313085,-0.016913263635053518,"[-2.64,-0.85]",0.8125,1.1102230246251565e-16,"{""boundary"": 0, ""herding"": 6, ""kcenter"": 0, ""kmeans"": 74, ""marc"": 0, ""random"": 0}"
repeat5_0.25,centroid3|herding_first|lcb=0.25|fb=kmeans|gap=0.01,80,0.7056608955105013,0.6943945046561127,herding,0.7059333595529326,-0.0002724640424313085,-0.016913263635053518,"[-2.64,-0.85]",0.8125,0.00014727513656985491,"{""boundary"": 0, ""herding"": 6, ""kcenter"": 0, ""kmeans"": 74, ""marc"": 0, ""random"": 0}"
repeat5_0.25,representative4|herding_first|lcb=0|fb=kmeans|gap=0.01,80,0.7056608955105013,0.6943945046561127,herding,0.7059333595529326,-0.0002724640424313085,-0.016913263635053518,"[-2.64,-0.85]",0.8125,1.1102230246251565e-16,"{""boundary"": 0, ""herding"": 6, ""kcenter"": 0, ""kmeans"": 74, ""marc"": 0, ""random"": 0}"
repeat5_0.25,centroid3|default|lcb=0|fb=kmeans|gap=0.01,80,0.7056608955105013,0.6943945046561127,herding,0.7059333595529326,-0.0002724640424313085,-0.016913263635053518,"[-2.64,-0.85]",0.8125,0.0,"{""boundary"": 0, ""herding"": 6, ""kcenter"": 0, ""kmeans"": 74, ""marc"": 0, ""random"": 0}"
repeat5_0.25,coverage3|herding_first|lcb=0|fb=herding|gap=0.005,80,0.7056287786562463,0.6942581565346272,herding,0.7059333595529326,-0.0003045808966862795,-0.016945380489308402,"[-2.61,-0.89]",0.6875,0.00018192844147970136,"{""boundary"": 0, ""herding"": 65, ""kcenter"": 0, ""kmeans"": 15, ""marc"": 0, ""random"": 0}"
repeat5_0.25,coverage3|default|lcb=0|fb=herding|gap=0.005,80,0.7056287786562463,0.6942581565346272,herding,0.7059333595529326,-0.0003045808966862795,-0.016945380489308402,"[-2.61,-0.89]",0.6875,0.00018192844147970136,"{""boundary"": 0, ""herding"": 65, ""kcenter"": 0, ""kmeans"": 15, ""marc"": 0, ""random"": 0}"
repeat5_0.25,coverage3|kmeans_first|lcb=0|fb=herding|gap=0.005,80,0.7056287786562463,0.6942581565346272,herding,0.7059333595529326,-0.0003045808966862795,-0.016945380489308402,"[-2.61,-0.89]",0.6875,0.00018192844147970136,"{""boundary"": 0, ""herding"": 65, ""kcenter"": 0, ""kmeans"": 15, ""marc"": 0, ""random"": 0}"
repeat5_0.25,coverage3|marc_first|lcb=0|fb=herding|gap=0.005,80,0.7056287786562463,0.6942581565346272,herding,0.7059333595529326,-0.0003045808966862795,-0.016945380489308402,"[-2.61,-0.89]",0.6875,0.00018192844147970136,"{""boundary"": 0, ""herding"": 65, ""kcenter"": 0, ""kmeans"": 15, ""marc"": 0, ""random"": 0}"
repeat5_0.25,no_boundary|herding_first|lcb=1|fb=kmeans|gap=0.05,80,0.7054679314994439,0.6943210270976439,herding,0.7059333595529326,-0.0004654280534887034,-0.017106227646110916,"[-2.66,-0.87]",0.95,0.002204584963417973,"{""boundary"": 0, ""herding"": 2, ""kcenter"": 0, ""kmeans"": 77, ""marc"": 0, ""random"": 1}"
repeat5_0.25,no_boundary|default|lcb=1|fb=kmeans|gap=0.05,80,0.7054679314994439,0.6943210270976439,herding,0.7059333595529326,-0.0004654280534887034,-0.017106227646110916,"[-2.66,-0.87]",0.95,0.002204584963417973,"{""boundary"": 0, ""herding"": 2, ""kcenter"": 0, ""kmeans"": 77, ""marc"": 0, ""random"": 1}"
repeat5_0.25,no_boundary|kmeans_first|lcb=1|fb=kmeans|gap=0.05,80,0.7054679314994439,0.6943210270976439,herding,0.7059333595529326,-0.0004654280534887034,-0.017106227646110916,"[-2.66,-0.87]",0.95,0.002204584963417973,"{""boundary"": 0, ""herding"": 2, ""kcenter"": 0, ""kmeans"": 77, ""marc"": 0, ""random"": 1}"
repeat5_0.25,no_boundary|marc_first|lcb=1|fb=kmeans|gap=0.05,80,0.7054679314994439,0.6943210270976439,herding,0.7059333595529326,-0.0004654280534887034,-0.017106227646110916,"[-2.66,-0.87]",0.95,0.002204584963417973,"{""boundary"": 0, ""herding"": 2, ""kcenter"": 0, ""kmeans"": 77, ""marc"": 0, ""random"": 1}"
repeat5_0.25,coverage3|herding_first|lcb=0|fb=kmeans|gap=0.02,80,0.7047349695845753,0.693398430813124,herding,0.7059333595529326,-0.0011983899683573052,-0.017839189560979445,"[-2.74,-0.92]",0.8375,0.00018192844147970136,"{""boundary"": 0, ""herding"": 6, ""kcenter"": 0, ""kmeans"": 74, ""marc"": 0, ""random"": 0}"
repeat5_0.25,coverage3|default|lcb=0|fb=kmeans|gap=0.02,80,0.7047349695845753,0.693398430813124,herding,0.7059333595529326,-0.0011983899683573052,-0.017839189560979445,"[-2.74,-0.92]",0.8375,0.00018192844147970136,"{""boundary"": 0, ""herding"": 6, ""kcenter"": 0, ""kmeans"": 74, ""marc"": 0, ""random"": 0}"
repeat5_0.25,coverage3|marc_first|lcb=0|fb=kmeans|gap=0.02,80,0.7047349695845753,0.693398430813124,herding,0.7059333595529326,-0.0011983899683573052,-0.017839189560979445,"[-2.74,-0.92]",0.8375,0.00018192844147970136,"{""boundary"": 0, ""herding"": 6, ""kcenter"": 0, ""kmeans"": 74, ""marc"": 0, ""random"": 0}"
repeat5_0.25,coverage3|kmeans_first|lcb=0|fb=kmeans|gap=0.02,80,0.7047349695845753,0.693398430813124,herding,0.7059333595529326,-0.0011983899683573052,-0.017839189560979445,"[-2.74,-0.92]",0.8375,0.00018192844147970136,"{""boundary"": 0, ""herding"": 6, ""kcenter"": 0, ""kmeans"": 74, ""marc"": 0, ""random"": 0}"
repeat5_0.25,representative4|marc_first|lcb=0|fb=kmeans|gap=0.02,80,0.7045034881030938,0.6931458922977178,herding,0.7059333595529326,-0.0014298714498387488,-0.018070671042460927,"[-2.77,-0.94]",0.9125,1.1102230246251565e-16,"{""boundary"": 0, ""herding"": 3, ""kcenter"": 0, ""kmeans"": 77, ""marc"": 0, ""random"": 0}"
repeat5_0.25,coverage3|herding_first|lcb=0.5|fb=kmeans|gap=0.05,80,0.7045034881030938,0.6931458922977178,herding,0.7059333595529326,-0.0014298714498387488,-0.018070671042460927,"[-2.77,-0.94]",0.9375,0.00032720301861965256,"{""boundary"": 0, ""herding"": 4, ""kcenter"": 0, ""kmeans"": 76, ""marc"": 0, ""random"": 0}"
repeat5_0.25,coverage3|kmeans_first|lcb=0.5|fb=kmeans|gap=0.05,80,0.7045034881030938,0.6931458922977178,herding,0.7059333595529326,-0.0014298714498387488,-0.018070671042460927,"[-2.77,-0.94]",0.9375,0.00032720301861965256,"{""boundary"": 0, ""herding"": 4, ""kcenter"": 0, ""kmeans"": 76, ""marc"": 0, ""random"": 0}"
repeat5_0.25,representative4|default|lcb=0|fb=kmeans|gap=0.02,80,0.7045034881030938,0.6931458922977178,herding,0.7059333595529326,-0.0014298714498387488,-0.018070671042460927,"[-2.77,-0.94]",0.9125,1.1102230246251565e-16,"{""boundary"": 0, ""herding"": 3, ""kcenter"": 0, ""kmeans"": 77, ""marc"": 0, ""random"": 0}"
repeat5_0.25,representative4|kmeans_first|lcb=0|fb=kmeans|gap=0.02,80,0.7045034881030938,0.6931458922977178,herding,0.7059333595529326,-0.0014298714498387488,-0.018070671042460927,"[-2.77,-0.94]",0.9125,1.1102230246251565e-16,"{""boundary"": 0, ""herding"": 3, ""kcenter"": 0, ""kmeans"": 77, ""marc"": 0, ""random"": 0}"
repeat5_0.25,coverage3|marc_first|lcb=0.5|fb=kmeans|gap=0.05,80,0.7045034881030938,0.6931458922977178,herding,0.7059333595529326,-0.0014298714498387488,-0.018070671042460927,"[-2.77,-0.94]",0.9375,0.00032720301861965256,"{""boundary"": 0, ""herding"": 4, ""kcenter"": 0, ""kmeans"": 76, ""marc"": 0, ""random"": 0}"
repeat5_0.25,centroid3|herding_first|lcb=0|fb=kmeans|gap=0.02,80,0.7045034881030938,0.6931458922977178,herding,0.7059333595529326,-0.0014298714498387488,-0.018070671042460927,"[-2.77,-0.94]",0.9125,0.0,"{""boundary"": 0, ""herding"": 3, ""kcenter"": 0, ""kmeans"": 77, ""marc"": 0, ""random"": 0}"
repeat5_0.25,coverage3|default|lcb=0.25|fb=kmeans|gap=0.05,80,0.7045034881030938,0.6931458922977178,herding,0.7059333595529326,-0.0014298714498387488,-0.018070671042460927,"[-2.77,-0.94]",0.9375,0.00034340934227256384,"{""boundary"": 0, ""herding"": 4, ""kcenter"": 0, ""kmeans"": 76, ""marc"": 0, ""random"": 0}"
repeat5_0.25,coverage3|marc_first|lcb=0.25|fb=kmeans|gap=0.05,80,0.7045034881030938,0.6931458922977178,herding,0.7059333595529326,-0.0014298714498387488,-0.018070671042460927,"[-2.77,-0.94]",0.9375,0.00034340934227256384,"{""boundary"": 0, ""herding"": 4, ""kcenter"": 0, ""kmeans"": 76, ""marc"": 0, ""random"": 0}"
repeat5_0.25,coverage3|default|lcb=0.5|fb=kmeans|gap=0.05,80,0.7045034881030938,0.6931458922977178,herding,0.7059333595529326,-0.0014298714498387488,-0.018070671042460927,"[-2.77,-0.94]",0.9375,0.00032720301861965256,"{""boundary"": 0, ""herding"": 4, ""kcenter"": 0, ""kmeans"": 76, ""marc"": 0, ""random"": 0}"
repeat5_0.25,coverage3|kmeans_first|lcb=0.25|fb=kmeans|gap=0.05,80,0.7045034881030938,0.6931458922977178,herding,0.7059333595529326,-0.0014298714498387488,-0.018070671042460927,"[-2.77,-0.94]",0.9375,0.00034340934227256384,"{""boundary"": 0, ""herding"": 4, ""kcenter"": 0, ""kmeans"": 76, ""marc"": 0, ""random"": 0}"
repeat5_0.25,coverage3|herding_first|lcb=0.25|fb=kmeans|gap=0.05,80,0.7045034881030938,0.6931458922977178,herding,0.7059333595529326,-0.0014298714498387488,-0.018070671042460927,"[-2.77,-0.94]",0.9375,0.00034340934227256384,"{""boundary"": 0, ""herding"": 4, ""kcenter"": 0, ""kmeans"": 76, ""marc"": 0, ""random"": 0}"
repeat5_0.25,centroid3|marc_first|lcb=0|fb=kmeans|gap=0.02,80,0.7045034881030938,0.6931458922977178,herding,0.7059333595529326,-0.0014298714498387488,-0.018070671042460927,"[-2.77,-0.94]",0.9125,0.0,"{""boundary"": 0, ""herding"": 3, ""kcenter"": 0, ""kmeans"": 77, ""marc"": 0, ""random"": 0}"
repeat5_0.25,representative4|herding_first|lcb=0|fb=kmeans|gap=0.02,80,0.7045034881030938,0.6931458922977178,herding,0.7059333595529326,-0.0014298714498387488,-0.018070671042460927,"[-2.77,-0.94]",0.9125,1.1102230246251565e-16,"{""boundary"": 0, ""herding"": 3, ""kcenter"": 0, ""kmeans"": 77, ""marc"": 0, ""random"": 0}"
repeat5_0.25,centroid3|kmeans_first|lcb=0|fb=kmeans|gap=0.02,80,0.7045034881030938,0.6931458922977178,herding,0.7059333595529326,-0.0014298714498387488,-0.018070671042460927,"[-2.77,-0.94]",0.9125,0.0,"{""boundary"": 0, ""herding"": 3, ""kcenter"": 0, ""kmeans"": 77, ""marc"": 0, ""random"": 0}"
repeat5_0.25,centroid3|default|lcb=0|fb=kmeans|gap=0.02,80,0.7045034881030938,0.6931458922977178,herding,0.7059333595529326,-0.0014298714498387488,-0.018070671042460927,"[-2.77,-0.94]",0.9125,0.0,"{""boundary"": 0, ""herding"": 3, ""kcenter"": 0, ""kmeans"": 77, ""marc"": 0, ""random"": 0}"
repeat5_0.25,no_random|default|lcb=1|fb=kmeans|gap=0.05,80,0.7043183029179086,0.6928107202370922,herding,0.7059333595529326,-0.001615056635023926,-0.01825585622764611,"[-2.79,-0.97]",0.9625,0.00687146966882074,"{""boundary"": 0, ""herding"": 2, ""kcenter"": 0, ""kmeans"": 78, ""marc"": 0, ""random"": 0}"
repeat5_0.25,centroid3|kmeans_first|lcb=1|fb=kmeans|gap=0.05,80,0.7043183029179086,0.6928107202370922,herding,0.7059333595529326,-0.001615056635023926,-0.01825585622764611,"[-2.79,-0.97]",0.9625,5.199400772134752e-05,"{""boundary"": 0, ""herding"": 2, ""kcenter"": 0, ""kmeans"": 78, ""marc"": 0, ""random"": 0}"
repeat5_0.25,representative4|marc_first|lcb=1|fb=kmeans|gap=0.05,80,0.7043183029179086,0.6928107202370922,herding,0.7059333595529326,-0.001615056635023926,-0.01825585622764611,"[-2.79,-0.97]",0.9625,0.0001679704602696036,"{""boundary"": 0, ""herding"": 2, ""kcenter"": 0, ""kmeans"": 78, ""marc"": 0, ""random"": 0}"
repeat5_0.25,representative4|kmeans_first|lcb=1|fb=kmeans|gap=0.05,80,0.7043183029179086,0.6928107202370922,herding,0.7059333595529326,-0.001615056635023926,-0.01825585622764611,"[-2.79,-0.97]",0.9625,0.0001679704602696036,"{""boundary"": 0, ""herding"": 2, ""kcenter"": 0, ""kmeans"": 78, ""marc"": 0, ""random"": 0}"
repeat5_0.25,all6|herding_first|lcb=1|fb=kmeans|gap=0.05,80,0.7043183029179086,0.6928107202370922,herding,0.7059333595529326,-0.001615056635023926,-0.01825585622764611,"[-2.79,-0.97]",0.9625,0.0036774117582820676,"{""boundary"": 0, ""herding"": 2, ""kcenter"": 0, ""kmeans"": 78, ""marc"": 0, ""random"": 0}"
repeat5_0.25,representative4|herding_first|lcb=1|fb=kmeans|gap=0.05,80,0.7043183029179086,0.6928107202370922,herding,0.7059333595529326,-0.001615056635023926,-0.01825585622764611,"[-2.79,-0.97]",0.9625,0.0001679704602696036,"{""boundary"": 0, ""herding"": 2, ""kcenter"": 0, ""kmeans"": 78, ""marc"": 0, ""random"": 0}"
repeat5_0.25,all6|marc_first|lcb=1|fb=kmeans|gap=0.05,80,0.7043183029179086,0.6928107202370922,herding,0.7059333595529326,-0.001615056635023926,-0.01825585622764611,"[-2.79,-0.97]",0.9625,0.0036774117582820676,"{""boundary"": 0, ""herding"": 2, ""kcenter"": 0, ""kmeans"": 78, ""marc"": 0, ""random"": 0}"
repeat5_0.25,representative4|default|lcb=1|fb=kmeans|gap=0.05,80,0.7043183029179086,0.6928107202370922,herding,0.7059333595529326,-0.001615056635023926,-0.01825585622764611,"[-2.79,-0.97]",0.9625,0.0001679704602696036,"{""boundary"": 0, ""herding"": 2, ""kcenter"": 0, ""kmeans"": 78, ""marc"": 0, ""random"": 0}"
repeat5_0.25,no_random|marc_first|lcb=1|fb=kmeans|gap=0.05,80,0.7043183029179086,0.6928107202370922,herding,0.7059333595529326,-0.001615056635023926,-0.01825585622764611,"[-2.79,-0.97]",0.9625,0.00687146966882074,"{""boundary"": 0, ""herding"": 2, ""kcenter"": 0, ""kmeans"": 78, ""marc"": 0, ""random"": 0}"
repeat5_0.25,no_random|kmeans_first|lcb=1|fb=kmeans|gap=0.05,80,0.7043183029179086,0.6928107202370922,herding,0.7059333595529326,-0.001615056635023926,-0.01825585622764611,"[-2.79,-0.97]",0.9625,0.00687146966882074,"{""boundary"": 0, ""herding"": 2, ""kcenter"": 0, ""kmeans"": 78, ""marc"": 0, ""random"": 0}"
repeat5_0.25,centroid3|marc_first|lcb=1|fb=kmeans|gap=0.05,80,0.7043183029179086,0.6928107202370922,herding,0.7059333595529326,-0.001615056635023926,-0.01825585622764611,"[-2.79,-0.97]",0.9625,5.199400772134752e-05,"{""boundary"": 0, ""herding"": 2, ""kcenter"": 0, ""kmeans"": 78, ""marc"": 0, ""random"": 0}"
repeat5_0.25,all6|kmeans_first|lcb=1|fb=kmeans|gap=0.05,80,0.7043183029179086,0.6928107202370922,herding,0.7059333595529326,-0.001615056635023926,-0.01825585622764611,"[-2.79,-0.97]",0.9625,0.0036774117582820676,"{""boundary"": 0, ""herding"": 2, ""kcenter"": 0, ""kmeans"": 78, ""marc"": 0, ""random"": 0}"
repeat5_0.25,all6|default|lcb=1|fb=kmeans|gap=0.05,80,0.7043183029179086,0.6928107202370922,herding,0.7059333595529326,-0.001615056635023926,-0.01825585622764611,"[-2.79,-0.97]",0.9625,0.0036774117582820676,"{""boundary"": 0, ""herding"": 2, ""kcenter"": 0, ""kmeans"": 78, ""marc"": 0, ""random"": 0}"
repeat5_0.25,no_random|herding_first|lcb=1|fb=kmeans|gap=0.05,80,0.7043183029179086,0.6928107202370922,herding,0.7059333595529326,-0.001615056635023926,-0.01825585622764611,"[-2.79,-0.97]",0.9625,0.00687146966882074,"{""boundary"": 0, ""herding"": 2, ""kcenter"": 0, ""kmeans"": 78, ""marc"": 0, ""random"": 0}"
repeat5_0.25,centroid3|default|lcb=1|fb=kmeans|gap=0.05,80,0.7043183029179086,0.6928107202370922,herding,0.7059333595529326,-0.001615056635023926,-0.01825585622764611,"[-2.79,-0.97]",0.9625,5.199400772134752e-05,"{""boundary"": 0, ""herding"": 2, ""kcenter"": 0, ""kmeans"": 78, ""marc"": 0, ""random"": 0}"
repeat5_0.25,centroid3|herding_first|lcb=1|fb=kmeans|gap=0.05,80,0.7043183029179086,0.6928107202370922,herding,0.7059333595529326,-0.001615056635023926,-0.01825585622764611,"[-2.79,-0.97]",0.9625,5.199400772134752e-05,"{""boundary"": 0, ""herding"": 2, ""kcenter"": 0, ""kmeans"": 78, ""marc"": 0, ""random"": 0}"
repeat5_0.25,all6|marc_first|lcb=0.5|fb=kmeans|gap=0.05,80,0.7043105240920365,0.6930798552154395,herding,0.7059333595529326,-0.0016228354608960327,-0.018263635053518322,"[-2.79,-0.96]",0.9625,0.0023768785528426872,"{""boundary"": 0, ""herding"": 1, ""kcenter"": 0, ""kmeans"": 78, ""marc"": 0, ""random"": 1}"
repeat5_0.25,all6|default|lcb=0.5|fb=kmeans|gap=0.05,80,0.7043105240920365,0.6930798552154395,herding,0.7059333595529326,-0.0016228354608960327,-0.018263635053518322,"[-2.79,-0.96]",0.9625,0.0023768785528426872,"{""boundary"": 0, ""herding"": 1, ""kcenter"": 0, ""kmeans"": 78, ""marc"": 0, ""random"": 1}"
repeat5_0.25,all6|herding_first|lcb=0.5|fb=kmeans|gap=0.05,80,0.7043105240920365,0.6930798552154395,herding,0.7059333595529326,-0.0016228354608960327,-0.018263635053518322,"[-2.79,-0.96]",0.9625,0.0023768785528426872,"{""boundary"": 0, ""herding"": 1, ""kcenter"": 0, ""kmeans"": 78, ""marc"": 0, ""random"": 1}"
repeat5_0.25,all6|kmeans_first|lcb=0.5|fb=kmeans|gap=0.05,80,0.7043105240920365,0.6930798552154395,herding,0.7059333595529326,-0.0016228354608960327,-0.018263635053518322,"[-2.79,-0.96]",0.9625,0.0023768785528426872,"{""boundary"": 0, ""herding"": 1, ""kcenter"": 0, ""kmeans"": 78, ""marc"": 0, ""random"": 1}"
repeat5_0.25,coverage3|herding_first|lcb=0|fb=kmeans|gap=0.05,80,0.7033923769919828,0.691812386138844,herding,0.7059333595529326,-0.0025409825609498116,-0.01918178215357204,"[-2.89,-1.03]",0.95,0.00018192844147970136,"{""boundary"": 0, ""herding"": 3, ""kcenter"": 0, ""kmeans"": 77, ""marc"": 0, ""random"": 0}"
repeat5_0.25,coverage3|marc_first|lcb=0|fb=kmeans|gap=0.05,80,0.7033923769919828,0.691812386138844,herding,0.7059333595529326,-0.0025409825609498116,-0.01918178215357204,"[-2.89,-1.03]",0.95,0.00018192844147970136,"{""boundary"": 0, ""herding"": 3, ""kcenter"": 0, ""kmeans"": 77, ""marc"": 0, ""random"": 0}"
repeat5_0.25,coverage3|default|lcb=0|fb=kmeans|gap=0.05,80,0.7033923769919828,0.691812386138844,herding,0.7059333595529326,-0.0025409825609498116,-0.01918178215357204,"[-2.89,-1.03]",0.95,0.00018192844147970136,"{""boundary"": 0, ""herding"": 3, ""kcenter"": 0, ""kmeans"": 77, ""marc"": 0, ""random"": 0}"
repeat5_0.25,coverage3|kmeans_first|lcb=0|fb=kmeans|gap=0.05,80,0.7033923769919828,0.691812386138844,herding,0.7059333595529326,-0.0025409825609498116,-0.01918178215357204,"[-2.89,-1.03]",0.95,0.00018192844147970136,"{""boundary"": 0, ""herding"": 3, ""kcenter"": 0, ""kmeans"": 77, ""marc"": 0, ""random"": 0}"
repeat5_0.25,centroid3|marc_first|lcb=0.25|fb=kmeans|gap=0.05,80,0.7031608955105012,0.6915695483548878,herding,0.7059333595529326,-0.0027724640424313662,-0.01941326363505352,"[-2.91,-1.06]",0.9875,0.00014727513656985491,"{""boundary"": 0, ""herding"": 1, ""kcenter"": 0, ""kmeans"": 79, ""marc"": 0, ""random"": 0}"
repeat5_0.25,centroid3|marc_first|lcb=0.5|fb=kmeans|gap=0.05,80,0.7031608955105012,0.6915695483548878,herding,0.7059333595529326,-0.0027724640424313662,-0.01941326363505352,"[-2.91,-1.06]",0.975,0.00011262183166000153,"{""boundary"": 0, ""herding"": 1, ""kcenter"": 0, ""kmeans"": 79, ""marc"": 0, ""random"": 0}"
repeat5_0.25,no_random|marc_first|lcb=0.25|fb=kmeans|gap=0.05,80,0.7031608955105012,0.6915695483548878,herding,0.7059333595529326,-0.0027724640424313662,-0.01941326363505352,"[-2.91,-1.06]",0.9875,0.004612211204875871,"{""boundary"": 0, ""herding"": 1, ""kcenter"": 0, ""kmeans"": 79, ""marc"": 0, ""random"": 0}"
repeat5_0.25,representative4|default|lcb=0.5|fb=kmeans|gap=0.05,80,0.7031608955105012,0.6915695483548878,herding,0.7059333595529326,-0.0027724640424313662,-0.01941326363505352,"[-2.91,-1.06]",0.975,0.0001735578502666986,"{""boundary"": 0, ""herding"": 1, ""kcenter"": 0, ""kmeans"": 79, ""marc"": 0, ""random"": 0}"
repeat5_0.25,no_random|herding_first|lcb=0.25|fb=kmeans|gap=0.05,80,0.7031608955105012,0.6915695483548878,herding,0.7059333595529326,-0.0027724640424313662,-0.01941326363505352,"[-2.91,-1.06]",0.9875,0.004612211204875871,"{""boundary"": 0, ""herding"": 1, ""kcenter"": 0, ""kmeans"": 79, ""marc"": 0, ""random"": 0}"
repeat5_0.25,no_random|default|lcb=0.5|fb=kmeans|gap=0.05,80,0.7031608955105012,0.6915695483548878,herding,0.7059333595529326,-0.0027724640424313662,-0.01941326363505352,"[-2.91,-1.06]",0.975,0.005347755101500373,"{""boundary"": 0, ""herding"": 1, ""kcenter"": 0, ""kmeans"": 79, ""marc"": 0, ""random"": 0}"
repeat5_0.25,centroid3|herding_first|lcb=0.25|fb=kmeans|gap=0.05,80,0.7031608955105012,0.6915695483548878,herding,0.7059333595529326,-0.0027724640424313662,-0.01941326363505352,"[-2.91,-1.06]",0.9875,0.00014727513656985491,"{""boundary"": 0, ""herding"": 1, ""kcenter"": 0, ""kmeans"": 79, ""marc"": 0, ""random"": 0}"
repeat5_0.25,representative4|marc_first|lcb=0.5|fb=kmeans|gap=0.05,80,0.7031608955105012,0.6915695483548878,herding,0.7059333595529326,-0.0027724640424313662,-0.01941326363505352,"[-2.91,-1.06]",0.975,0.0001735578502666986,"{""boundary"": 0, ""herding"": 1, ""kcenter"": 0, ""kmeans"": 79, ""marc"": 0, ""random"": 0}"
repeat5_0.25,representative4|herding_first|lcb=0.25|fb=kmeans|gap=0.05,80,0.7031608955105012,0.6915695483548878,herding,0.7059333595529326,-0.0027724640424313662,-0.01941326363505352,"[-2.91,-1.06]",0.9875,0.00022322525624312445,"{""boundary"": 0, ""herding"": 1, ""kcenter"": 0, ""kmeans"": 79, ""marc"": 0, ""random"": 0}"
repeat5_0.25,no_random|kmeans_first|lcb=0.5|fb=kmeans|gap=0.05,80,0.7031608955105012,0.6915695483548878,herding,0.7059333595529326,-0.0027724640424313662,-0.01941326363505352,"[-2.91,-1.06]",0.975,0.005347755101500373,"{""boundary"": 0, ""herding"": 1, ""kcenter"": 0, ""kmeans"": 79, ""marc"": 0, ""random"": 0}"
repeat5_0.25,representative4|default|lcb=0.25|fb=kmeans|gap=0.05,80,0.7031608955105012,0.6915695483548878,herding,0.7059333595529326,-0.0027724640424313662,-0.01941326363505352,"[-2.91,-1.06]",0.9875,0.00022322525624312445,"{""boundary"": 0, ""herding"": 1, ""kcenter"": 0, ""kmeans"": 79, ""marc"": 0, ""random"": 0}"
repeat5_0.25,centroid3|herding_first|lcb=0.5|fb=kmeans|gap=0.05,80,0.7031608955105012,0.6915695483548878,herding,0.7059333595529326,-0.0027724640424313662,-0.01941326363505352,"[-2.91,-1.06]",0.975,0.00011262183166000153,"{""boundary"": 0, ""herding"": 1, ""kcenter"": 0, ""kmeans"": 79, ""marc"": 0, ""random"": 0}"
repeat5_0.25,representative4|herding_first|lcb=0.5|fb=kmeans|gap=0.05,80,0.7031608955105012,0.6915695483548878,herding,0.7059333595529326,-0.0027724640424313662,-0.01941326363505352,"[-2.91,-1.06]",0.975,0.0001735578502666986,"{""boundary"": 0, ""herding"": 1, ""kcenter"": 0, ""kmeans"": 79, ""marc"": 0, ""random"": 0}"
repeat5_0.25,centroid3|default|lcb=0.25|fb=kmeans|gap=0.05,80,0.7031608955105012,0.6915695483548878,herding,0.7059333595529326,-0.0027724640424313662,-0.01941326363505352,"[-2.91,-1.06]",0.9875,0.00014727513656985491,"{""boundary"": 0, ""herding"": 1, ""kcenter"": 0, ""kmeans"": 79, ""marc"": 0, ""random"": 0}"
repeat5_0.25,representative4|marc_first|lcb=0.25|fb=kmeans|gap=0.05,80,0.7031608955105012,0.6915695483548878,herding,0.7059333595529326,-0.0027724640424313662,-0.01941326363505352,"[-2.91,-1.06]",0.9875,0.00022322525624312445,"{""boundary"": 0, ""herding"": 1, ""kcenter"": 0, ""kmeans"": 79, ""marc"": 0, ""random"": 0}"
repeat5_0.25,no_random|herding_first|lcb=0.5|fb=kmeans|gap=0.05,80,0.7031608955105012,0.6915695483548878,herding,0.7059333595529326,-0.0027724640424313662,-0.01941326363505352,"[-2.91,-1.06]",0.975,0.005347755101500373,"{""boundary"": 0, ""herding"": 1, ""kcenter"": 0, ""kmeans"": 79, ""marc"": 0, ""random"": 0}"
repeat5_0.25,no_random|kmeans_first|lcb=0.25|fb=kmeans|gap=0.05,80,0.7031608955105012,0.6915695483548878,herding,0.7059333595529326,-0.0027724640424313662,-0.01941326363505352,"[-2.91,-1.06]",0.9875,0.004612211204875871,"{""boundary"": 0, ""herding"": 1, ""kcenter"": 0, ""kmeans"": 79, ""marc"": 0, ""random"": 0}"
repeat5_0.25,representative4|kmeans_first|lcb=0.25|fb=kmeans|gap=0.05,80,0.7031608955105012,0.6915695483548878,herding,0.7059333595529326,-0.0027724640424313662,-0.01941326363505352,"[-2.91,-1.06]",0.9875,0.00022322525624312445,"{""boundary"": 0, ""herding"": 1, ""kcenter"": 0, ""kmeans"": 79, ""marc"": 0, ""random"": 0}"
repeat5_0.25,no_random|default|lcb=0.25|fb=kmeans|gap=0.05,80,0.7031608955105012,0.6915695483548878,herding,0.7059333595529326,-0.0027724640424313662,-0.01941326363505352,"[-2.91,-1.06]",0.9875,0.004612211204875871,"{""boundary"": 0, ""herding"": 1, ""kcenter"": 0, ""kmeans"": 79, ""marc"": 0, ""random"": 0}"
repeat5_0.25,centroid3|kmeans_first|lcb=0.5|fb=kmeans|gap=0.05,80,0.7031608955105012,0.6915695483548878,herding,0.7059333595529326,-0.0027724640424313662,-0.01941326363505352,"[-2.91,-1.06]",0.975,0.00011262183166000153,"{""boundary"": 0, ""herding"": 1, ""kcenter"": 0, ""kmeans"": 79, ""marc"": 0, ""random"": 0}"
repeat5_0.25,representative4|kmeans_first|lcb=0.5|fb=kmeans|gap=0.05,80,0.7031608955105012,0.6915695483548878,herding,0.7059333595529326,-0.0027724640424313662,-0.01941326363505352,"[-2.91,-1.06]",0.975,0.0001735578502666986,"{""boundary"": 0, ""herding"": 1, ""kcenter"": 0, ""kmeans"": 79, ""marc"": 0, ""random"": 0}"
repeat5_0.25,centroid3|default|lcb=0.5|fb=kmeans|gap=0.05,80,0.7031608955105012,0.6915695483548878,herding,0.7059333595529326,-0.0027724640424313662,-0.01941326363505352,"[-2.91,-1.06]",0.975,0.00011262183166000153,"{""boundary"": 0, ""herding"": 1, ""kcenter"": 0, ""kmeans"": 79, ""marc"": 0, ""random"": 0}"
repeat5_0.25,centroid3|kmeans_first|lcb=0.25|fb=kmeans|gap=0.05,80,0.7031608955105012,0.6915695483548878,herding,0.7059333595529326,-0.0027724640424313662,-0.01941326363505352,"[-2.91,-1.06]",0.9875,0.00014727513656985491,"{""boundary"": 0, ""herding"": 1, ""kcenter"": 0, ""kmeans"": 79, ""marc"": 0, ""random"": 0}"
repeat5_0.25,no_random|marc_first|lcb=0.5|fb=kmeans|gap=0.05,80,0.7031608955105012,0.6915695483548878,herding,0.7059333595529326,-0.0027724640424313662,-0.01941326363505352,"[-2.91,-1.06]",0.975,0.005347755101500373,"{""boundary"": 0, ""herding"": 1, ""kcenter"": 0, ""kmeans"": 79, ""marc"": 0, ""random"": 0}"
repeat5_0.25,centroid3|default|lcb=0|fb=kmeans|gap=0.05,80,0.7029294140290198,0.6913336735834094,herding,0.7059333595529326,-0.00300394552391281,-0.019644745116535002,"[-2.93,-1.09]",1.0,0.0,"{""boundary"": 0, ""herding"": 0, ""kcenter"": 0, ""kmeans"": 80, ""marc"": 0, ""random"": 0}"
repeat5_0.25,no_random|marc_first|lcb=0|fb=kmeans|gap=0.05,80,0.7029294140290198,0.6913336735834094,herding,0.7059333595529326,-0.00300394552391281,-0.019644745116535002,"[-2.93,-1.09]",1.0,0.0019523809523809832,"{""boundary"": 0, ""herding"": 0, ""kcenter"": 0, ""kmeans"": 80, ""marc"": 0, ""random"": 0}"
repeat5_0.25,representative4|kmeans_first|lcb=0|fb=kmeans|gap=0.05,80,0.7029294140290198,0.6913336735834094,herding,0.7059333595529326,-0.00300394552391281,-0.019644745116535002,"[-2.93,-1.09]",1.0,1.1102230246251565e-16,"{""boundary"": 0, ""herding"": 0, ""kcenter"": 0, ""kmeans"": 80, ""marc"": 0, ""random"": 0}"
repeat5_0.25,representative4|default|lcb=0|fb=kmeans|gap=0.05,80,0.7029294140290198,0.6913336735834094,herding,0.7059333595529326,-0.00300394552391281,-0.019644745116535002,"[-2.93,-1.09]",1.0,1.1102230246251565e-16,"{""boundary"": 0, ""herding"": 0, ""kcenter"": 0, ""kmeans"": 80, ""marc"": 0, ""random"": 0}"
repeat5_0.25,representative4|marc_first|lcb=0|fb=kmeans|gap=0.05,80,0.7029294140290198,0.6913336735834094,herding,0.7059333595529326,-0.00300394552391281,-0.019644745116535002,"[-2.93,-1.09]",1.0,1.1102230246251565e-16,"{""boundary"": 0, ""herding"": 0, ""kcenter"": 0, ""kmeans"": 80, ""marc"": 0, ""random"": 0}"
repeat5_0.25,no_random|kmeans_first|lcb=0|fb=kmeans|gap=0.05,80,0.7029294140290198,0.6913336735834094,herding,0.7059333595529326,-0.00300394552391281,-0.019644745116535002,"[-2.93,-1.09]",1.0,0.0019523809523809832,"{""boundary"": 0, ""herding"": 0, ""kcenter"": 0, ""kmeans"": 80, ""marc"": 0, ""random"": 0}"
repeat5_0.25,centroid3|marc_first|lcb=0|fb=kmeans|gap=0.05,80,0.7029294140290198,0.6913336735834094,herding,0.7059333595529326,-0.00300394552391281,-0.019644745116535002,"[-2.93,-1.09]",1.0,0.0,"{""boundary"": 0, ""herding"": 0, ""kcenter"": 0, ""kmeans"": 80, ""marc"": 0, ""random"": 0}"
repeat5_0.25,centroid3|kmeans_first|lcb=0|fb=kmeans|gap=0.05,80,0.7029294140290198,0.6913336735834094,herding,0.7059333595529326,-0.00300394552391281,-0.019644745116535002,"[-2.93,-1.09]",1.0,0.0,"{""boundary"": 0, ""herding"": 0, ""kcenter"": 0, ""kmeans"": 80, ""marc"": 0, ""random"": 0}"
repeat5_0.25,representative4|herding_first|lcb=0|fb=kmeans|gap=0.05,80,0.7029294140290198,0.6913336735834094,herding,0.7059333595529326,-0.00300394552391281,-0.019644745116535002,"[-2.93,-1.09]",1.0,1.1102230246251565e-16,"{""boundary"": 0, ""herding"": 0, ""kcenter"": 0, ""kmeans"": 80, ""marc"": 0, ""random"": 0}"
repeat5_0.25,centroid3|herding_first|lcb=0|fb=kmeans|gap=0.05,80,0.7029294140290198,0.6913336735834094,herding,0.7059333595529326,-0.00300394552391281,-0.019644745116535002,"[-2.93,-1.09]",1.0,0.0,"{""boundary"": 0, ""herding"": 0, ""kcenter"": 0, ""kmeans"": 80, ""marc"": 0, ""random"": 0}"
repeat5_0.25,no_random|herding_first|lcb=0|fb=kmeans|gap=0.05,80,0.7029294140290198,0.6913336735834094,herding,0.7059333595529326,-0.00300394552391281,-0.019644745116535002,"[-2.93,-1.09]",1.0,0.0019523809523809832,"{""boundary"": 0, ""herding"": 0, ""kcenter"": 0, ""kmeans"": 80, ""marc"": 0, ""random"": 0}"
repeat5_0.25,no_random|default|lcb=0|fb=kmeans|gap=0.05,80,0.7029294140290198,0.6913336735834094,herding,0.7059333595529326,-0.00300394552391281,-0.019644745116535002,"[-2.93,-1.09]",1.0,0.0019523809523809832,"{""boundary"": 0, ""herding"": 0, ""kcenter"": 0, ""kmeans"": 80, ""marc"": 0, ""random"": 0}"
